Workbook

Sheet Gold_Dashboard
A1: داشبورد طلا و سکه
A2: ⚠️ داده‌های نمونه‌اند. ورودی‌ها را در شیت Gold_Input به‌روز کنید.
A4: ۱) قیمت‌ها و ارزش‌گذاری
A5: اونس جهانی (دلار) | B5: =GOLD_OZ -> 3400 | D5: شکاف دلار آزاد و نیمایی | E5: =IFERROR(USD_FREE/USD_NIMA-1,"") -> 0.31944444
A6: دلار آزاد (ریال) | B6: =USD_FREE -> 950000 | D6: نسبت طلا به نقره | E6: =IFERROR(GOLD_OZ/SILVER_OZ,"") -> 85
A7: سکه تمام — بازار | B7: =COIN_FULL -> 900000000 | D7: ارزش خام گرم ۱۸ عیار | E7: =Coin_Bubble!$E$9 -> 77885184
A8: سکه تمام — ارزش ذاتی | B8: =Coin_Bubble!$E$5 -> 7.6012824e+08 | D8: حباب گرم ۱۸ عیار | E8: =Coin_Bubble!$H$9 -> 0.052831826
A9: حباب سکه تمام | B9: =BUBBLE_FULL -> 0.18401074 | D9: حباب ربع سکه | E9: =Coin_Bubble!$H$7 -> 0.49974694
A11: ۲) روند قیمت سکه (از شیت Gold_History)
A12: آخرین ردیف داده | B12: =COUNT($A$5:$A$1204)+4 -> 4
A13: تاریخ آخرین داده | B13: =IFERROR(INDEX(Gold_History!$A$1:$A$1204,$B$12),"") -> -
A14: تاریخ شمسی | B14: =IFERROR(INDEX(Gold_History!$B$1:$B$1204,$B$12),"") -> -
A15: قیمت | B15: =IFERROR(INDEX(Gold_History!$C$1:$C$1204,$B$12),"") -> close
A16: بازده روز | B16: =IFERROR(INDEX(Gold_History!$H$1:$H$1204,$B$12),"") -> -
A17: MA کوتاه | B17: =IFERROR(INDEX(Gold_History!$I$1:$I$1204,$B$12),"") -> MA_SHORT
A18: MA میان‌مدت | B18: =IFERROR(INDEX(Gold_History!$J$1:$J$1204,$B$12),"") -> MA_MED
A19: MA بلند | B19: =IFERROR(INDEX(Gold_History!$K$1:$K$1204,$B$12),"") -> MA_LONG2
A20: نوسان سالانه | B20: =IFERROR(INDEX(Gold_History!$L$1:$L$1204,$B$12),"") -> -
A21: سقف ۶۰ روزه | B21: =IFERROR(INDEX(Gold_History!$M$1:$M$1204,$B$12),"") -> -
A22: کف ۶۰ روزه | B22: =IFERROR(INDEX(Gold_History!$N$1:$N$1204,$B$12),"") -> -
A23: افت از سقف | B23: =IFERROR(INDEX(Gold_History!$O$1:$O$1204,$B$12),"") -> -
A24: امتیاز روند (−۱۰ تا +۱۰) | B24: =IFERROR(MAX(-10,MIN(10,IF($B$15>$B$17,2.5,-2.5)+IF($B$15>$B$18,3.5,-3.5)+IF($B$15>$B$19,4,-4))),0) -> -10
A25: وضعیت روند | B25: =IF($B$24>=5,"صعودی قوی",IF($B$24>=2,"صعودی",IF($B$24<=-5,"نزولی قوی",IF($B$24<=-2,"نزولی","خنثی")))) -> نزولی قوی
A27: ۳) تفکیک بازده — این رشد از کجا آمده؟
A28: بازده کل ریالی | B28: =Coin_Bubble!$B$13 -> 0.8
A29: سهم طلای جهانی | B29: =Coin_Bubble!$B$14 -> 0.30769231
A30: سهم نرخ ارز | B30: =Coin_Bubble!$B$15 -> 0.58333333
A31: سهم تغییر حباب | B31: =Coin_Bubble!$B$18 -> -0.13065015
A33: اگر «سهم نرخ ارز» بزرگ‌ترین جزء باشد، این یک موقعیت ارزی است که لباس طلا پوشیده. حباب هم می‌تواند ماه‌ها بالا بماند — سنجه ارزش‌گذاری است، نه زمان‌بندی.

Sheet Asset_Signals
A1: سیگنال طلا و سکه
A2: همان انضباط سیگنال سهام، به‌علاوه یک بُعد که در سهام معادل ندارد: ارزش‌گذاری نسبی. حباب ۱۸٪ به‌تنهایی معنا ندارد — صدک آن در توزیع تاریخی معنا دارد.
A3: دارایی | B3: شیت تاریخچه | C3: ردیف آخر | D3: قیمت | E3: MA کوتاه | F3: MA میان‌مدت | G3: MA بلند | H3: MA زیر قیمت | I3: فاصله از MA میان | J3: بازده ۵ روزه | K3: بازده ۲۰ روزه | L3: بازده ۶۰ روزه | M3: نوسان سالانه | N3: میانه نوسان | O3: افت از سقف ۶۰ روزه | P3: سنجه ارزش‌گذاری | Q3: صدک ارزش‌گذاری | R3: امتیاز روند (T) | S3: امتیاز مومنتوم (M) | T3: امتیاز نوسان (V) | U3: امتیاز ارزش‌گذاری (P) | V3: امتیاز کل | W3: سیگنال | X3: قدرت | Y3: دلیل
A4: ورودی | B4: ورودی | C4: COUNT | D4: تاریخچه!C | E4: تاریخچه!I | F4: تاریخچه!J | G4: تاریخچه!K | H4: شمارش | I4: — | J4: — | K4: — | L4: — | M4: تاریخچه!L | N4: MEDIAN | O4: تاریخچه!O | P4: تاریخچه!P | Q4: تاریخچه!Q | R4: ±۱۰ | S4: ±۱۰ | T4: ±۱۰ | U4: ±۱۰ | V4: میانگین وزنی | W4: آستانه Settings | X4: ۱ تا ۵ | Y4: —
A5: سکه تمام بهار آزادی | B5: Gold_History | C5: =COUNT(INDIRECT($B5&"!$A$5:$A$5000"))+4 -> 504 | D5: =IFERROR(INDEX(INDIRECT($B5&"!$C:$C"),$C5),"") -> 1156997319 | E5: =IFERROR(INDEX(INDIRECT($B5&"!$I:$I"),$C5),"") -> 1.1485435e+09 | F5: =IFERROR(INDEX(INDIRECT($B5&"!$J:$J"),$C5),"") -> 1.1103131e+09 | G5: =IFERROR(INDEX(INDIRECT($B5&"!$K:$K"),$C5),"") -> 1.0161751e+09 | H5: =IF(NOT(ISNUMBER($D5)),"",IF($D5>$E5,1,0)+IF($D5>$F5,1,0)+IF($D5>$G5,1,0)) -> 3 | I5: =IFERROR($D5/$F5-1,"") -> 0.042045975 | J5: =IFERROR($D5/INDEX(INDIRECT($B5&"!$C:$C"),$C5-5)-1,"") -> -0.00065436043 | K5: =IFERROR($D5/INDEX(INDIRECT($B5&"!$C:$C"),$C5-20)-1,"") -> 0.04839504 | L5: =IFERROR($D5/INDEX(INDIRECT($B5&"!$C:$C"),$C5-60)-1,"") -> 0.082220785 | M5: =IFERROR(INDEX(INDIRECT($B5&"!$L:$L"),$C5),"") -> 0.17099498 | N5: =IFERROR(MEDIAN(INDIRECT($B5&"!$L$5:$L$5000")),"") -> 0.19417256 | O5: =IFERROR(INDEX(INDIRECT($B5&"!$O:$O"),$C5),"") -> -0.022630563 | P5: =IFERROR(IF(ISBLANK(INDEX(INDIRECT($B5&"!$P:$P"),$C5)),"",INDEX(INDIRECT($B5&"!$P:$P"),$C5)),"") | Q5: =IFERROR(IF(ISBLANK(INDEX(INDIRECT($B5&"!$Q:$Q"),$C5)),"",INDEX(INDIRECT($B5&"!$Q:$Q"),$C5)),"") | R5: =IF(NOT(ISNUMBER($D5)),0,IFERROR(MAX(-10,MIN(10,IF($D5>$E5,2.5,-2.5)+IF($D5>$F5,3.5,-3.5)+IF($D5>$G5,4,-4))),0)) -> 10 | S5: =IF(NOT(ISNUMBER($D5)),0,IFERROR(MAX(-10,MIN(10,IF($J5>0.02,2,IF($J5>0,1,IF($J5<-0.02,-2,-1)))+IF($K5>0.05,4,IF($K5>0,2,IF($K5<-0.05,-4,-2)))+IF($L5>0.1,4,IF($L5>0,2,IF($L5<-0.1,-4,-2))))),0)) -> 3 | T5: =IF(OR(NOT(ISNUMBER($M5)),NOT(ISNUMBER($N5)),$N5=0),0,IFERROR(MAX(-10,MIN(10,IF($M5/$N5>2,-6,IF($M5/$N5>1.4,-3,IF($M5/$N5<0.7,3,1))))),0)) -> 1 | U5: =IF(NOT(ISNUMBER($Q5)),0,IFERROR(MAX(-10,MIN(10,IF($Q5>=0.9,-8,IF($Q5>=0.75,-4,IF($Q5<=0.1,8,IF($Q5<=0.25,4,0)))))),0)) -> 0 | V5: =IF(NOT(ISNUMBER($D5)),"",IFERROR(($R5*AW_TREND+$S5*AW_MOM+$T5*AW_VOL+IF(ISNUMBER($Q5),$U5*AW_VAL,0))/(AW_TREND+AW_MOM+AW_VOL+IF(ISNUMBER($Q5),AW_VAL,0)),0)) -> 5.8666667 | W5: =IF(NOT(ISNUMBER($V5)),"",IF($V5>=TH_SBUY,"خرید قوی",IF($V5>=TH_BUY,"خرید",IF($V5<=TH_SSELL,"فروش قوی",IF($V5<=TH_SELL,"فروش","نگهداری"))))) -> خرید قوی | X5: =IF(NOT(ISNUMBER($V5)),"",IF(ABS($V5)>=8,5,IF(ABS($V5)>=5,4,IF(ABS($V5)>=3,3,IF(ABS($V5)>=1.5,2,1))))) -> 4 | Y5: =IF(NOT(ISNUMBER($D5)),"","روند: "&IF($R5>=5,"صعودی قوی",IF($R5>=2,"صعودی",IF($R5<=-5,"نزولی قوی",IF($R5<=-2,"نزولی","خنثی"))))&" | MA: "&$H5&"/3"&" | مومنتوم ۲۰ روزه: "&IFERROR(TEXT($K5,"0.0%"),"—")&" | نوسان: "&IFERROR(TEXT($M5,"0%"),"—")&" (میانه "&IFERROR(TEXT($N5,"0%"),"—")&")"&" | ارزش‌گذاری: صدک "&IFERROR(TEXT($Q5,"0%"),"—")) -> روند: صعودی قوی | MA: 3/3 | مومنتوم ۲۰ روزه: 4.8% | نوسان: 17% (میانه 19%) | ارزش‌گذاری: صدک
A6: طلای ۱۸ عیار | B6: Hist_Gram18 | C6: =COUNT(INDIRECT($B6&"!$A$5:$A$5000"))+4 -> 504 | D6: =IFERROR(INDEX(INDIRECT($B6&"!$C:$C"),$C6),"") -> 107465892 | E6: =IFERROR(INDEX(INDIRECT($B6&"!$I:$I"),$C6),"") -> 1.0420445e+08 | F6: =IFERROR(INDEX(INDIRECT($B6&"!$J:$J"),$C6),"") -> 1.0523274e+08 | G6: =IFERROR(INDEX(INDIRECT($B6&"!$K:$K"),$C6),"") -> 1.0971305e+08 | H6: =IF(NOT(ISNUMBER($D6)),"",IF($D6>$E6,1,0)+IF($D6>$F6,1,0)+IF($D6>$G6,1,0)) -> 2 | I6: =IFERROR($D6/$F6-1,"") -> 0.021221039 | J6: =IFERROR($D6/INDEX(INDIRECT($B6&"!$C:$C"),$C6-5)-1,"") -> 0.024098384 | K6: =IFERROR($D6/INDEX(INDIRECT($B6&"!$C:$C"),$C6-20)-1,"") -> 0.06168539 | L6: =IFERROR($D6/INDEX(INDIRECT($B6&"!$C:$C"),$C6-60)-1,"") -> -0.0019970388 | M6: =IFERROR(INDEX(INDIRECT($B6&"!$L:$L"),$C6),"") -> 0.13557378 | N6: =IFERROR(MEDIAN(INDIRECT($B6&"!$L$5:$L$5000")),"") -> 0.20399491 | O6: =IFERROR(INDEX(INDIRECT($B6&"!$O:$O"),$C6),"") -> -0.023761528 | P6: =IFERROR(IF(ISBLANK(INDEX(INDIRECT($B6&"!$P:$P"),$C6)),"",INDEX(INDIRECT($B6&"!$P:$P"),$C6)),"") | Q6: =IFERROR(IF(ISBLANK(INDEX(INDIRECT($B6&"!$Q:$Q"),$C6)),"",INDEX(INDIRECT($B6&"!$Q:$Q"),$C6)),"") | R6: =IF(NOT(ISNUMBER($D6)),0,IFERROR(MAX(-10,MIN(10,IF($D6>$E6,2.5,-2.5)+IF($D6>$F6,3.5,-3.5)+IF($D6>$G6,4,-4))),0)) -> 2 | S6: =IF(NOT(ISNUMBER($D6)),0,IFERROR(MAX(-10,MIN(10,IF($J6>0.02,2,IF($J6>0,1,IF($J6<-0.02,-2,-1)))+IF($K6>0.05,4,IF($K6>0,2,IF($K6<-0.05,-4,-2)))+IF($L6>0.1,4,IF($L6>0,2,IF($L6<-0.1,-4,-2))))),0)) -> 4 | T6: =IF(OR(NOT(ISNUMBER($M6)),NOT(ISNUMBER($N6)),$N6=0),0,IFERROR(MAX(-10,MIN(10,IF($M6/$N6>2,-6,IF($M6/$N6>1.4,-3,IF($M6/$N6<0.7,3,1))))),0)) -> 3 | U6: =IF(NOT(ISNUMBER($Q6)),0,IFERROR(MAX(-10,MIN(10,IF($Q6>=0.9,-8,IF($Q6>=0.75,-4,IF($Q6<=0.1,8,IF($Q6<=0.25,4,0)))))),0)) -> 0 | V6: =IF(NOT(ISNUMBER($D6)),"",IFERROR(($R6*AW_TREND+$S6*AW_MOM+$T6*AW_VOL+IF(ISNUMBER($Q6),$U6*AW_VAL,0))/(AW_TREND+AW_MOM+AW_VOL+IF(ISNUMBER($Q6),AW_VAL,0)),0)) -> 2.8666667 | W6: =IF(NOT(ISNUMBER($V6)),"",IF($V6>=TH_SBUY,"خرید قوی",IF($V6>=TH_BUY,"خرید",IF($V6<=TH_SSELL,"فروش قوی",IF($V6<=TH_SELL,"فروش","نگهداری"))))) -> خرید | X6: =IF(NOT(ISNUMBER($V6)),"",IF(ABS($V6)>=8,5,IF(ABS($V6)>=5,4,IF(ABS($V6)>=3,3,IF(ABS($V6)>=1.5,2,1))))) -> 2 | Y6: =IF(NOT(ISNUMBER($D6)),"","روند: "&IF($R6>=5,"صعودی قوی",IF($R6>=2,"صعودی",IF($R6<=-5,"نزولی قوی",IF($R6<=-2,"نزولی","خنثی"))))&" | MA: "&$H6&"/3"&" | مومنتوم ۲۰ روزه: "&IFERROR(TEXT($K6,"0.0%"),"—")&" | نوسان: "&IFERROR(TEXT($M6,"0%"),"—")&" (میانه "&IFERROR(TEXT($N6,"0%"),"—")&")"&" | ارزش‌گذاری: صدک "&IFERROR(TEXT($Q6,"0%"),"—")) -> روند: صعودی | MA: 2/3 | مومنتوم ۲۰ روزه: 6.2% | نوسان: 14% (میانه 20%) | ارزش‌گذاری: صدک
A7: اونس طلای جهانی | B7: Hist_Ons | C7: =COUNT(INDIRECT($B7&"!$A$5:$A$5000"))+4 -> 504 | D7: =IFERROR(INDEX(INDIRECT($B7&"!$C:$C"),$C7),"") -> 7916 | E7: =IFERROR(INDEX(INDIRECT($B7&"!$I:$I"),$C7),"") -> 7545.1 | F7: =IFERROR(INDEX(INDIRECT($B7&"!$J:$J"),$C7),"") -> 7360.68 | G7: =IFERROR(INDEX(INDIRECT($B7&"!$K:$K"),$C7),"") -> 6918.65 | H7: =IF(NOT(ISNUMBER($D7)),"",IF($D7>$E7,1,0)+IF($D7>$F7,1,0)+IF($D7>$G7,1,0)) -> 3 | I7: =IFERROR($D7/$F7-1,"") -> 0.075444117 | J7: =IFERROR($D7/INDEX(INDIRECT($B7&"!$C:$C"),$C7-5)-1,"") -> 0.019052523 | K7: =IFERROR($D7/INDEX(INDIRECT($B7&"!$C:$C"),$C7-20)-1,"") -> 0.10051439 | L7: =IFERROR($D7/INDEX(INDIRECT($B7&"!$C:$C"),$C7-60)-1,"") -> 0.062550336 | M7: =IFERROR(INDEX(INDIRECT($B7&"!$L:$L"),$C7),"") -> 0.16757102 | N7: =IFERROR(MEDIAN(INDIRECT($B7&"!$L$5:$L$5000")),"") -> 0.19495266 | O7: =IFERROR(INDEX(INDIRECT($B7&"!$O:$O"),$C7),"") -> -0.017012294 | P7: =IFERROR(IF(ISBLANK(INDEX(INDIRECT($B7&"!$P:$P"),$C7)),"",INDEX(INDIRECT($B7&"!$P:$P"),$C7)),"") | Q7: =IFERROR(IF(ISBLANK(INDEX(INDIRECT($B7&"!$Q:$Q"),$C7)),"",INDEX(INDIRECT($B7&"!$Q:$Q"),$C7)),"") | R7: =IF(NOT(ISNUMBER($D7)),0,IFERROR(MAX(-10,MIN(10,IF($D7>$E7,2.5,-2.5)+IF($D7>$F7,3.5,-3.5)+IF($D7>$G7,4,-4))),0)) -> 10 | S7: =IF(NOT(ISNUMBER($D7)),0,IFERROR(MAX(-10,MIN(10,IF($J7>0.02,2,IF($J7>0,1,IF($J7<-0.02,-2,-1)))+IF($K7>0.05,4,IF($K7>0,2,IF($K7<-0.05,-4,-2)))+IF($L7>0.1,4,IF($L7>0,2,IF($L7<-0.1,-4,-2))))),0)) -> 7 | T7: =IF(OR(NOT(ISNUMBER($M7)),NOT(ISNUMBER($N7)),$N7=0),0,IFERROR(MAX(-10,MIN(10,IF($M7/$N7>2,-6,IF($M7/$N7>1.4,-3,IF($M7/$N7<0.7,3,1))))),0)) -> 1 | U7: =IF(NOT(ISNUMBER($Q7)),0,IFERROR(MAX(-10,MIN(10,IF($Q7>=0.9,-8,IF($Q7>=0.75,-4,IF($Q7<=0.1,8,IF($Q7<=0.25,4,0)))))),0)) -> 0 | V7: =IF(NOT(ISNUMBER($D7)),"",IFERROR(($R7*AW_TREND+$S7*AW_MOM+$T7*AW_VOL+IF(ISNUMBER($Q7),$U7*AW_VAL,0))/(AW_TREND+AW_MOM+AW_VOL+IF(ISNUMBER($Q7),AW_VAL,0)),0)) -> 7.2 | W7: =IF(NOT(ISNUMBER($V7)),"",IF($V7>=TH_SBUY,"خرید قوی",IF($V7>=TH_BUY,"خرید",IF($V7<=TH_SSELL,"فروش قوی",IF($V7<=TH_SELL,"فروش","نگهداری"))))) -> خرید قوی | X7: =IF(NOT(ISNUMBER($V7)),"",IF(ABS($V7)>=8,5,IF(ABS($V7)>=5,4,IF(ABS($V7)>=3,3,IF(ABS($V7)>=1.5,2,1))))) -> 4 | Y7: =IF(NOT(ISNUMBER($D7)),"","روند: "&IF($R7>=5,"صعودی قوی",IF($R7>=2,"صعودی",IF($R7<=-5,"نزولی قوی",IF($R7<=-2,"نزولی","خنثی"))))&" | MA: "&$H7&"/3"&" | مومنتوم ۲۰ روزه: "&IFERROR(TEXT($K7,"0.0%"),"—")&" | نوسان: "&IFERROR(TEXT($M7,"0%"),"—")&" (میانه "&IFERROR(TEXT($N7,"0%"),"—")&")"&" | ارزش‌گذاری: صدک "&IFERROR(TEXT($Q7,"0%"),"—")) -> روند: صعودی قوی | MA: 3/3 | مومنتوم ۲۰ روزه: 10.1% | نوسان: 17% (میانه 19%) | ارزش‌گذاری: صدک
A9: سنجه ارزش‌گذاری برای سکه و گرم، حباب نسبت به ارزش ذاتی فلز است. برای اونس جهانی سنجه ارزش‌گذاری تعریف نشده — طلای جهانی «ارزش ذاتی» قابل‌محاسبه‌ای ندارد که بتوان با آن سنجید، پس امتیاز ارزش‌گذاری آن صفر می‌ماند.
A10: ستون «سنجه ارزش‌گذاری» را اسکریپت پایتون پر می‌کند، چون ساختن آن نیازمند هم‌تراز کردن چند سری زمانی با تاریخ‌های ناهمسان است — کاری که در اکسل شکننده می‌شود ولی در پایتون بدیهی است. صدک آن اما در اکسل حساب می‌شود تا با تغییر داده زنده به‌روز بماند.
A11: ⚠️ هیچ‌کدام از آستانه‌ها و وزن‌ها بک‌تست نشده‌اند. برای آزمودنشان روی سری واقعی: python -m timeframe backtest --csv <سری>.csv --name <دارایی>

Sheet Coin_Bubble
A1: ارزش ذاتی و حباب مسکوکات
A2: ارزش ذاتی یک محاسبه قطعی است: محتوای طلای خالص × قیمت جهانی × نرخ ارز. حباب همان اختلاف قیمت بازار با این عدد است.
A3: مسکوک | B3: وزن (گرم) | C3: عیار | D3: طلای خالص (گرم) | E3: ارزش ذاتی (ریال) | F3: قیمت بازار (ریال) | G3: حباب (ریال) | H3: حباب ٪
A4: - | B4: ورودی | C4: ورودی | D4: وزن × عیار | E4: GOLD_OZ · USD_FREE | F4: ورودی | G4: بازار − ذاتی | H4: ÷ ذاتی − ۱
A5: سکه تمام بهار آزادی | B5: 8.133 | C5: 0.9 | D5: =$B5*$C5 -> 7.3197 | E5: =$D5*(GOLD_OZ/31.1034768)*USD_FREE -> 7.6012824e+08 | F5: =COIN_FULL -> 900000000 | G5: =IFERROR($F5-$E5,"") -> 1.3987176e+08 | H5: =IFERROR($F5/$E5-1,"") -> 0.18401074
A6: نیم سکه | B6: 4.0665 | C6: 0.9 | D6: =$B6*$C6 -> 3.65985 | E6: =$D6*(GOLD_OZ/31.1034768)*USD_FREE -> 3.8006412e+08 | F6: =COIN_HALF -> 470000000 | G6: =IFERROR($F6-$E6,"") -> 89935881 | H6: =IFERROR($F6/$E6-1,"") -> 0.23663344
A7: ربع سکه | B7: 2.03325 | C7: 0.9 | D7: =$B7*$C7 -> 1.829925 | E7: =$D7*(GOLD_OZ/31.1034768)*USD_FREE -> 1.9003206e+08 | F7: =COIN_QTR -> 285000000 | G7: =IFERROR($F7-$E7,"") -> 94967941 | H7: =IFERROR($F7/$E7-1,"") -> 0.49974694
A8: سکه گرمی | B8: 1.0166 | C8: 0.9 | D8: =$B8*$C8 -> 0.91494 | E8: =$D8*(GOLD_OZ/31.1034768)*USD_FREE -> 95013693 | G8: =IFERROR($F8-$E8,"") -> -95013693 | H8: =IFERROR($F8/$E8-1,"") -> -1
A9: طلای ۱۸ عیار (هر گرم) | B9: 1 | C9: 0.75 | D9: =$B9*$C9 -> 0.75 | E9: =$D9*(GOLD_OZ/31.1034768)*USD_FREE -> 77885184 | F9: =GRAM_18K -> 82000000 | G9: =IFERROR($F9-$E9,"") -> 4114816.4 | H9: =IFERROR($F9/$E9-1,"") -> 0.052831826
A12: تفکیک بازده ریالی سکه به سه محرک
A13: بازده کل ریالی سکه | B13: =IFERROR(COIN_FULL/COIN_FULL_0-1,"") -> 0.8
A14: سهم طلای جهانی | B14: =IFERROR(GOLD_OZ/GOLD_OZ_0-1,"") -> 0.30769231
A15: سهم نرخ ارز | B15: =IFERROR(USD_FREE/USD_FREE_0-1,"") -> 0.58333333
A16: حباب مبنا | B16: =IFERROR(COIN_FULL_0/(7.3197*(GOLD_OZ_0/31.1034768)*USD_FREE_0)-1,"") -> 0.36194968
A17: حباب کنونی | B17: =IFERROR($H$5,"") -> 0.18401074
A18: سهم تغییر حباب | B18: =IFERROR((1+$B17)/(1+$B16)-1,"") -> -0.13065015
A19: کنترل صحت (باید با بازده کل یکی باشد) | B19: =IFERROR((1+$B14)*(1+$B15)*(1+$B18)-1,"") -> 0.8
A20: اختلاف کنترل با بازده کل | B20: =IFERROR($B19-$B13,"") -> 0
A22: چرا این تفکیک مهم است: رشد ریالی طلا در ایران اغلب اصلاً درباره طلا نیست. اگر «سهم نرخ ارز» بزرگ‌ترین جزء باشد، شما روی ریال شرط بسته‌اید، نه روی طلا.

Sheet Gold_Input
A1: ورودی‌های لحظه‌ای طلا
A2: سلول‌های زرد را پر کنید. همه محاسبات فایل از همین چند عدد می‌آیند.
A4: بازار جهانی
A5: اونس طلا (دلار) | B5: 3400 | C5: منبع: بازار جهانی
A6: اونس نقره (دلار) | B6: 40 | C6: اختیاری — برای نسبت طلا به نقره
A8: نرخ ارز
A9: دلار آزاد (ریال) | B9: 950000 | C9: نرخ بازار آزاد
A10: دلار نیمایی / مرجع (ریال) | B10: 720000 | C10: برای محاسبه شکاف
A12: قیمت بازار داخلی
A13: سکه تمام بهار آزادی (ریال) | B13: 900000000 | C13: قیمت بازار
A14: نیم سکه (ریال) | B14: 470000000
A15: ربع سکه (ریال) | B15: 285000000
A16: طلای ۱۸ عیار هر گرم (ریال) | B16: 82000000 | C16: شامل اجرت و مالیات
A18: مبنای مقایسه (برای تفکیک بازده)
A19: اونس در تاریخ مبنا (دلار) | B19: 2600 | C19: مثلاً ابتدای سال
A20: دلار در تاریخ مبنا (ریال) | B20: 600000
A21: سکه در تاریخ مبنا (ریال) | B21: 500000000
A23: ⚠️ اعداد بالا نمونه‌اند. قیمت واقعی روز را جایگزین کنید — همه خروجی‌های فایل مستقیماً از همین سلول‌ها می‌آیند.

Sheet Gold_History
A1: تاریخچه روزانه سکه تمام بهار آزادی
A2: ستون‌های A تا F ورودی؛ بقیه فرمول. ستون P (حباب) را اسکریپت پایتون پر می‌کند.
A3: تاریخ میلادی | B3: تاریخ شمسی | C3: قیمت | D3: بیشترین | E3: کمترین | F3: حجم / یادداشت | G3: شمارنده | H3: بازده روزانه | I3: MA کوتاه | J3: MA میان‌مدت | K3: MA بلند | L3: نوسان ۲۰ روزه (سالانه) | M3: سقف ۶۰ روزه | N3: کف ۶۰ روزه | O3: افت از سقف | P3: حباب سکه | Q3: صدک تاریخی سنجه
A4: - | B4: - | C4: close | D4: high | E4: low | F4: volume | G4: n | H4: - | I4: MA_SHORT | J4: MA_MED | K4: MA_LONG2 | L4: - | M4: - | N4: - | O4: - | P4: پایتون | Q4: PERCENTRANK
A5: 45570 | B5: 1403/07/14 | C5: 626838716 | D5: 630140094 | E5: 624944947 | F5: 0 | G5: =IF($A5="","",IF(ISNUMBER($G4),$G4+1,1)) -> 1 | H5: =IF(OR(NOT(ISNUMBER($G5)),$G5<2,NOT(ISNUMBER($C4)),$C4=0),"",$C5/$C4-1) | I5: =IF(AND(ISNUMBER($G5),$G5>=MA_SHORT),AVERAGE(INDEX($C$5:$C5,2-MA_SHORT):$C5),"") | J5: =IF(AND(ISNUMBER($G5),$G5>=MA_MED),AVERAGE(INDEX($C$5:$C5,2-MA_MED):$C5),"") | K5: =IF(AND(ISNUMBER($G5),$G5>=MA_LONG2),AVERAGE(INDEX($C$5:$C5,2-MA_LONG2):$C5),"") | L5: =IF(AND(ISNUMBER($G5),$G5>=21),STDEV(INDEX($H$5:$H5,2-20):$H5)*SQRT(245),"") | M5: =IF(AND(ISNUMBER($G5),$G5>=60),MAX(INDEX($D$5:$D5,2-60):$D5),"") | N5: =IF(AND(ISNUMBER($G5),$G5>=60),MIN(INDEX($E$5:$E5,2-60):$E5),"") | O5: =IF(OR(NOT(ISNUMBER($C5)),NOT(ISNUMBER($M5)),$M5=0),"",$C5/$M5-1) | Q5: =IF(NOT(ISNUMBER($P5)),"",IFERROR(PERCENTRANK($P$5:$P$1204,$P5),""))
A6: 45571 | B6: 1403/07/15 | C6: 620421683 | D6: 621354578 | E6: 616119534 | F6: 0 | G6: =IF($A6="","",IF(ISNUMBER($G5),$G5+1,1)) -> 2 | H6: =IF(OR(NOT(ISNUMBER($G6)),$G6<2,NOT(ISNUMBER($C5)),$C5=0),"",$C6/$C5-1) -> -0.010237136 | I6: =IF(AND(ISNUMBER($G6),$G6>=MA_SHORT),AVERAGE(INDEX($C$5:$C6,3-MA_SHORT):$C6),"") | J6: =IF(AND(ISNUMBER($G6),$G6>=MA_MED),AVERAGE(INDEX($C$5:$C6,3-MA_MED):$C6),"") | K6: =IF(AND(ISNUMBER($G6),$G6>=MA_LONG2),AVERAGE(INDEX($C$5:$C6,3-MA_LONG2):$C6),"") | L6: =IF(AND(ISNUMBER($G6),$G6>=21),STDEV(INDEX($H$5:$H6,3-20):$H6)*SQRT(245),"") | M6: =IF(AND(ISNUMBER($G6),$G6>=60),MAX(INDEX($D$5:$D6,3-60):$D6),"") | N6: =IF(AND(ISNUMBER($G6),$G6>=60),MIN(INDEX($E$5:$E6,3-60):$E6),"") | O6: =IF(OR(NOT(ISNUMBER($C6)),NOT(ISNUMBER($M6)),$M6=0),"",$C6/$M6-1) | Q6: =IF(NOT(ISNUMBER($P6)),"",IFERROR(PERCENTRANK($P$5:$P$1204,$P6),""))
A7: 45572 | B7: 1403/07/16 | C7: 624417457 | D7: 627215646 | E7: 622585500 | F7: 0 | G7: =IF($A7="","",IF(ISNUMBER($G6),$G6+1,1)) -> 3 | H7: =IF(OR(NOT(ISNUMBER($G7)),$G7<2,NOT(ISNUMBER($C6)),$C6=0),"",$C7/$C6-1) -> 0.0064404164 | I7: =IF(AND(ISNUMBER($G7),$G7>=MA_SHORT),AVERAGE(INDEX($C$5:$C7,4-MA_SHORT):$C7),"") | J7: =IF(AND(ISNUMBER($G7),$G7>=MA_MED),AVERAGE(INDEX($C$5:$C7,4-MA_MED):$C7),"") | K7: =IF(AND(ISNUMBER($G7),$G7>=MA_LONG2),AVERAGE(INDEX($C$5:$C7,4-MA_LONG2):$C7),"") | L7: =IF(AND(ISNUMBER($G7),$G7>=21),STDEV(INDEX($H$5:$H7,4-20):$H7)*SQRT(245),"") | M7: =IF(AND(ISNUMBER($G7),$G7>=60),MAX(INDEX($D$5:$D7,4-60):$D7),"") | N7: =IF(AND(ISNUMBER($G7),$G7>=60),MIN(INDEX($E$5:$E7,4-60):$E7),"") | O7: =IF(OR(NOT(ISNUMBER($C7)),NOT(ISNUMBER($M7)),$M7=0),"",$C7/$M7-1) | Q7: =IF(NOT(ISNUMBER($P7)),"",IFERROR(PERCENTRANK($P$5:$P$1204,$P7),""))
A8: 45573 | B8: 1403/07/17 | C8: 624789174 | D8: 627195417 | E8: 624741080 | F8: 0 | G8: =IF($A8="","",IF(ISNUMBER($G7),$G7+1,1)) -> 4 | H8: =IF(OR(NOT(ISNUMBER($G8)),$G8<2,NOT(ISNUMBER($C7)),$C7=0),"",$C8/$C7-1) -> 0.00059530206 | I8: =IF(AND(ISNUMBER($G8),$G8>=MA_SHORT),AVERAGE(INDEX($C$5:$C8,5-MA_SHORT):$C8),"") | J8: =IF(AND(ISNUMBER($G8),$G8>=MA_MED),AVERAGE(INDEX($C$5:$C8,5-MA_MED):$C8),"") | K8: =IF(AND(ISNUMBER($G8),$G8>=MA_LONG2),AVERAGE(INDEX($C$5:$C8,5-MA_LONG2):$C8),"") | L8: =IF(AND(ISNUMBER($G8),$G8>=21),STDEV(INDEX($H$5:$H8,5-20):$H8)*SQRT(245),"") | M8: =IF(AND(ISNUMBER($G8),$G8>=60),MAX(INDEX($D$5:$D8,5-60):$D8),"") | N8: =IF(AND(ISNUMBER($G8),$G8>=60),MIN(INDEX($E$5:$E8,5-60):$E8),"") | O8: =IF(OR(NOT(ISNUMBER($C8)),NOT(ISNUMBER($M8)),$M8=0),"",$C8/$M8-1) | Q8: =IF(NOT(ISNUMBER($P8)),"",IFERROR(PERCENTRANK($P$5:$P$1204,$P8),""))
A9: 45574 | B9: 1403/07/18 | C9: 622706145 | D9: 623188407 | E9: 622214574 | F9: 0 | G9: =IF($A9="","",IF(ISNUMBER($G8),$G8+1,1)) -> 5 | H9: =IF(OR(NOT(ISNUMBER($G9)),$G9<2,NOT(ISNUMBER($C8)),$C8=0),"",$C9/$C8-1) -> -0.003333971 | I9: =IF(AND(ISNUMBER($G9),$G9>=MA_SHORT),AVERAGE(INDEX($C$5:$C9,6-MA_SHORT):$C9),"") | J9: =IF(AND(ISNUMBER($G9),$G9>=MA_MED),AVERAGE(INDEX($C$5:$C9,6-MA_MED):$C9),"") | K9: =IF(AND(ISNUMBER($G9),$G9>=MA_LONG2),AVERAGE(INDEX($C$5:$C9,6-MA_LONG2):$C9),"") | L9: =IF(AND(ISNUMBER($G9),$G9>=21),STDEV(INDEX($H$5:$H9,6-20):$H9)*SQRT(245),"") | M9: =IF(AND(ISNUMBER($G9),$G9>=60),MAX(INDEX($D$5:$D9,6-60):$D9),"") | N9: =IF(AND(ISNUMBER($G9),$G9>=60),MIN(INDEX($E$5:$E9,6-60):$E9),"") | O9: =IF(OR(NOT(ISNUMBER($C9)),NOT(ISNUMBER($M9)),$M9=0),"",$C9/$M9-1) | Q9: =IF(NOT(ISNUMBER($P9)),"",IFERROR(PERCENTRANK($P$5:$P$1204,$P9),""))
A10: 45577 | B10: 1403/07/21 | C10: 617602030 | D10: 617680882 | E10: 616879688 | F10: 0 | G10: =IF($A10="","",IF(ISNUMBER($G9),$G9+1,1)) -> 6 | H10: =IF(OR(NOT(ISNUMBER($G10)),$G10<2,NOT(ISNUMBER($C9)),$C9=0),"",$C10/$C9-1) -> -0.0081966671 | I10: =IF(AND(ISNUMBER($G10),$G10>=MA_SHORT),AVERAGE(INDEX($C$5:$C10,7-MA_SHORT):$C10),"") | J10: =IF(AND(ISNUMBER($G10),$G10>=MA_MED),AVERAGE(INDEX($C$5:$C10,7-MA_MED):$C10),"") | K10: =IF(AND(ISNUMBER($G10),$G10>=MA_LONG2),AVERAGE(INDEX($C$5:$C10,7-MA_LONG2):$C10),"") | L10: =IF(AND(ISNUMBER($G10),$G10>=21),STDEV(INDEX($H$5:$H10,7-20):$H10)*SQRT(245),"") | M10: =IF(AND(ISNUMBER($G10),$G10>=60),MAX(INDEX($D$5:$D10,7-60):$D10),"") | N10: =IF(AND(ISNUMBER($G10),$G10>=60),MIN(INDEX($E$5:$E10,7-60):$E10),"") | O10: =IF(OR(NOT(ISNUMBER($C10)),NOT(ISNUMBER($M10)),$M10=0),"",$C10/$M10-1) | Q10: =IF(NOT(ISNUMBER($P10)),"",IFERROR(PERCENTRANK($P$5:$P$1204,$P10),""))
A11: 45578 | B11: 1403/07/22 | C11: 631310081 | D11: 631373473 | E11: 628839340 | F11: 0 | G11: =IF($A11="","",IF(ISNUMBER($G10),$G10+1,1)) -> 7 | H11: =IF(OR(NOT(ISNUMBER($G11)),$G11<2,NOT(ISNUMBER($C10)),$C10=0),"",$C11/$C10-1) -> 0.022195605 | I11: =IF(AND(ISNUMBER($G11),$G11>=MA_SHORT),AVERAGE(INDEX($C$5:$C11,8-MA_SHORT):$C11),"") | J11: =IF(AND(ISNUMBER($G11),$G11>=MA_MED),AVERAGE(INDEX($C$5:$C11,8-MA_MED):$C11),"") | K11: =IF(AND(ISNUMBER($G11),$G11>=MA_LONG2),AVERAGE(INDEX($C$5:$C11,8-MA_LONG2):$C11),"") | L11: =IF(AND(ISNUMBER($G11),$G11>=21),STDEV(INDEX($H$5:$H11,8-20):$H11)*SQRT(245),"") | M11: =IF(AND(ISNUMBER($G11),$G11>=60),MAX(INDEX($D$5:$D11,8-60):$D11),"") | N11: =IF(AND(ISNUMBER($G11),$G11>=60),MIN(INDEX($E$5:$E11,8-60):$E11),"") | O11: =IF(OR(NOT(ISNUMBER($C11)),NOT(ISNUMBER($M11)),$M11=0),"",$C11/$M11-1) | Q11: =IF(NOT(ISNUMBER($P11)),"",IFERROR(PERCENTRANK($P$5:$P$1204,$P11),""))
A12: 45579 | B12: 1403/07/23 | C12: 623852340 | D12: 626030304 | E12: 623378852 | F12: 0 | G12: =IF($A12="","",IF(ISNUMBER($G11),$G11+1,1)) -> 8 | H12: =IF(OR(NOT(ISNUMBER($G12)),$G12<2,NOT(ISNUMBER($C11)),$C11=0),"",$C12/$C11-1) -> -0.011813119 | I12: =IF(AND(ISNUMBER($G12),$G12>=MA_SHORT),AVERAGE(INDEX($C$5:$C12,9-MA_SHORT):$C12),"") | J12: =IF(AND(ISNUMBER($G12),$G12>=MA_MED),AVERAGE(INDEX($C$5:$C12,9-MA_MED):$C12),"") | K12: =IF(AND(ISNUMBER($G12),$G12>=MA_LONG2),AVERAGE(INDEX($C$5:$C12,9-MA_LONG2):$C12),"") | L12: =IF(AND(ISNUMBER($G12),$G12>=21),STDEV(INDEX($H$5:$H12,9-20):$H12)*SQRT(245),"") | M12: =IF(AND(ISNUMBER($G12),$G12>=60),MAX(INDEX($D$5:$D12,9-60):$D12),"") | N12: =IF(AND(ISNUMBER($G12),$G12>=60),MIN(INDEX($E$5:$E12,9-60):$E12),"") | O12: =IF(OR(NOT(ISNUMBER($C12)),NOT(ISNUMBER($M12)),$M12=0),"",$C12/$M12-1) | Q12: =IF(NOT(ISNUMBER($P12)),"",IFERROR(PERCENTRANK($P$5:$P$1204,$P12),""))
A13: 45580 | B13: 1403/07/24 | C13: 620390455 | D13: 620409390 | E13: 618118873 | F13: 0 | G13: =IF($A13="","",IF(ISNUMBER($G12),$G12+1,1)) -> 9 | H13: =IF(OR(NOT(ISNUMBER($G13)),$G13<2,NOT(ISNUMBER($C12)),$C12=0),"",$C13/$C12-1) -> -0.0055492058 | I13: =IF(AND(ISNUMBER($G13),$G13>=MA_SHORT),AVERAGE(INDEX($C$5:$C13,10-MA_SHORT):$C13),"") | J13: =IF(AND(ISNUMBER($G13),$G13>=MA_MED),AVERAGE(INDEX($C$5:$C13,10-MA_MED):$C13),"") | K13: =IF(AND(ISNUMBER($G13),$G13>=MA_LONG2),AVERAGE(INDEX($C$5:$C13,10-MA_LONG2):$C13),"") | L13: =IF(AND(ISNUMBER($G13),$G13>=21),STDEV(INDEX($H$5:$H13,10-20):$H13)*SQRT(245),"") | M13: =IF(AND(ISNUMBER($G13),$G13>=60),MAX(INDEX($D$5:$D13,10-60):$D13),"") | N13: =IF(AND(ISNUMBER($G13),$G13>=60),MIN(INDEX($E$5:$E13,10-60):$E13),"") | O13: =IF(OR(NOT(ISNUMBER($C13)),NOT(ISNUMBER($M13)),$M13=0),"",$C13/$M13-1) | Q13: =IF(NOT(ISNUMBER($P13)),"",IFERROR(PERCENTRANK($P$5:$P$1204,$P13),""))
A14: 45581 | B14: 1403/07/25 | C14: 618650370 | D14: 621220352 | E14: 614878295 | F14: 0 | G14: =IF($A14="","",IF(ISNUMBER($G13),$G13+1,1)) -> 10 | H14: =IF(OR(NOT(ISNUMBER($G14)),$G14<2,NOT(ISNUMBER($C13)),$C13=0),"",$C14/$C13-1) -> -0.0028048223 | I14: =IF(AND(ISNUMBER($G14),$G14>=MA_SHORT),AVERAGE(INDEX($C$5:$C14,11-MA_SHORT):$C14),"") | J14: =IF(AND(ISNUMBER($G14),$G14>=MA_MED),AVERAGE(INDEX($C$5:$C14,11-MA_MED):$C14),"") | K14: =IF(AND(ISNUMBER($G14),$G14>=MA_LONG2),AVERAGE(INDEX($C$5:$C14,11-MA_LONG2):$C14),"") | L14: =IF(AND(ISNUMBER($G14),$G14>=21),STDEV(INDEX($H$5:$H14,11-20):$H14)*SQRT(245),"") | M14: =IF(AND(ISNUMBER($G14),$G14>=60),MAX(INDEX($D$5:$D14,11-60):$D14),"") | N14: =IF(AND(ISNUMBER($G14),$G14>=60),MIN(INDEX($E$5:$E14,11-60):$E14),"") | O14: =IF(OR(NOT(ISNUMBER($C14)),NOT(ISNUMBER($M14)),$M14=0),"",$C14/$M14-1) | Q14: =IF(NOT(ISNUMBER($P14)),"",IFERROR(PERCENTRANK($P$5:$P$1204,$P14),""))
A15: 45584 | B15: 1403/07/28 | C15: 632260662 | D15: 636359153 | E15: 629193707 | F15: 0 | G15: =IF($A15="","",IF(ISNUMBER($G14),$G14+1,1)) -> 11 | H15: =IF(OR(NOT(ISNUMBER($G15)),$G15<2,NOT(ISNUMBER($C14)),$C14=0),"",$C15/$C14-1) -> 0.021999974 | I15: =IF(AND(ISNUMBER($G15),$G15>=MA_SHORT),AVERAGE(INDEX($C$5:$C15,12-MA_SHORT):$C15),"") | J15: =IF(AND(ISNUMBER($G15),$G15>=MA_MED),AVERAGE(INDEX($C$5:$C15,12-MA_MED):$C15),"") | K15: =IF(AND(ISNUMBER($G15),$G15>=MA_LONG2),AVERAGE(INDEX($C$5:$C15,12-MA_LONG2):$C15),"") | L15: =IF(AND(ISNUMBER($G15),$G15>=21),STDEV(INDEX($H$5:$H15,12-20):$H15)*SQRT(245),"") | M15: =IF(AND(ISNUMBER($G15),$G15>=60),MAX(INDEX($D$5:$D15,12-60):$D15),"") | N15: =IF(AND(ISNUMBER($G15),$G15>=60),MIN(INDEX($E$5:$E15,12-60):$E15),"") | O15: =IF(OR(NOT(ISNUMBER($C15)),NOT(ISNUMBER($M15)),$M15=0),"",$C15/$M15-1) | Q15: =IF(NOT(ISNUMBER($P15)),"",IFERROR(PERCENTRANK($P$5:$P$1204,$P15),""))
A16: 45585 | B16: 1403/07/29 | C16: 635853159 | D16: 637467624 | E16: 633409494 | F16: 0 | G16: =IF($A16="","",IF(ISNUMBER($G15),$G15+1,1)) -> 12 | H16: =IF(OR(NOT(ISNUMBER($G16)),$G16<2,NOT(ISNUMBER($C15)),$C15=0),"",$C16/$C15-1) -> 0.0056819872 | I16: =IF(AND(ISNUMBER($G16),$G16>=MA_SHORT),AVERAGE(INDEX($C$5:$C16,13-MA_SHORT):$C16),"") | J16: =IF(AND(ISNUMBER($G16),$G16>=MA_MED),AVERAGE(INDEX($C$5:$C16,13-MA_MED):$C16),"") | K16: =IF(AND(ISNUMBER($G16),$G16>=MA_LONG2),AVERAGE(INDEX($C$5:$C16,13-MA_LONG2):$C16),"") | L16: =IF(AND(ISNUMBER($G16),$G16>=21),STDEV(INDEX($H$5:$H16,13-20):$H16)*SQRT(245),"") | M16: =IF(AND(ISNUMBER($G16),$G16>=60),MAX(INDEX($D$5:$D16,13-60):$D16),"") | N16: =IF(AND(ISNUMBER($G16),$G16>=60),MIN(INDEX($E$5:$E16,13-60):$E16),"") | O16: =IF(OR(NOT(ISNUMBER($C16)),NOT(ISNUMBER($M16)),$M16=0),"",$C16/$M16-1) | Q16: =IF(NOT(ISNUMBER($P16)),"",IFERROR(PERCENTRANK($P$5:$P$1204,$P16),""))
A17: 45586 | B17: 1403/07/30 | C17: 637303526 | D17: 637950489 | E17: 636062214 | F17: 0 | G17: =IF($A17="","",IF(ISNUMBER($G16),$G16+1,1)) -> 13 | H17: =IF(OR(NOT(ISNUMBER($G17)),$G17<2,NOT(ISNUMBER($C16)),$C16=0),"",$C17/$C16-1) -> 0.0022809779 | I17: =IF(AND(ISNUMBER($G17),$G17>=MA_SHORT),AVERAGE(INDEX($C$5:$C17,14-MA_SHORT):$C17),"") | J17: =IF(AND(ISNUMBER($G17),$G17>=MA_MED),AVERAGE(INDEX($C$5:$C17,14-MA_MED):$C17),"") | K17: =IF(AND(ISNUMBER($G17),$G17>=MA_LONG2),AVERAGE(INDEX($C$5:$C17,14-MA_LONG2):$C17),"") | L17: =IF(AND(ISNUMBER($G17),$G17>=21),STDEV(INDEX($H$5:$H17,14-20):$H17)*SQRT(245),"") | M17: =IF(AND(ISNUMBER($G17),$G17>=60),MAX(INDEX($D$5:$D17,14-60):$D17),"") | N17: =IF(AND(ISNUMBER($G17),$G17>=60),MIN(INDEX($E$5:$E17,14-60):$E17),"") | O17: =IF(OR(NOT(ISNUMBER($C17)),NOT(ISNUMBER($M17)),$M17=0),"",$C17/$M17-1) | Q17: =IF(NOT(ISNUMBER($P17)),"",IFERROR(PERCENTRANK($P$5:$P$1204,$P17),""))
A18: 45587 | B18: 1403/08/01 | C18: 633352131 | D18: 633679591 | E18: 631650592 | F18: 0 | G18: =IF($A18="","",IF(ISNUMBER($G17),$G17+1,1)) -> 14 | H18: =IF(OR(NOT(ISNUMBER($G18)),$G18<2,NOT(ISNUMBER($C17)),$C17=0),"",$C18/$C17-1) -> -0.0062001775 | I18: =IF(AND(ISNUMBER($G18),$G18>=MA_SHORT),AVERAGE(INDEX($C$5:$C18,15-MA_SHORT):$C18),"") | J18: =IF(AND(ISNUMBER($G18),$G18>=MA_MED),AVERAGE(INDEX($C$5:$C18,15-MA_MED):$C18),"") | K18: =IF(AND(ISNUMBER($G18),$G18>=MA_LONG2),AVERAGE(INDEX($C$5:$C18,15-MA_LONG2):$C18),"") | L18: =IF(AND(ISNUMBER($G18),$G18>=21),STDEV(INDEX($H$5:$H18,15-20):$H18)*SQRT(245),"") | M18: =IF(AND(ISNUMBER($G18),$G18>=60),MAX(INDEX($D$5:$D18,15-60):$D18),"") | N18: =IF(AND(ISNUMBER($G18),$G18>=60),MIN(INDEX($E$5:$E18,15-60):$E18),"") | O18: =IF(OR(NOT(ISNUMBER($C18)),NOT(ISNUMBER($M18)),$M18=0),"",$C18/$M18-1) | Q18: =IF(NOT(ISNUMBER($P18)),"",IFERROR(PERCENTRANK($P$5:$P$1204,$P18),""))
A19: 45588 | B19: 1403/08/02 | C19: 651030125 | D19: 652105753 | E19: 650897125 | F19: 0 | G19: =IF($A19="","",IF(ISNUMBER($G18),$G18+1,1)) -> 15 | H19: =IF(OR(NOT(ISNUMBER($G19)),$G19<2,NOT(ISNUMBER($C18)),$C18=0),"",$C19/$C18-1) -> 0.027911794 | I19: =IF(AND(ISNUMBER($G19),$G19>=MA_SHORT),AVERAGE(INDEX($C$5:$C19,16-MA_SHORT):$C19),"") | J19: =IF(AND(ISNUMBER($G19),$G19>=MA_MED),AVERAGE(INDEX($C$5:$C19,16-MA_MED):$C19),"") | K19: =IF(AND(ISNUMBER($G19),$G19>=MA_LONG2),AVERAGE(INDEX($C$5:$C19,16-MA_LONG2):$C19),"") | L19: =IF(AND(ISNUMBER($G19),$G19>=21),STDEV(INDEX($H$5:$H19,16-20):$H19)*SQRT(245),"") | M19: =IF(AND(ISNUMBER($G19),$G19>=60),MAX(INDEX($D$5:$D19,16-60):$D19),"") | N19: =IF(AND(ISNUMBER($G19),$G19>=60),MIN(INDEX($E$5:$E19,16-60):$E19),"") | O19: =IF(OR(NOT(ISNUMBER($C19)),NOT(ISNUMBER($M19)),$M19=0),"",$C19/$M19-1) | Q19: =IF(NOT(ISNUMBER($P19)),"",IFERROR(PERCENTRANK($P$5:$P$1204,$P19),""))
A20: 45591 | B20: 1403/08/05 | C20: 637265592 | D20: 640869489 | E20: 635261693 | F20: 0 | G20: =IF($A20="","",IF(ISNUMBER($G19),$G19+1,1)) -> 16 | H20: =IF(OR(NOT(ISNUMBER($G20)),$G20<2,NOT(ISNUMBER($C19)),$C19=0),"",$C20/$C19-1) -> -0.021142698 | I20: =IF(AND(ISNUMBER($G20),$G20>=MA_SHORT),AVERAGE(INDEX($C$5:$C20,17-MA_SHORT):$C20),"") | J20: =IF(AND(ISNUMBER($G20),$G20>=MA_MED),AVERAGE(INDEX($C$5:$C20,17-MA_MED):$C20),"") | K20: =IF(AND(ISNUMBER($G20),$G20>=MA_LONG2),AVERAGE(INDEX($C$5:$C20,17-MA_LONG2):$C20),"") | L20: =IF(AND(ISNUMBER($G20),$G20>=21),STDEV(INDEX($H$5:$H20,17-20):$H20)*SQRT(245),"") | M20: =IF(AND(ISNUMBER($G20),$G20>=60),MAX(INDEX($D$5:$D20,17-60):$D20),"") | N20: =IF(AND(ISNUMBER($G20),$G20>=60),MIN(INDEX($E$5:$E20,17-60):$E20),"") | O20: =IF(OR(NOT(ISNUMBER($C20)),NOT(ISNUMBER($M20)),$M20=0),"",$C20/$M20-1) | Q20: =IF(NOT(ISNUMBER($P20)),"",IFERROR(PERCENTRANK($P$5:$P$1204,$P20),""))
A21: 45592 | B21: 1403/08/06 | C21: 644606995 | D21: 646647680 | E21: 643803172 | F21: 0 | G21: =IF($A21="","",IF(ISNUMBER($G20),$G20+1,1)) -> 17 | H21: =IF(OR(NOT(ISNUMBER($G21)),$G21<2,NOT(ISNUMBER($C20)),$C20=0),"",$C21/$C20-1) -> 0.011520162 | I21: =IF(AND(ISNUMBER($G21),$G21>=MA_SHORT),AVERAGE(INDEX($C$5:$C21,18-MA_SHORT):$C21),"") | J21: =IF(AND(ISNUMBER($G21),$G21>=MA_MED),AVERAGE(INDEX($C$5:$C21,18-MA_MED):$C21),"") | K21: =IF(AND(ISNUMBER($G21),$G21>=MA_LONG2),AVERAGE(INDEX($C$5:$C21,18-MA_LONG2):$C21),"") | L21: =IF(AND(ISNUMBER($G21),$G21>=21),STDEV(INDEX($H$5:$H21,18-20):$H21)*SQRT(245),"") | M21: =IF(AND(ISNUMBER($G21),$G21>=60),MAX(INDEX($D$5:$D21,18-60):$D21),"") | N21: =IF(AND(ISNUMBER($G21),$G21>=60),MIN(INDEX($E$5:$E21,18-60):$E21),"") | O21: =IF(OR(NOT(ISNUMBER($C21)),NOT(ISNUMBER($M21)),$M21=0),"",$C21/$M21-1) | Q21: =IF(NOT(ISNUMBER($P21)),"",IFERROR(PERCENTRANK($P$5:$P$1204,$P21),""))
A22: 45593 | B22: 1403/08/07 | C22: 640216798 | D22: 644958753 | E22: 637731468 | F22: 0 | G22: =IF($A22="","",IF(ISNUMBER($G21),$G21+1,1)) -> 18 | H22: =IF(OR(NOT(ISNUMBER($G22)),$G22<2,NOT(ISNUMBER($C21)),$C21=0),"",$C22/$C21-1) -> -0.0068106568 | I22: =IF(AND(ISNUMBER($G22),$G22>=MA_SHORT),AVERAGE(INDEX($C$5:$C22,19-MA_SHORT):$C22),"") | J22: =IF(AND(ISNUMBER($G22),$G22>=MA_MED),AVERAGE(INDEX($C$5:$C22,19-MA_MED):$C22),"") | K22: =IF(AND(ISNUMBER($G22),$G22>=MA_LONG2),AVERAGE(INDEX($C$5:$C22,19-MA_LONG2):$C22),"") | L22: =IF(AND(ISNUMBER($G22),$G22>=21),STDEV(INDEX($H$5:$H22,19-20):$H22)*SQRT(245),"") | M22: =IF(AND(ISNUMBER($G22),$G22>=60),MAX(INDEX($D$5:$D22,19-60):$D22),"") | N22: =IF(AND(ISNUMBER($G22),$G22>=60),MIN(INDEX($E$5:$E22,19-60):$E22),"") | O22: =IF(OR(NOT(ISNUMBER($C22)),NOT(ISNUMBER($M22)),$M22=0),"",$C22/$M22-1) | Q22: =IF(NOT(ISNUMBER($P22)),"",IFERROR(PERCENTRANK($P$5:$P$1204,$P22),""))
A23: 45594 | B23: 1403/08/08 | C23: 634103994 | D23: 635404835 | E23: 631715968 | F23: 0 | G23: =IF($A23="","",IF(ISNUMBER($G22),$G22+1,1)) -> 19 | H23: =IF(OR(NOT(ISNUMBER($G23)),$G23<2,NOT(ISNUMBER($C22)),$C22=0),"",$C23/$C22-1) -> -0.0095480219 | I23: =IF(AND(ISNUMBER($G23),$G23>=MA_SHORT),AVERAGE(INDEX($C$5:$C23,20-MA_SHORT):$C23),"") | J23: =IF(AND(ISNUMBER($G23),$G23>=MA_MED),AVERAGE(INDEX($C$5:$C23,20-MA_MED):$C23),"") | K23: =IF(AND(ISNUMBER($G23),$G23>=MA_LONG2),AVERAGE(INDEX($C$5:$C23,20-MA_LONG2):$C23),"") | L23: =IF(AND(ISNUMBER($G23),$G23>=21),STDEV(INDEX($H$5:$H23,20-20):$H23)*SQRT(245),"") | M23: =IF(AND(ISNUMBER($G23),$G23>=60),MAX(INDEX($D$5:$D23,20-60):$D23),"") | N23: =IF(AND(ISNUMBER($G23),$G23>=60),MIN(INDEX($E$5:$E23,20-60):$E23),"") | O23: =IF(OR(NOT(ISNUMBER($C23)),NOT(ISNUMBER($M23)),$M23=0),"",$C23/$M23-1) | Q23: =IF(NOT(ISNUMBER($P23)),"",IFERROR(PERCENTRANK($P$5:$P$1204,$P23),""))
A24: 45595 | B24: 1403/08/09 | C24: 637125355 | D24: 639643641 | E24: 637043723 | F24: 0 | G24: =IF($A24="","",IF(ISNUMBER($G23),$G23+1,1)) -> 20 | H24: =IF(OR(NOT(ISNUMBER($G24)),$G24<2,NOT(ISNUMBER($C23)),$C23=0),"",$C24/$C23-1) -> 0.0047647721 | I24: =IF(AND(ISNUMBER($G24),$G24>=MA_SHORT),AVERAGE(INDEX($C$5:$C24,21-MA_SHORT):$C24),"") -> 6.3070484e+08 | J24: =IF(AND(ISNUMBER($G24),$G24>=MA_MED),AVERAGE(INDEX($C$5:$C24,21-MA_MED):$C24),"") | K24: =IF(AND(ISNUMBER($G24),$G24>=MA_LONG2),AVERAGE(INDEX($C$5:$C24,21-MA_LONG2):$C24),"") | L24: =IF(AND(ISNUMBER($G24),$G24>=21),STDEV(INDEX($H$5:$H24,21-20):$H24)*SQRT(245),"") | M24: =IF(AND(ISNUMBER($G24),$G24>=60),MAX(INDEX($D$5:$D24,21-60):$D24),"") | N24: =IF(AND(ISNUMBER($G24),$G24>=60),MIN(INDEX($E$5:$E24,21-60):$E24),"") | O24: =IF(OR(NOT(ISNUMBER($C24)),NOT(ISNUMBER($M24)),$M24=0),"",$C24/$M24-1) | Q24: =IF(NOT(ISNUMBER($P24)),"",IFERROR(PERCENTRANK($P$5:$P$1204,$P24),""))
A25: 45598 | B25: 1403/08/12 | C25: 641311840 | D25: 641502330 | E25: 639706632 | F25: 0 | G25: =IF($A25="","",IF(ISNUMBER($G24),$G24+1,1)) -> 21 | H25: =IF(OR(NOT(ISNUMBER($G25)),$G25<2,NOT(ISNUMBER($C24)),$C24=0),"",$C25/$C24-1) -> 0.0065708969 | I25: =IF(AND(ISNUMBER($G25),$G25>=MA_SHORT),AVERAGE(INDEX($C$5:$C25,22-MA_SHORT):$C25),"") -> 6.314285e+08 | J25: =IF(AND(ISNUMBER($G25),$G25>=MA_MED),AVERAGE(INDEX($C$5:$C25,22-MA_MED):$C25),"") | K25: =IF(AND(ISNUMBER($G25),$G25>=MA_LONG2),AVERAGE(INDEX($C$5:$C25,22-MA_LONG2):$C25),"") | L25: =IF(AND(ISNUMBER($G25),$G25>=21),STDEV(INDEX($H$5:$H25,22-20):$H25)*SQRT(245),"") -> 0.19630097 | M25: =IF(AND(ISNUMBER($G25),$G25>=60),MAX(INDEX($D$5:$D25,22-60):$D25),"") | N25: =IF(AND(ISNUMBER($G25),$G25>=60),MIN(INDEX($E$5:$E25,22-60):$E25),"") | O25: =IF(OR(NOT(ISNUMBER($C25)),NOT(ISNUMBER($M25)),$M25=0),"",$C25/$M25-1) | Q25: =IF(NOT(ISNUMBER($P25)),"",IFERROR(PERCENTRANK($P$5:$P$1204,$P25),""))
A26: 45599 | B26: 1403/08/13 | C26: 616216450 | D26: 619082365 | E26: 616144601 | F26: 0 | G26: =IF($A26="","",IF(ISNUMBER($G25),$G25+1,1)) -> 22 | H26: =IF(OR(NOT(ISNUMBER($G26)),$G26<2,NOT(ISNUMBER($C25)),$C25=0),"",$C26/$C25-1) -> -0.039131337 | I26: =IF(AND(ISNUMBER($G26),$G26>=MA_SHORT),AVERAGE(INDEX($C$5:$C26,23-MA_SHORT):$C26),"") -> 6.3121823e+08 | J26: =IF(AND(ISNUMBER($G26),$G26>=MA_MED),AVERAGE(INDEX($C$5:$C26,23-MA_MED):$C26),"") | K26: =IF(AND(ISNUMBER($G26),$G26>=MA_LONG2),AVERAGE(INDEX($C$5:$C26,23-MA_LONG2):$C26),"") | L26: =IF(AND(ISNUMBER($G26),$G26>=21),STDEV(INDEX($H$5:$H26,23-20):$H26)*SQRT(245),"") -> 0.23936579 | M26: =IF(AND(ISNUMBER($G26),$G26>=60),MAX(INDEX($D$5:$D26,23-60):$D26),"") | N26: =IF(AND(ISNUMBER($G26),$G26>=60),MIN(INDEX($E$5:$E26,23-60):$E26),"") | O26: =IF(OR(NOT(ISNUMBER($C26)),NOT(ISNUMBER($M26)),$M26=0),"",$C26/$M26-1) | Q26: =IF(NOT(ISNUMBER($P26)),"",IFERROR(PERCENTRANK($P$5:$P$1204,$P26),""))
A27: 45600 | B27: 1403/08/14 | C27: 604129498 | D27: 605379975 | E27: 603550631 | F27: 0 | G27: =IF($A27="","",IF(ISNUMBER($G26),$G26+1,1)) -> 23 | H27: =IF(OR(NOT(ISNUMBER($G27)),$G27<2,NOT(ISNUMBER($C26)),$C26=0),"",$C27/$C26-1) -> -0.019614783 | I27: =IF(AND(ISNUMBER($G27),$G27>=MA_SHORT),AVERAGE(INDEX($C$5:$C27,24-MA_SHORT):$C27),"") -> 630203836 | J27: =IF(AND(ISNUMBER($G27),$G27>=MA_MED),AVERAGE(INDEX($C$5:$C27,24-MA_MED):$C27),"") | K27: =IF(AND(ISNUMBER($G27),$G27>=MA_LONG2),AVERAGE(INDEX($C$5:$C27,24-MA_LONG2):$C27),"") | L27: =IF(AND(ISNUMBER($G27),$G27>=21),STDEV(INDEX($H$5:$H27,24-20):$H27)*SQRT(245),"") -> 0.24724693 | M27: =IF(AND(ISNUMBER($G27),$G27>=60),MAX(INDEX($D$5:$D27,24-60):$D27),"") | N27: =IF(AND(ISNUMBER($G27),$G27>=60),MIN(INDEX($E$5:$E27,24-60):$E27),"") | O27: =IF(OR(NOT(ISNUMBER($C27)),NOT(ISNUMBER($M27)),$M27=0),"",$C27/$M27-1) | Q27: =IF(NOT(ISNUMBER($P27)),"",IFERROR(PERCENTRANK($P$5:$P$1204,$P27),""))
A28: 45601 | B28: 1403/08/15 | C28: 615269021 | D28: 618490724 | E28: 614075019 | F28: 0 | G28: =IF($A28="","",IF(ISNUMBER($G27),$G27+1,1)) -> 24 | H28: =IF(OR(NOT(ISNUMBER($G28)),$G28<2,NOT(ISNUMBER($C27)),$C27=0),"",$C28/$C27-1) -> 0.018438966 | I28: =IF(AND(ISNUMBER($G28),$G28>=MA_SHORT),AVERAGE(INDEX($C$5:$C28,25-MA_SHORT):$C28),"") -> 6.2972783e+08 | J28: =IF(AND(ISNUMBER($G28),$G28>=MA_MED),AVERAGE(INDEX($C$5:$C28,25-MA_MED):$C28),"") | K28: =IF(AND(ISNUMBER($G28),$G28>=MA_LONG2),AVERAGE(INDEX($C$5:$C28,25-MA_LONG2):$C28),"") | L28: =IF(AND(ISNUMBER($G28),$G28>=21),STDEV(INDEX($H$5:$H28,25-20):$H28)*SQRT(245),"") -> 0.25692405 | M28: =IF(AND(ISNUMBER($G28),$G28>=60),MAX(INDEX($D$5:$D28,25-60):$D28),"") | N28: =IF(AND(ISNUMBER($G28),$G28>=60),MIN(INDEX($E$5:$E28,25-60):$E28),"") | O28: =IF(OR(NOT(ISNUMBER($C28)),NOT(ISNUMBER($M28)),$M28=0),"",$C28/$M28-1) | Q28: =IF(NOT(ISNUMBER($P28)),"",IFERROR(PERCENTRANK($P$5:$P$1204,$P28),""))
A29: 45602 | B29: 1403/08/16 | C29: 617883526 | D29: 619251828 | E29: 614610898 | F29: 0 | G29: =IF($A29="","",IF(ISNUMBER($G28),$G28+1,1)) -> 25 | H29: =IF(OR(NOT(ISNUMBER($G29)),$G29<2,NOT(ISNUMBER($C28)),$C28=0),"",$C29/$C28-1) -> 0.0042493688 | I29: =IF(AND(ISNUMBER($G29),$G29>=MA_SHORT),AVERAGE(INDEX($C$5:$C29,26-MA_SHORT):$C29),"") -> 6.294867e+08 | J29: =IF(AND(ISNUMBER($G29),$G29>=MA_MED),AVERAGE(INDEX($C$5:$C29,26-MA_MED):$C29),"") | K29: =IF(AND(ISNUMBER($G29),$G29>=MA_LONG2),AVERAGE(INDEX($C$5:$C29,26-MA_LONG2):$C29),"") | L29: =IF(AND(ISNUMBER($G29),$G29>=21),STDEV(INDEX($H$5:$H29,26-20):$H29)*SQRT(245),"") -> 0.25726907 | M29: =IF(AND(ISNUMBER($G29),$G29>=60),MAX(INDEX($D$5:$D29,26-60):$D29),"") | N29: =IF(AND(ISNUMBER($G29),$G29>=60),MIN(INDEX($E$5:$E29,26-60):$E29),"") | O29: =IF(OR(NOT(ISNUMBER($C29)),NOT(ISNUMBER($M29)),$M29=0),"",$C29/$M29-1) | Q29: =IF(NOT(ISNUMBER($P29)),"",IFERROR(PERCENTRANK($P$5:$P$1204,$P29),""))
A30: 45605 | B30: 1403/08/19 | C30: 633431119 | D30: 635380345 | E30: 630624546 | F30: 0 | G30: =IF($A30="","",IF(ISNUMBER($G29),$G29+1,1)) -> 26 | H30: =IF(OR(NOT(ISNUMBER($G30)),$G30<2,NOT(ISNUMBER($C29)),$C29=0),"",$C30/$C29-1) -> 0.02516266 | I30: =IF(AND(ISNUMBER($G30),$G30>=MA_SHORT),AVERAGE(INDEX($C$5:$C30,27-MA_SHORT):$C30),"") -> 6.3027815e+08 | J30: =IF(AND(ISNUMBER($G30),$G30>=MA_MED),AVERAGE(INDEX($C$5:$C30,27-MA_MED):$C30),"") | K30: =IF(AND(ISNUMBER($G30),$G30>=MA_LONG2),AVERAGE(INDEX($C$5:$C30,27-MA_LONG2):$C30),"") | L30: =IF(AND(ISNUMBER($G30),$G30>=21),STDEV(INDEX($H$5:$H30,27-20):$H30)*SQRT(245),"") -> 0.27016944 | M30: =IF(AND(ISNUMBER($G30),$G30>=60),MAX(INDEX($D$5:$D30,27-60):$D30),"") | N30: =IF(AND(ISNUMBER($G30),$G30>=60),MIN(INDEX($E$5:$E30,27-60):$E30),"") | O30: =IF(OR(NOT(ISNUMBER($C30)),NOT(ISNUMBER($M30)),$M30=0),"",$C30/$M30-1) | Q30: =IF(NOT(ISNUMBER($P30)),"",IFERROR(PERCENTRANK($P$5:$P$1204,$P30),""))
A31: 45606 | B31: 1403/08/20 | C31: 632662194 | D31: 633769817 | E31: 628411969 | F31: 0 | G31: =IF($A31="","",IF(ISNUMBER($G30),$G30+1,1)) -> 27 | H31: =IF(OR(NOT(ISNUMBER($G31)),$G31<2,NOT(ISNUMBER($C30)),$C30=0),"",$C31/$C30-1) -> -0.0012139047 | I31: =IF(AND(ISNUMBER($G31),$G31>=MA_SHORT),AVERAGE(INDEX($C$5:$C31,28-MA_SHORT):$C31),"") -> 6.3034576e+08 | J31: =IF(AND(ISNUMBER($G31),$G31>=MA_MED),AVERAGE(INDEX($C$5:$C31,28-MA_MED):$C31),"") | K31: =IF(AND(ISNUMBER($G31),$G31>=MA_LONG2),AVERAGE(INDEX($C$5:$C31,28-MA_LONG2):$C31),"") | L31: =IF(AND(ISNUMBER($G31),$G31>=21),STDEV(INDEX($H$5:$H31,28-20):$H31)*SQRT(245),"") -> 0.25914241 | M31: =IF(AND(ISNUMBER($G31),$G31>=60),MAX(INDEX($D$5:$D31,28-60):$D31),"") | N31: =IF(AND(ISNUMBER($G31),$G31>=60),MIN(INDEX($E$5:$E31,28-60):$E31),"") | O31: =IF(OR(NOT(ISNUMBER($C31)),NOT(ISNUMBER($M31)),$M31=0),"",$C31/$M31-1) | Q31: =IF(NOT(ISNUMBER($P31)),"",IFERROR(PERCENTRANK($P$5:$P$1204,$P31),""))
A32: 45607 | B32: 1403/08/21 | C32: 639275580 | D32: 639694350 | E32: 636832524 | F32: 0 | G32: =IF($A32="","",IF(ISNUMBER($G31),$G31+1,1)) -> 28 | H32: =IF(OR(NOT(ISNUMBER($G32)),$G32<2,NOT(ISNUMBER($C31)),$C31=0),"",$C32/$C31-1) -> 0.010453266 | I32: =IF(AND(ISNUMBER($G32),$G32>=MA_SHORT),AVERAGE(INDEX($C$5:$C32,29-MA_SHORT):$C32),"") -> 6.3111692e+08 | J32: =IF(AND(ISNUMBER($G32),$G32>=MA_MED),AVERAGE(INDEX($C$5:$C32,29-MA_MED):$C32),"") | K32: =IF(AND(ISNUMBER($G32),$G32>=MA_LONG2),AVERAGE(INDEX($C$5:$C32,29-MA_LONG2):$C32),"") | L32: =IF(AND(ISNUMBER($G32),$G32>=21),STDEV(INDEX($H$5:$H32,29-20):$H32)*SQRT(245),"") -> 0.25750384 | M32: =IF(AND(ISNUMBER($G32),$G32>=60),MAX(INDEX($D$5:$D32,29-60):$D32),"") | N32: =IF(AND(ISNUMBER($G32),$G32>=60),MIN(INDEX($E$5:$E32,29-60):$E32),"") | O32: =IF(OR(NOT(ISNUMBER($C32)),NOT(ISNUMBER($M32)),$M32=0),"",$C32/$M32-1) | Q32: =IF(NOT(ISNUMBER($P32)),"",IFERROR(PERCENTRANK($P$5:$P$1204,$P32),""))
A33: 45608 | B33: 1403/08/22 | C33: 634778073 | D33: 638260286 | E33: 629631198 | F33: 0 | G33: =IF($A33="","",IF(ISNUMBER($G32),$G32+1,1)) -> 29 | H33: =IF(OR(NOT(ISNUMBER($G33)),$G33<2,NOT(ISNUMBER($C32)),$C32=0),"",$C33/$C32-1) -> -0.007035318 | I33: =IF(AND(ISNUMBER($G33),$G33>=MA_SHORT),AVERAGE(INDEX($C$5:$C33,30-MA_SHORT):$C33),"") -> 6.318363e+08 | J33: =IF(AND(ISNUMBER($G33),$G33>=MA_MED),AVERAGE(INDEX($C$5:$C33,30-MA_MED):$C33),"") | K33: =IF(AND(ISNUMBER($G33),$G33>=MA_LONG2),AVERAGE(INDEX($C$5:$C33,30-MA_LONG2):$C33),"") | L33: =IF(AND(ISNUMBER($G33),$G33>=21),STDEV(INDEX($H$5:$H33,30-20):$H33)*SQRT(245),"") -> 0.25806925 | M33: =IF(AND(ISNUMBER($G33),$G33>=60),MAX(INDEX($D$5:$D33,30-60):$D33),"") | N33: =IF(AND(ISNUMBER($G33),$G33>=60),MIN(INDEX($E$5:$E33,30-60):$E33),"") | O33: =IF(OR(NOT(ISNUMBER($C33)),NOT(ISNUMBER($M33)),$M33=0),"",$C33/$M33-1) | Q33: =IF(NOT(ISNUMBER($P33)),"",IFERROR(PERCENTRANK($P$5:$P$1204,$P33),""))
A34: 45609 | B34: 1403/08/23 | C34: 622985857 | D34: 629235422 | E34: 618853324 | F34: 0 | G34: =IF($A34="","",IF(ISNUMBER($G33),$G33+1,1)) -> 30 | H34: =IF(OR(NOT(ISNUMBER($G34)),$G34<2,NOT(ISNUMBER($C33)),$C33=0),"",$C34/$C33-1) -> -0.018576911 | I34: =IF(AND(ISNUMBER($G34),$G34>=MA_SHORT),AVERAGE(INDEX($C$5:$C34,31-MA_SHORT):$C34),"") -> 6.3205307e+08 | J34: =IF(AND(ISNUMBER($G34),$G34>=MA_MED),AVERAGE(INDEX($C$5:$C34,31-MA_MED):$C34),"") | K34: =IF(AND(ISNUMBER($G34),$G34>=MA_LONG2),AVERAGE(INDEX($C$5:$C34,31-MA_LONG2):$C34),"") | L34: =IF(AND(ISNUMBER($G34),$G34>=21),STDEV(INDEX($H$5:$H34,31-20):$H34)*SQRT(245),"") -> 0.26703407 | M34: =IF(AND(ISNUMBER($G34),$G34>=60),MAX(INDEX($D$5:$D34,31-60):$D34),"") | N34: =IF(AND(ISNUMBER($G34),$G34>=60),MIN(INDEX($E$5:$E34,31-60):$E34),"") | O34: =IF(OR(NOT(ISNUMBER($C34)),NOT(ISNUMBER($M34)),$M34=0),"",$C34/$M34-1) | Q34: =IF(NOT(ISNUMBER($P34)),"",IFERROR(PERCENTRANK($P$5:$P$1204,$P34),""))
A35: 45612 | B35: 1403/08/26 | C35: 634052831 | D35: 634866159 | E35: 631864735 | F35: 0 | G35: =IF($A35="","",IF(ISNUMBER($G34),$G34+1,1)) -> 31 | H35: =IF(OR(NOT(ISNUMBER($G35)),$G35<2,NOT(ISNUMBER($C34)),$C34=0),"",$C35/$C34-1) -> 0.017764406 | I35: =IF(AND(ISNUMBER($G35),$G35>=MA_SHORT),AVERAGE(INDEX($C$5:$C35,32-MA_SHORT):$C35),"") -> 6.3214268e+08 | J35: =IF(AND(ISNUMBER($G35),$G35>=MA_MED),AVERAGE(INDEX($C$5:$C35,32-MA_MED):$C35),"") | K35: =IF(AND(ISNUMBER($G35),$G35>=MA_LONG2),AVERAGE(INDEX($C$5:$C35,32-MA_LONG2):$C35),"") | L35: =IF(AND(ISNUMBER($G35),$G35>=21),STDEV(INDEX($H$5:$H35,32-20):$H35)*SQRT(245),"") -> 0.26301548 | M35: =IF(AND(ISNUMBER($G35),$G35>=60),MAX(INDEX($D$5:$D35,32-60):$D35),"") | N35: =IF(AND(ISNUMBER($G35),$G35>=60),MIN(INDEX($E$5:$E35,32-60):$E35),"") | O35: =IF(OR(NOT(ISNUMBER($C35)),NOT(ISNUMBER($M35)),$M35=0),"",$C35/$M35-1) | Q35: =IF(NOT(ISNUMBER($P35)),"",IFERROR(PERCENTRANK($P$5:$P$1204,$P35),""))
A36: 45613 | B36: 1403/08/27 | C36: 628207170 | D36: 629550922 | E36: 626872843 | F36: 0 | G36: =IF($A36="","",IF(ISNUMBER($G35),$G35+1,1)) -> 32 | H36: =IF(OR(NOT(ISNUMBER($G36)),$G36<2,NOT(ISNUMBER($C35)),$C35=0),"",$C36/$C35-1) -> -0.0092195172 | I36: =IF(AND(ISNUMBER($G36),$G36>=MA_SHORT),AVERAGE(INDEX($C$5:$C36,33-MA_SHORT):$C36),"") -> 6.3176038e+08 | J36: =IF(AND(ISNUMBER($G36),$G36>=MA_MED),AVERAGE(INDEX($C$5:$C36,33-MA_MED):$C36),"") | K36: =IF(AND(ISNUMBER($G36),$G36>=MA_LONG2),AVERAGE(INDEX($C$5:$C36,33-MA_LONG2):$C36),"") | L36: =IF(AND(ISNUMBER($G36),$G36>=21),STDEV(INDEX($H$5:$H36,33-20):$H36)*SQRT(245),"") -> 0.26423454 | M36: =IF(AND(ISNUMBER($G36),$G36>=60),MAX(INDEX($D$5:$D36,33-60):$D36),"") | N36: =IF(AND(ISNUMBER($G36),$G36>=60),MIN(INDEX($E$5:$E36,33-60):$E36),"") | O36: =IF(OR(NOT(ISNUMBER($C36)),NOT(ISNUMBER($M36)),$M36=0),"",$C36/$M36-1) | Q36: =IF(NOT(ISNUMBER($P36)),"",IFERROR(PERCENTRANK($P$5:$P$1204,$P36),""))
A37: 45614 | B37: 1403/08/28 | C37: 632233861 | D37: 633290397 | E37: 628086366 | F37: 0 | G37: =IF($A37="","",IF(ISNUMBER($G36),$G36+1,1)) -> 33 | H37: =IF(OR(NOT(ISNUMBER($G37)),$G37<2,NOT(ISNUMBER($C36)),$C36=0),"",$C37/$C36-1) -> 0.0064098138 | I37: =IF(AND(ISNUMBER($G37),$G37>=MA_SHORT),AVERAGE(INDEX($C$5:$C37,34-MA_SHORT):$C37),"") -> 6.315069e+08 | J37: =IF(AND(ISNUMBER($G37),$G37>=MA_MED),AVERAGE(INDEX($C$5:$C37,34-MA_MED):$C37),"") | K37: =IF(AND(ISNUMBER($G37),$G37>=MA_LONG2),AVERAGE(INDEX($C$5:$C37,34-MA_LONG2):$C37),"") | L37: =IF(AND(ISNUMBER($G37),$G37>=21),STDEV(INDEX($H$5:$H37,34-20):$H37)*SQRT(245),"") -> 0.26518204 | M37: =IF(AND(ISNUMBER($G37),$G37>=60),MAX(INDEX($D$5:$D37,34-60):$D37),"") | N37: =IF(AND(ISNUMBER($G37),$G37>=60),MIN(INDEX($E$5:$E37,34-60):$E37),"") | O37: =IF(OR(NOT(ISNUMBER($C37)),NOT(ISNUMBER($M37)),$M37=0),"",$C37/$M37-1) | Q37: =IF(NOT(ISNUMBER($P37)),"",IFERROR(PERCENTRANK($P$5:$P$1204,$P37),""))
A38: 45615 | B38: 1403/08/29 | C38: 639077133 | D38: 639516836 | E38: 636173154 | F38: 0 | G38: =IF($A38="","",IF(ISNUMBER($G37),$G37+1,1)) -> 34 | H38: =IF(OR(NOT(ISNUMBER($G38)),$G38<2,NOT(ISNUMBER($C37)),$C37=0),"",$C38/$C37-1) -> 0.010823957 | I38: =IF(AND(ISNUMBER($G38),$G38>=MA_SHORT),AVERAGE(INDEX($C$5:$C38,35-MA_SHORT):$C38),"") -> 6.3179315e+08 | J38: =IF(AND(ISNUMBER($G38),$G38>=MA_MED),AVERAGE(INDEX($C$5:$C38,35-MA_MED):$C38),"") | K38: =IF(AND(ISNUMBER($G38),$G38>=MA_LONG2),AVERAGE(INDEX($C$5:$C38,35-MA_LONG2):$C38),"") | L38: =IF(AND(ISNUMBER($G38),$G38>=21),STDEV(INDEX($H$5:$H38,35-20):$H38)*SQRT(245),"") -> 0.2669548 | M38: =IF(AND(ISNUMBER($G38),$G38>=60),MAX(INDEX($D$5:$D38,35-60):$D38),"") | N38: =IF(AND(ISNUMBER($G38),$G38>=60),MIN(INDEX($E$5:$E38,35-60):$E38),"") | O38: =IF(OR(NOT(ISNUMBER($C38)),NOT(ISNUMBER($M38)),$M38=0),"",$C38/$M38-1) | Q38: =IF(NOT(ISNUMBER($P38)),"",IFERROR(PERCENTRANK($P$5:$P$1204,$P38),""))
A39: 45616 | B39: 1403/08/30 | C39: 641066058 | D39: 641783185 | E39: 640959765 | F39: 0 | G39: =IF($A39="","",IF(ISNUMBER($G38),$G38+1,1)) -> 35 | H39: =IF(OR(NOT(ISNUMBER($G39)),$G39<2,NOT(ISNUMBER($C38)),$C38=0),"",$C39/$C38-1) -> 0.003112183 | I39: =IF(AND(ISNUMBER($G39),$G39>=MA_SHORT),AVERAGE(INDEX($C$5:$C39,36-MA_SHORT):$C39),"") -> 6.3129495e+08 | J39: =IF(AND(ISNUMBER($G39),$G39>=MA_MED),AVERAGE(INDEX($C$5:$C39,36-MA_MED):$C39),"") | K39: =IF(AND(ISNUMBER($G39),$G39>=MA_LONG2),AVERAGE(INDEX($C$5:$C39,36-MA_LONG2):$C39),"") | L39: =IF(AND(ISNUMBER($G39),$G39>=21),STDEV(INDEX($H$5:$H39,36-20):$H39)*SQRT(245),"") -> 0.24763675 | M39: =IF(AND(ISNUMBER($G39),$G39>=60),MAX(INDEX($D$5:$D39,36-60):$D39),"") | N39: =IF(AND(ISNUMBER($G39),$G39>=60),MIN(INDEX($E$5:$E39,36-60):$E39),"") | O39: =IF(OR(NOT(ISNUMBER($C39)),NOT(ISNUMBER($M39)),$M39=0),"",$C39/$M39-1) | Q39: =IF(NOT(ISNUMBER($P39)),"",IFERROR(PERCENTRANK($P$5:$P$1204,$P39),""))
A40: 45619 | B40: 1403/09/03 | C40: 648529979 | D40: 649918363 | E40: 647761604 | F40: 0 | G40: =IF($A40="","",IF(ISNUMBER($G39),$G39+1,1)) -> 36 | H40: =IF(OR(NOT(ISNUMBER($G40)),$G40<2,NOT(ISNUMBER($C39)),$C39=0),"",$C40/$C39-1) -> 0.011642983 | I40: =IF(AND(ISNUMBER($G40),$G40>=MA_SHORT),AVERAGE(INDEX($C$5:$C40,37-MA_SHORT):$C40),"") -> 6.3185817e+08 | J40: =IF(AND(ISNUMBER($G40),$G40>=MA_MED),AVERAGE(INDEX($C$5:$C40,37-MA_MED):$C40),"") | K40: =IF(AND(ISNUMBER($G40),$G40>=MA_LONG2),AVERAGE(INDEX($C$5:$C40,37-MA_LONG2):$C40),"") | L40: =IF(AND(ISNUMBER($G40),$G40>=21),STDEV(INDEX($H$5:$H40,37-20):$H40)*SQRT(245),"") -> 0.23909278 | M40: =IF(AND(ISNUMBER($G40),$G40>=60),MAX(INDEX($D$5:$D40,37-60):$D40),"") | N40: =IF(AND(ISNUMBER($G40),$G40>=60),MIN(INDEX($E$5:$E40,37-60):$E40),"") | O40: =IF(OR(NOT(ISNUMBER($C40)),NOT(ISNUMBER($M40)),$M40=0),"",$C40/$M40-1) | Q40: =IF(NOT(ISNUMBER($P40)),"",IFERROR(PERCENTRANK($P$5:$P$1204,$P40),""))
A41: 45620 | B41: 1403/09/04 | C41: 656054744 | D41: 657062314 | E41: 649998219 | F41: 0 | G41: =IF($A41="","",IF(ISNUMBER($G40),$G40+1,1)) -> 37 | H41: =IF(OR(NOT(ISNUMBER($G41)),$G41<2,NOT(ISNUMBER($C40)),$C40=0),"",$C41/$C40-1) -> 0.011602802 | I41: =IF(AND(ISNUMBER($G41),$G41>=MA_SHORT),AVERAGE(INDEX($C$5:$C41,38-MA_SHORT):$C41),"") -> 6.3243055e+08 | J41: =IF(AND(ISNUMBER($G41),$G41>=MA_MED),AVERAGE(INDEX($C$5:$C41,38-MA_MED):$C41),"") | K41: =IF(AND(ISNUMBER($G41),$G41>=MA_LONG2),AVERAGE(INDEX($C$5:$C41,38-MA_LONG2):$C41),"") | L41: =IF(AND(ISNUMBER($G41),$G41>=21),STDEV(INDEX($H$5:$H41,38-20):$H41)*SQRT(245),"") -> 0.2391399 | M41: =IF(AND(ISNUMBER($G41),$G41>=60),MAX(INDEX($D$5:$D41,38-60):$D41),"") | N41: =IF(AND(ISNUMBER($G41),$G41>=60),MIN(INDEX($E$5:$E41,38-60):$E41),"") | O41: =IF(OR(NOT(ISNUMBER($C41)),NOT(ISNUMBER($M41)),$M41=0),"",$C41/$M41-1) | Q41: =IF(NOT(ISNUMBER($P41)),"",IFERROR(PERCENTRANK($P$5:$P$1204,$P41),""))
A42: 45621 | B42: 1403/09/05 | C42: 642181987 | D42: 642258504 | E42: 639249787 | F42: 0 | G42: =IF($A42="","",IF(ISNUMBER($G41),$G41+1,1)) -> 38 | H42: =IF(OR(NOT(ISNUMBER($G42)),$G42<2,NOT(ISNUMBER($C41)),$C41=0),"",$C42/$C41-1) -> -0.021145731 | I42: =IF(AND(ISNUMBER($G42),$G42>=MA_SHORT),AVERAGE(INDEX($C$5:$C42,39-MA_SHORT):$C42),"") -> 6.3252881e+08 | J42: =IF(AND(ISNUMBER($G42),$G42>=MA_MED),AVERAGE(INDEX($C$5:$C42,39-MA_MED):$C42),"") | K42: =IF(AND(ISNUMBER($G42),$G42>=MA_LONG2),AVERAGE(INDEX($C$5:$C42,39-MA_LONG2):$C42),"") | L42: =IF(AND(ISNUMBER($G42),$G42>=21),STDEV(INDEX($H$5:$H42,39-20):$H42)*SQRT(245),"") -> 0.25017972 | M42: =IF(AND(ISNUMBER($G42),$G42>=60),MAX(INDEX($D$5:$D42,39-60):$D42),"") | N42: =IF(AND(ISNUMBER($G42),$G42>=60),MIN(INDEX($E$5:$E42,39-60):$E42),"") | O42: =IF(OR(NOT(ISNUMBER($C42)),NOT(ISNUMBER($M42)),$M42=0),"",$C42/$M42-1) | Q42: =IF(NOT(ISNUMBER($P42)),"",IFERROR(PERCENTRANK($P$5:$P$1204,$P42),""))
A43: 45622 | B43: 1403/09/06 | C43: 642466461 | D43: 648958191 | E43: 638369692 | F43: 0 | G43: =IF($A43="","",IF(ISNUMBER($G42),$G42+1,1)) -> 39 | H43: =IF(OR(NOT(ISNUMBER($G43)),$G43<2,NOT(ISNUMBER($C42)),$C42=0),"",$C43/$C42-1) -> 0.00044298035 | I43: =IF(AND(ISNUMBER($G43),$G43>=MA_SHORT),AVERAGE(INDEX($C$5:$C43,40-MA_SHORT):$C43),"") -> 6.3294694e+08 | J43: =IF(AND(ISNUMBER($G43),$G43>=MA_MED),AVERAGE(INDEX($C$5:$C43,40-MA_MED):$C43),"") | K43: =IF(AND(ISNUMBER($G43),$G43>=MA_LONG2),AVERAGE(INDEX($C$5:$C43,40-MA_LONG2):$C43),"") | L43: =IF(AND(ISNUMBER($G43),$G43>=21),STDEV(INDEX($H$5:$H43,40-20):$H43)*SQRT(245),"") -> 0.24755106 | M43: =IF(AND(ISNUMBER($G43),$G43>=60),MAX(INDEX($D$5:$D43,40-60):$D43),"") | N43: =IF(AND(ISNUMBER($G43),$G43>=60),MIN(INDEX($E$5:$E43,40-60):$E43),"") | O43: =IF(OR(NOT(ISNUMBER($C43)),NOT(ISNUMBER($M43)),$M43=0),"",$C43/$M43-1) | Q43: =IF(NOT(ISNUMBER($P43)),"",IFERROR(PERCENTRANK($P$5:$P$1204,$P43),""))
A44: 45623 | B44: 1403/09/07 | C44: 640881999 | D44: 642624127 | E44: 640568924 | F44: 0 | G44: =IF($A44="","",IF(ISNUMBER($G43),$G43+1,1)) -> 40 | H44: =IF(OR(NOT(ISNUMBER($G44)),$G44<2,NOT(ISNUMBER($C43)),$C43=0),"",$C44/$C43-1) -> -0.0024662175 | I44: =IF(AND(ISNUMBER($G44),$G44>=MA_SHORT),AVERAGE(INDEX($C$5:$C44,41-MA_SHORT):$C44),"") -> 6.3313477e+08 | J44: =IF(AND(ISNUMBER($G44),$G44>=MA_MED),AVERAGE(INDEX($C$5:$C44,41-MA_MED):$C44),"") | K44: =IF(AND(ISNUMBER($G44),$G44>=MA_LONG2),AVERAGE(INDEX($C$5:$C44,41-MA_LONG2):$C44),"") | L44: =IF(AND(ISNUMBER($G44),$G44>=21),STDEV(INDEX($H$5:$H44,41-20):$H44)*SQRT(245),"") -> 0.24734194 | M44: =IF(AND(ISNUMBER($G44),$G44>=60),MAX(INDEX($D$5:$D44,41-60):$D44),"") | N44: =IF(AND(ISNUMBER($G44),$G44>=60),MIN(INDEX($E$5:$E44,41-60):$E44),"") | O44: =IF(OR(NOT(ISNUMBER($C44)),NOT(ISNUMBER($M44)),$M44=0),"",$C44/$M44-1) | Q44: =IF(NOT(ISNUMBER($P44)),"",IFERROR(PERCENTRANK($P$5:$P$1204,$P44),""))
A45: 45626 | B45: 1403/09/10 | C45: 649272014 | D45: 653203973 | E45: 646682494 | F45: 0 | G45: =IF($A45="","",IF(ISNUMBER($G44),$G44+1,1)) -> 41 | H45: =IF(OR(NOT(ISNUMBER($G45)),$G45<2,NOT(ISNUMBER($C44)),$C44=0),"",$C45/$C44-1) -> 0.013091357 | I45: =IF(AND(ISNUMBER($G45),$G45>=MA_SHORT),AVERAGE(INDEX($C$5:$C45,42-MA_SHORT):$C45),"") -> 6.3353278e+08 | J45: =IF(AND(ISNUMBER($G45),$G45>=MA_MED),AVERAGE(INDEX($C$5:$C45,42-MA_MED):$C45),"") | K45: =IF(AND(ISNUMBER($G45),$G45>=MA_LONG2),AVERAGE(INDEX($C$5:$C45,42-MA_LONG2):$C45),"") | L45: =IF(AND(ISNUMBER($G45),$G45>=21),STDEV(INDEX($H$5:$H45,42-20):$H45)*SQRT(245),"") -> 0.25046812 | M45: =IF(AND(ISNUMBER($G45),$G45>=60),MAX(INDEX($D$5:$D45,42-60):$D45),"") | N45: =IF(AND(ISNUMBER($G45),$G45>=60),MIN(INDEX($E$5:$E45,42-60):$E45),"") | O45: =IF(OR(NOT(ISNUMBER($C45)),NOT(ISNUMBER($M45)),$M45=0),"",$C45/$M45-1) | Q45: =IF(NOT(ISNUMBER($P45)),"",IFERROR(PERCENTRANK($P$5:$P$1204,$P45),""))
A46: 45627 | B46: 1403/09/11 | C46: 642096609 | D46: 645126051 | E46: 640578897 | F46: 0 | G46: =IF($A46="","",IF(ISNUMBER($G45),$G45+1,1)) -> 42 | H46: =IF(OR(NOT(ISNUMBER($G46)),$G46<2,NOT(ISNUMBER($C45)),$C45=0),"",$C46/$C45-1) -> -0.011051462 | I46: =IF(AND(ISNUMBER($G46),$G46>=MA_SHORT),AVERAGE(INDEX($C$5:$C46,43-MA_SHORT):$C46),"") -> 6.3482679e+08 | J46: =IF(AND(ISNUMBER($G46),$G46>=MA_MED),AVERAGE(INDEX($C$5:$C46,43-MA_MED):$C46),"") | K46: =IF(AND(ISNUMBER($G46),$G46>=MA_LONG2),AVERAGE(INDEX($C$5:$C46,43-MA_LONG2):$C46),"") | L46: =IF(AND(ISNUMBER($G46),$G46>=21),STDEV(INDEX($H$5:$H46,43-20):$H46)*SQRT(245),"") -> 0.20861458 | M46: =IF(AND(ISNUMBER($G46),$G46>=60),MAX(INDEX($D$5:$D46,43-60):$D46),"") | N46: =IF(AND(ISNUMBER($G46),$G46>=60),MIN(INDEX($E$5:$E46,43-60):$E46),"") | O46: =IF(OR(NOT(ISNUMBER($C46)),NOT(ISNUMBER($M46)),$M46=0),"",$C46/$M46-1) | Q46: =IF(NOT(ISNUMBER($P46)),"",IFERROR(PERCENTRANK($P$5:$P$1204,$P46),""))
A47: 45628 | B47: 1403/09/12 | C47: 646860503 | D47: 648662054 | E47: 644829268 | F47: 0 | G47: =IF($A47="","",IF(ISNUMBER($G46),$G46+1,1)) -> 43 | H47: =IF(OR(NOT(ISNUMBER($G47)),$G47<2,NOT(ISNUMBER($C46)),$C46=0),"",$C47/$C46-1) -> 0.0074192792 | I47: =IF(AND(ISNUMBER($G47),$G47>=MA_SHORT),AVERAGE(INDEX($C$5:$C47,44-MA_SHORT):$C47),"") -> 6.3696334e+08 | J47: =IF(AND(ISNUMBER($G47),$G47>=MA_MED),AVERAGE(INDEX($C$5:$C47,44-MA_MED):$C47),"") | K47: =IF(AND(ISNUMBER($G47),$G47>=MA_LONG2),AVERAGE(INDEX($C$5:$C47,44-MA_LONG2):$C47),"") | L47: =IF(AND(ISNUMBER($G47),$G47>=21),STDEV(INDEX($H$5:$H47,44-20):$H47)*SQRT(245),"") -> 0.19314 | M47: =IF(AND(ISNUMBER($G47),$G47>=60),MAX(INDEX($D$5:$D47,44-60):$D47),"") | N47: =IF(AND(ISNUMBER($G47),$G47>=60),MIN(INDEX($E$5:$E47,44-60):$E47),"") | O47: =IF(OR(NOT(ISNUMBER($C47)),NOT(ISNUMBER($M47)),$M47=0),"",$C47/$M47-1) | Q47: =IF(NOT(ISNUMBER($P47)),"",IFERROR(PERCENTRANK($P$5:$P$1204,$P47),""))
A48: 45629 | B48: 1403/09/13 | C48: 645996008 | D48: 646038427 | E48: 645627819 | F48: 0 | G48: =IF($A48="","",IF(ISNUMBER($G47),$G47+1,1)) -> 44 | H48: =IF(OR(NOT(ISNUMBER($G48)),$G48<2,NOT(ISNUMBER($C47)),$C47=0),"",$C48/$C47-1) -> -0.0013364473 | I48: =IF(AND(ISNUMBER($G48),$G48>=MA_SHORT),AVERAGE(INDEX($C$5:$C48,45-MA_SHORT):$C48),"") -> 6.3849969e+08 | J48: =IF(AND(ISNUMBER($G48),$G48>=MA_MED),AVERAGE(INDEX($C$5:$C48,45-MA_MED):$C48),"") | K48: =IF(AND(ISNUMBER($G48),$G48>=MA_LONG2),AVERAGE(INDEX($C$5:$C48,45-MA_LONG2):$C48),"") | L48: =IF(AND(ISNUMBER($G48),$G48>=21),STDEV(INDEX($H$5:$H48,45-20):$H48)*SQRT(245),"") -> 0.18566736 | M48: =IF(AND(ISNUMBER($G48),$G48>=60),MAX(INDEX($D$5:$D48,45-60):$D48),"") | N48: =IF(AND(ISNUMBER($G48),$G48>=60),MIN(INDEX($E$5:$E48,45-60):$E48),"") | O48: =IF(OR(NOT(ISNUMBER($C48)),NOT(ISNUMBER($M48)),$M48=0),"",$C48/$M48-1) | Q48: =IF(NOT(ISNUMBER($P48)),"",IFERROR(PERCENTRANK($P$5:$P$1204,$P48),""))
A49: 45630 | B49: 1403/09/14 | C49: 638337436 | D49: 644156826 | E49: 634947849 | F49: 0 | G49: =IF($A49="","",IF(ISNUMBER($G48),$G48+1,1)) -> 45 | H49: =IF(OR(NOT(ISNUMBER($G49)),$G49<2,NOT(ISNUMBER($C48)),$C48=0),"",$C49/$C48-1) -> -0.011855448 | I49: =IF(AND(ISNUMBER($G49),$G49>=MA_SHORT),AVERAGE(INDEX($C$5:$C49,46-MA_SHORT):$C49),"") -> 6.3952238e+08 | J49: =IF(AND(ISNUMBER($G49),$G49>=MA_MED),AVERAGE(INDEX($C$5:$C49,46-MA_MED):$C49),"") | K49: =IF(AND(ISNUMBER($G49),$G49>=MA_LONG2),AVERAGE(INDEX($C$5:$C49,46-MA_LONG2):$C49),"") | L49: =IF(AND(ISNUMBER($G49),$G49>=21),STDEV(INDEX($H$5:$H49,46-20):$H49)*SQRT(245),"") -> 0.19216063 | M49: =IF(AND(ISNUMBER($G49),$G49>=60),MAX(INDEX($D$5:$D49,46-60):$D49),"") | N49: =IF(AND(ISNUMBER($G49),$G49>=60),MIN(INDEX($E$5:$E49,46-60):$E49),"") | O49: =IF(OR(NOT(ISNUMBER($C49)),NOT(ISNUMBER($M49)),$M49=0),"",$C49/$M49-1) | Q49: =IF(NOT(ISNUMBER($P49)),"",IFERROR(PERCENTRANK($P$5:$P$1204,$P49),""))
A50: 45633 | B50: 1403/09/17 | C50: 640550501 | D50: 643646794 | E50: 636617339 | F50: 0 | G50: =IF($A50="","",IF(ISNUMBER($G49),$G49+1,1)) -> 46 | H50: =IF(OR(NOT(ISNUMBER($G50)),$G50<2,NOT(ISNUMBER($C49)),$C49=0),"",$C50/$C49-1) -> 0.0034669203 | I50: =IF(AND(ISNUMBER($G50),$G50>=MA_SHORT),AVERAGE(INDEX($C$5:$C50,47-MA_SHORT):$C50),"") -> 6.3987835e+08 | J50: =IF(AND(ISNUMBER($G50),$G50>=MA_MED),AVERAGE(INDEX($C$5:$C50,47-MA_MED):$C50),"") | K50: =IF(AND(ISNUMBER($G50),$G50>=MA_LONG2),AVERAGE(INDEX($C$5:$C50,47-MA_LONG2):$C50),"") | L50: =IF(AND(ISNUMBER($G50),$G50>=21),STDEV(INDEX($H$5:$H50,47-20):$H50)*SQRT(245),"") -> 0.1719438 | M50: =IF(AND(ISNUMBER($G50),$G50>=60),MAX(INDEX($D$5:$D50,47-60):$D50),"") | N50: =IF(AND(ISNUMBER($G50),$G50>=60),MIN(INDEX($E$5:$E50,47-60):$E50),"") | O50: =IF(OR(NOT(ISNUMBER($C50)),NOT(ISNUMBER($M50)),$M50=0),"",$C50/$M50-1) | Q50: =IF(NOT(ISNUMBER($P50)),"",IFERROR(PERCENTRANK($P$5:$P$1204,$P50),""))
A51: 45634 | B51: 1403/09/18 | C51: 635586361 | D51: 636577327 | E51: 630263781 | F51: 0 | G51: =IF($A51="","",IF(ISNUMBER($G50),$G50+1,1)) -> 47 | H51: =IF(OR(NOT(ISNUMBER($G51)),$G51<2,NOT(ISNUMBER($C50)),$C50=0),"",$C51/$C50-1) -> -0.0077498027 | I51: =IF(AND(ISNUMBER($G51),$G51>=MA_SHORT),AVERAGE(INDEX($C$5:$C51,48-MA_SHORT):$C51),"") -> 6.4002456e+08 | J51: =IF(AND(ISNUMBER($G51),$G51>=MA_MED),AVERAGE(INDEX($C$5:$C51,48-MA_MED):$C51),"") | K51: =IF(AND(ISNUMBER($G51),$G51>=MA_LONG2),AVERAGE(INDEX($C$5:$C51,48-MA_LONG2):$C51),"") | L51: =IF(AND(ISNUMBER($G51),$G51>=21),STDEV(INDEX($H$5:$H51,48-20):$H51)*SQRT(245),"") -> 0.17434588 | M51: =IF(AND(ISNUMBER($G51),$G51>=60),MAX(INDEX($D$5:$D51,48-60):$D51),"") | N51: =IF(AND(ISNUMBER($G51),$G51>=60),MIN(INDEX($E$5:$E51,48-60):$E51),"") | O51: =IF(OR(NOT(ISNUMBER($C51)),NOT(ISNUMBER($M51)),$M51=0),"",$C51/$M51-1) | Q51: =IF(NOT(ISNUMBER($P51)),"",IFERROR(PERCENTRANK($P$5:$P$1204,$P51),""))
A52: 45635 | B52: 1403/09/19 | C52: 647818273 | D52: 648968743 | E52: 647042809 | F52: 0 | G52: =IF($A52="","",IF(ISNUMBER($G51),$G51+1,1)) -> 48 | H52: =IF(OR(NOT(ISNUMBER($G52)),$G52<2,NOT(ISNUMBER($C51)),$C51=0),"",$C52/$C51-1) -> 0.019245083 | I52: =IF(AND(ISNUMBER($G52),$G52>=MA_SHORT),AVERAGE(INDEX($C$5:$C52,49-MA_SHORT):$C52),"") -> 6.4045169e+08 | J52: =IF(AND(ISNUMBER($G52),$G52>=MA_MED),AVERAGE(INDEX($C$5:$C52,49-MA_MED):$C52),"") | K52: =IF(AND(ISNUMBER($G52),$G52>=MA_LONG2),AVERAGE(INDEX($C$5:$C52,49-MA_LONG2):$C52),"") | L52: =IF(AND(ISNUMBER($G52),$G52>=21),STDEV(INDEX($H$5:$H52,49-20):$H52)*SQRT(245),"") -> 0.18343343 | M52: =IF(AND(ISNUMBER($G52),$G52>=60),MAX(INDEX($D$5:$D52,49-60):$D52),"") | N52: =IF(AND(ISNUMBER($G52),$G52>=60),MIN(INDEX($E$5:$E52,49-60):$E52),"") | O52: =IF(OR(NOT(ISNUMBER($C52)),NOT(ISNUMBER($M52)),$M52=0),"",$C52/$M52-1) | Q52: =IF(NOT(ISNUMBER($P52)),"",IFERROR(PERCENTRANK($P$5:$P$1204,$P52),""))
A53: 45636 | B53: 1403/09/20 | C53: 651497320 | D53: 652146981 | E53: 648697176 | F53: 0 | G53: =IF($A53="","",IF(ISNUMBER($G52),$G52+1,1)) -> 49 | H53: =IF(OR(NOT(ISNUMBER($G53)),$G53<2,NOT(ISNUMBER($C52)),$C52=0),"",$C53/$C52-1) -> 0.0056791343 | I53: =IF(AND(ISNUMBER($G53),$G53>=MA_SHORT),AVERAGE(INDEX($C$5:$C53,50-MA_SHORT):$C53),"") -> 6.4128766e+08 | J53: =IF(AND(ISNUMBER($G53),$G53>=MA_MED),AVERAGE(INDEX($C$5:$C53,50-MA_MED):$C53),"") | K53: =IF(AND(ISNUMBER($G53),$G53>=MA_LONG2),AVERAGE(INDEX($C$5:$C53,50-MA_LONG2):$C53),"") | L53: =IF(AND(ISNUMBER($G53),$G53>=21),STDEV(INDEX($H$5:$H53,50-20):$H53)*SQRT(245),"") -> 0.18188494 | M53: =IF(AND(ISNUMBER($G53),$G53>=60),MAX(INDEX($D$5:$D53,50-60):$D53),"") | N53: =IF(AND(ISNUMBER($G53),$G53>=60),MIN(INDEX($E$5:$E53,50-60):$E53),"") | O53: =IF(OR(NOT(ISNUMBER($C53)),NOT(ISNUMBER($M53)),$M53=0),"",$C53/$M53-1) | Q53: =IF(NOT(ISNUMBER($P53)),"",IFERROR(PERCENTRANK($P$5:$P$1204,$P53),""))
A54: 45637 | B54: 1403/09/21 | C54: 653543627 | D54: 656871816 | E54: 649477759 | F54: 0 | G54: =IF($A54="","",IF(ISNUMBER($G53),$G53+1,1)) -> 50 | H54: =IF(OR(NOT(ISNUMBER($G54)),$G54<2,NOT(ISNUMBER($C53)),$C53=0),"",$C54/$C53-1) -> 0.0031409293 | I54: =IF(AND(ISNUMBER($G54),$G54>=MA_SHORT),AVERAGE(INDEX($C$5:$C54,51-MA_SHORT):$C54),"") -> 6.4281554e+08 | J54: =IF(AND(ISNUMBER($G54),$G54>=MA_MED),AVERAGE(INDEX($C$5:$C54,51-MA_MED):$C54),"") -> 6.3456702e+08 | K54: =IF(AND(ISNUMBER($G54),$G54>=MA_LONG2),AVERAGE(INDEX($C$5:$C54,51-MA_LONG2):$C54),"") | L54: =IF(AND(ISNUMBER($G54),$G54>=21),STDEV(INDEX($H$5:$H54,51-20):$H54)*SQRT(245),"") -> 0.16640535 | M54: =IF(AND(ISNUMBER($G54),$G54>=60),MAX(INDEX($D$5:$D54,51-60):$D54),"") | N54: =IF(AND(ISNUMBER($G54),$G54>=60),MIN(INDEX($E$5:$E54,51-60):$E54),"") | O54: =IF(OR(NOT(ISNUMBER($C54)),NOT(ISNUMBER($M54)),$M54=0),"",$C54/$M54-1) | Q54: =IF(NOT(ISNUMBER($P54)),"",IFERROR(PERCENTRANK($P$5:$P$1204,$P54),""))
A55: 45640 | B55: 1403/09/24 | C55: 651655259 | D55: 652778193 | E55: 649415090 | F55: 0 | G55: =IF($A55="","",IF(ISNUMBER($G54),$G54+1,1)) -> 51 | H55: =IF(OR(NOT(ISNUMBER($G55)),$G55<2,NOT(ISNUMBER($C54)),$C54=0),"",$C55/$C54-1) -> -0.0028894291 | I55: =IF(AND(ISNUMBER($G55),$G55>=MA_SHORT),AVERAGE(INDEX($C$5:$C55,52-MA_SHORT):$C55),"") -> 6.4369567e+08 | J55: =IF(AND(ISNUMBER($G55),$G55>=MA_MED),AVERAGE(INDEX($C$5:$C55,52-MA_MED):$C55),"") -> 6.3506335e+08 | K55: =IF(AND(ISNUMBER($G55),$G55>=MA_LONG2),AVERAGE(INDEX($C$5:$C55,52-MA_LONG2):$C55),"") | L55: =IF(AND(ISNUMBER($G55),$G55>=21),STDEV(INDEX($H$5:$H55,52-20):$H55)*SQRT(245),"") -> 0.15735175 | M55: =IF(AND(ISNUMBER($G55),$G55>=60),MAX(INDEX($D$5:$D55,52-60):$D55),"") | N55: =IF(AND(ISNUMBER($G55),$G55>=60),MIN(INDEX($E$5:$E55,52-60):$E55),"") | O55: =IF(OR(NOT(ISNUMBER($C55)),NOT(ISNUMBER($M55)),$M55=0),"",$C55/$M55-1) | Q55: =IF(NOT(ISNUMBER($P55)),"",IFERROR(PERCENTRANK($P$5:$P$1204,$P55),""))
A56: 45641 | B56: 1403/09/25 | C56: 650437689 | D56: 652268518 | E56: 650367101 | F56: 0 | G56: =IF($A56="","",IF(ISNUMBER($G55),$G55+1,1)) -> 52 | H56: =IF(OR(NOT(ISNUMBER($G56)),$G56<2,NOT(ISNUMBER($C55)),$C55=0),"",$C56/$C55-1) -> -0.0018684266 | I56: =IF(AND(ISNUMBER($G56),$G56>=MA_SHORT),AVERAGE(INDEX($C$5:$C56,53-MA_SHORT):$C56),"") -> 6.4480719e+08 | J56: =IF(AND(ISNUMBER($G56),$G56>=MA_MED),AVERAGE(INDEX($C$5:$C56,53-MA_MED):$C56),"") -> 6.3566367e+08 | K56: =IF(AND(ISNUMBER($G56),$G56>=MA_LONG2),AVERAGE(INDEX($C$5:$C56,53-MA_LONG2):$C56),"") | L56: =IF(AND(ISNUMBER($G56),$G56>=21),STDEV(INDEX($H$5:$H56,53-20):$H56)*SQRT(245),"") -> 0.15298642 | M56: =IF(AND(ISNUMBER($G56),$G56>=60),MAX(INDEX($D$5:$D56,53-60):$D56),"") | N56: =IF(AND(ISNUMBER($G56),$G56>=60),MIN(INDEX($E$5:$E56,53-60):$E56),"") | O56: =IF(OR(NOT(ISNUMBER($C56)),NOT(ISNUMBER($M56)),$M56=0),"",$C56/$M56-1) | Q56: =IF(NOT(ISNUMBER($P56)),"",IFERROR(PERCENTRANK($P$5:$P$1204,$P56),""))
A57: 45642 | B57: 1403/09/26 | C57: 653735965 | D57: 655176814 | E57: 650775762 | F57: 0 | G57: =IF($A57="","",IF(ISNUMBER($G56),$G56+1,1)) -> 53 | H57: =IF(OR(NOT(ISNUMBER($G57)),$G57<2,NOT(ISNUMBER($C56)),$C56=0),"",$C57/$C56-1) -> 0.0050708562 | I57: =IF(AND(ISNUMBER($G57),$G57>=MA_SHORT),AVERAGE(INDEX($C$5:$C57,54-MA_SHORT):$C57),"") -> 6.458823e+08 | J57: =IF(AND(ISNUMBER($G57),$G57>=MA_MED),AVERAGE(INDEX($C$5:$C57,54-MA_MED):$C57),"") -> 6.3625004e+08 | K57: =IF(AND(ISNUMBER($G57),$G57>=MA_LONG2),AVERAGE(INDEX($C$5:$C57,54-MA_LONG2):$C57),"") | L57: =IF(AND(ISNUMBER($G57),$G57>=21),STDEV(INDEX($H$5:$H57,54-20):$H57)*SQRT(245),"") -> 0.15253568 | M57: =IF(AND(ISNUMBER($G57),$G57>=60),MAX(INDEX($D$5:$D57,54-60):$D57),"") | N57: =IF(AND(ISNUMBER($G57),$G57>=60),MIN(INDEX($E$5:$E57,54-60):$E57),"") | O57: =IF(OR(NOT(ISNUMBER($C57)),NOT(ISNUMBER($M57)),$M57=0),"",$C57/$M57-1) | Q57: =IF(NOT(ISNUMBER($P57)),"",IFERROR(PERCENTRANK($P$5:$P$1204,$P57),""))
A58: 45643 | B58: 1403/09/27 | C58: 663611043 | D58: 664387308 | E58: 663358625 | F58: 0 | G58: =IF($A58="","",IF(ISNUMBER($G57),$G57+1,1)) -> 54 | H58: =IF(OR(NOT(ISNUMBER($G58)),$G58<2,NOT(ISNUMBER($C57)),$C57=0),"",$C58/$C57-1) -> 0.015105606 | I58: =IF(AND(ISNUMBER($G58),$G58>=MA_SHORT),AVERAGE(INDEX($C$5:$C58,55-MA_SHORT):$C58),"") -> 6.4710899e+08 | J58: =IF(AND(ISNUMBER($G58),$G58>=MA_MED),AVERAGE(INDEX($C$5:$C58,55-MA_MED):$C58),"") -> 6.3702647e+08 | K58: =IF(AND(ISNUMBER($G58),$G58>=MA_LONG2),AVERAGE(INDEX($C$5:$C58,55-MA_LONG2):$C58),"") | L58: =IF(AND(ISNUMBER($G58),$G58>=21),STDEV(INDEX($H$5:$H58,55-20):$H58)*SQRT(245),"") -> 0.15651554 | M58: =IF(AND(ISNUMBER($G58),$G58>=60),MAX(INDEX($D$5:$D58,55-60):$D58),"") | N58: =IF(AND(ISNUMBER($G58),$G58>=60),MIN(INDEX($E$5:$E58,55-60):$E58),"") | O58: =IF(OR(NOT(ISNUMBER($C58)),NOT(ISNUMBER($M58)),$M58=0),"",$C58/$M58-1) | Q58: =IF(NOT(ISNUMBER($P58)),"",IFERROR(PERCENTRANK($P$5:$P$1204,$P58),""))
A59: 45644 | B59: 1403/09/28 | C59: 659936183 | D59: 665146346 | E59: 659227586 | F59: 0 | G59: =IF($A59="","",IF(ISNUMBER($G58),$G58+1,1)) -> 55 | H59: =IF(OR(NOT(ISNUMBER($G59)),$G59<2,NOT(ISNUMBER($C58)),$C58=0),"",$C59/$C58-1) -> -0.0055376716 | I59: =IF(AND(ISNUMBER($G59),$G59>=MA_SHORT),AVERAGE(INDEX($C$5:$C59,56-MA_SHORT):$C59),"") -> 6.480525e+08 | J59: =IF(AND(ISNUMBER($G59),$G59>=MA_MED),AVERAGE(INDEX($C$5:$C59,56-MA_MED):$C59),"") -> 6.3777108e+08 | K59: =IF(AND(ISNUMBER($G59),$G59>=MA_LONG2),AVERAGE(INDEX($C$5:$C59,56-MA_LONG2):$C59),"") | L59: =IF(AND(ISNUMBER($G59),$G59>=21),STDEV(INDEX($H$5:$H59,56-20):$H59)*SQRT(245),"") -> 0.15858935 | M59: =IF(AND(ISNUMBER($G59),$G59>=60),MAX(INDEX($D$5:$D59,56-60):$D59),"") | N59: =IF(AND(ISNUMBER($G59),$G59>=60),MIN(INDEX($E$5:$E59,56-60):$E59),"") | O59: =IF(OR(NOT(ISNUMBER($C59)),NOT(ISNUMBER($M59)),$M59=0),"",$C59/$M59-1) | Q59: =IF(NOT(ISNUMBER($P59)),"",IFERROR(PERCENTRANK($P$5:$P$1204,$P59),""))
A60: 45647 | B60: 1403/10/01 | C60: 645532126 | D60: 648411846 | E60: 645390467 | F60: 0 | G60: =IF($A60="","",IF(ISNUMBER($G59),$G59+1,1)) -> 56 | H60: =IF(OR(NOT(ISNUMBER($G60)),$G60<2,NOT(ISNUMBER($C59)),$C59=0),"",$C60/$C59-1) -> -0.021826439 | I60: =IF(AND(ISNUMBER($G60),$G60>=MA_SHORT),AVERAGE(INDEX($C$5:$C60,57-MA_SHORT):$C60),"") -> 6.4790261e+08 | J60: =IF(AND(ISNUMBER($G60),$G60>=MA_MED),AVERAGE(INDEX($C$5:$C60,57-MA_MED):$C60),"") -> 6.3832968e+08 | K60: =IF(AND(ISNUMBER($G60),$G60>=MA_LONG2),AVERAGE(INDEX($C$5:$C60,57-MA_LONG2):$C60),"") | L60: =IF(AND(ISNUMBER($G60),$G60>=21),STDEV(INDEX($H$5:$H60,57-20):$H60)*SQRT(245),"") -> 0.17354644 | M60: =IF(AND(ISNUMBER($G60),$G60>=60),MAX(INDEX($D$5:$D60,57-60):$D60),"") | N60: =IF(AND(ISNUMBER($G60),$G60>=60),MIN(INDEX($E$5:$E60,57-60):$E60),"") | O60: =IF(OR(NOT(ISNUMBER($C60)),NOT(ISNUMBER($M60)),$M60=0),"",$C60/$M60-1) | Q60: =IF(NOT(ISNUMBER($P60)),"",IFERROR(PERCENTRANK($P$5:$P$1204,$P60),""))
A61: 45648 | B61: 1403/10/02 | C61: 659252708 | D61: 660993160 | E61: 657372018 | F61: 0 | G61: =IF($A61="","",IF(ISNUMBER($G60),$G60+1,1)) -> 57 | H61: =IF(OR(NOT(ISNUMBER($G61)),$G61<2,NOT(ISNUMBER($C60)),$C60=0),"",$C61/$C60-1) -> 0.021254685 | I61: =IF(AND(ISNUMBER($G61),$G61>=MA_SHORT),AVERAGE(INDEX($C$5:$C61,58-MA_SHORT):$C61),"") -> 6.480625e+08 | J61: =IF(AND(ISNUMBER($G61),$G61>=MA_MED),AVERAGE(INDEX($C$5:$C61,58-MA_MED):$C61),"") -> 6.3888853e+08 | K61: =IF(AND(ISNUMBER($G61),$G61>=MA_LONG2),AVERAGE(INDEX($C$5:$C61,58-MA_LONG2):$C61),"") | L61: =IF(AND(ISNUMBER($G61),$G61>=21),STDEV(INDEX($H$5:$H61,58-20):$H61)*SQRT(245),"") -> 0.18490751 | M61: =IF(AND(ISNUMBER($G61),$G61>=60),MAX(INDEX($D$5:$D61,58-60):$D61),"") | N61: =IF(AND(ISNUMBER($G61),$G61>=60),MIN(INDEX($E$5:$E61,58-60):$E61),"") | O61: =IF(OR(NOT(ISNUMBER($C61)),NOT(ISNUMBER($M61)),$M61=0),"",$C61/$M61-1) | Q61: =IF(NOT(ISNUMBER($P61)),"",IFERROR(PERCENTRANK($P$5:$P$1204,$P61),""))
A62: 45649 | B62: 1403/10/03 | C62: 671897558 | D62: 671973358 | E62: 667746568 | F62: 0 | G62: =IF($A62="","",IF(ISNUMBER($G61),$G61+1,1)) -> 58 | H62: =IF(OR(NOT(ISNUMBER($G62)),$G62<2,NOT(ISNUMBER($C61)),$C61=0),"",$C62/$C61-1) -> 0.019180581 | I62: =IF(AND(ISNUMBER($G62),$G62>=MA_SHORT),AVERAGE(INDEX($C$5:$C62,59-MA_SHORT):$C62),"") -> 6.4954828e+08 | J62: =IF(AND(ISNUMBER($G62),$G62>=MA_MED),AVERAGE(INDEX($C$5:$C62,59-MA_MED):$C62),"") -> 6.3984943e+08 | K62: =IF(AND(ISNUMBER($G62),$G62>=MA_LONG2),AVERAGE(INDEX($C$5:$C62,59-MA_LONG2):$C62),"") | L62: =IF(AND(ISNUMBER($G62),$G62>=21),STDEV(INDEX($H$5:$H62,59-20):$H62)*SQRT(245),"") -> 0.17832154 | M62: =IF(AND(ISNUMBER($G62),$G62>=60),MAX(INDEX($D$5:$D62,59-60):$D62),"") | N62: =IF(AND(ISNUMBER($G62),$G62>=60),MIN(INDEX($E$5:$E62,59-60):$E62),"") | O62: =IF(OR(NOT(ISNUMBER($C62)),NOT(ISNUMBER($M62)),$M62=0),"",$C62/$M62-1) | Q62: =IF(NOT(ISNUMBER($P62)),"",IFERROR(PERCENTRANK($P$5:$P$1204,$P62),""))
A63: 45650 | B63: 1403/10/04 | C63: 671507580 | D63: 672231620 | E63: 669737211 | F63: 0 | G63: =IF($A63="","",IF(ISNUMBER($G62),$G62+1,1)) -> 59 | H63: =IF(OR(NOT(ISNUMBER($G63)),$G63<2,NOT(ISNUMBER($C62)),$C62=0),"",$C63/$C62-1) -> -0.00058041288 | I63: =IF(AND(ISNUMBER($G63),$G63>=MA_SHORT),AVERAGE(INDEX($C$5:$C63,60-MA_SHORT):$C63),"") -> 6.5100034e+08 | J63: =IF(AND(ISNUMBER($G63),$G63>=MA_MED),AVERAGE(INDEX($C$5:$C63,60-MA_MED):$C63),"") -> 6.4087178e+08 | K63: =IF(AND(ISNUMBER($G63),$G63>=MA_LONG2),AVERAGE(INDEX($C$5:$C63,60-MA_LONG2):$C63),"") | L63: =IF(AND(ISNUMBER($G63),$G63>=21),STDEV(INDEX($H$5:$H63,60-20):$H63)*SQRT(245),"") -> 0.17849676 | M63: =IF(AND(ISNUMBER($G63),$G63>=60),MAX(INDEX($D$5:$D63,60-60):$D63),"") | N63: =IF(AND(ISNUMBER($G63),$G63>=60),MIN(INDEX($E$5:$E63,60-60):$E63),"") | O63: =IF(OR(NOT(ISNUMBER($C63)),NOT(ISNUMBER($M63)),$M63=0),"",$C63/$M63-1) | Q63: =IF(NOT(ISNUMBER($P63)),"",IFERROR(PERCENTRANK($P$5:$P$1204,$P63),""))
A64: 45651 | B64: 1403/10/05 | C64: 676940965 | D64: 678779003 | E64: 675618816 | F64: 0 | G64: =IF($A64="","",IF(ISNUMBER($G63),$G63+1,1)) -> 60 | H64: =IF(OR(NOT(ISNUMBER($G64)),$G64<2,NOT(ISNUMBER($C63)),$C63=0),"",$C64/$C63-1) -> 0.0080913234 | I64: =IF(AND(ISNUMBER($G64),$G64>=MA_SHORT),AVERAGE(INDEX($C$5:$C64,61-MA_SHORT):$C64),"") -> 6.5280329e+08 | J64: =IF(AND(ISNUMBER($G64),$G64>=MA_MED),AVERAGE(INDEX($C$5:$C64,61-MA_MED):$C64),"") -> 6.4203759e+08 | K64: =IF(AND(ISNUMBER($G64),$G64>=MA_LONG2),AVERAGE(INDEX($C$5:$C64,61-MA_LONG2):$C64),"") | L64: =IF(AND(ISNUMBER($G64),$G64>=21),STDEV(INDEX($H$5:$H64,61-20):$H64)*SQRT(245),"") -> 0.1787056 | M64: =IF(AND(ISNUMBER($G64),$G64>=60),MAX(INDEX($D$5:$D64,61-60):$D64),"") -> 678779003 | N64: =IF(AND(ISNUMBER($G64),$G64>=60),MIN(INDEX($E$5:$E64,61-60):$E64),"") -> 603550631 | O64: =IF(OR(NOT(ISNUMBER($C64)),NOT(ISNUMBER($M64)),$M64=0),"",$C64/$M64-1) -> -0.0027078592 | Q64: =IF(NOT(ISNUMBER($P64)),"",IFERROR(PERCENTRANK($P$5:$P$1204,$P64),""))
A65: 45654 | B65: 1403/10/08 | C65: 666441553 | D65: 666507554 | E65: 665290861 | F65: 0 | G65: =IF($A65="","",IF(ISNUMBER($G64),$G64+1,1)) -> 61 | H65: =IF(OR(NOT(ISNUMBER($G65)),$G65<2,NOT(ISNUMBER($C64)),$C64=0),"",$C65/$C64-1) -> -0.015510085 | I65: =IF(AND(ISNUMBER($G65),$G65>=MA_SHORT),AVERAGE(INDEX($C$5:$C65,62-MA_SHORT):$C65),"") -> 6.5366176e+08 | J65: =IF(AND(ISNUMBER($G65),$G65>=MA_MED),AVERAGE(INDEX($C$5:$C65,62-MA_MED):$C65),"") -> 6.4272121e+08 | K65: =IF(AND(ISNUMBER($G65),$G65>=MA_LONG2),AVERAGE(INDEX($C$5:$C65,62-MA_LONG2):$C65),"") | L65: =IF(AND(ISNUMBER($G65),$G65>=21),STDEV(INDEX($H$5:$H65,62-20):$H65)*SQRT(245),"") -> 0.18538472 | M65: =IF(AND(ISNUMBER($G65),$G65>=60),MAX(INDEX($D$5:$D65,62-60):$D65),"") -> 678779003 | N65: =IF(AND(ISNUMBER($G65),$G65>=60),MIN(INDEX($E$5:$E65,62-60):$E65),"") -> 603550631 | O65: =IF(OR(NOT(ISNUMBER($C65)),NOT(ISNUMBER($M65)),$M65=0),"",$C65/$M65-1) -> -0.018175945 | Q65: =IF(NOT(ISNUMBER($P65)),"",IFERROR(PERCENTRANK($P$5:$P$1204,$P65),""))
A66: 45655 | B66: 1403/10/09 | C66: 665779743 | D66: 668332718 | E66: 663895833 | F66: 0 | G66: =IF($A66="","",IF(ISNUMBER($G65),$G65+1,1)) -> 62 | H66: =IF(OR(NOT(ISNUMBER($G66)),$G66<2,NOT(ISNUMBER($C65)),$C65=0),"",$C66/$C65-1) -> -0.00099305032 | I66: =IF(AND(ISNUMBER($G66),$G66>=MA_SHORT),AVERAGE(INDEX($C$5:$C66,63-MA_SHORT):$C66),"") -> 6.5484592e+08 | J66: =IF(AND(ISNUMBER($G66),$G66>=MA_MED),AVERAGE(INDEX($C$5:$C66,63-MA_MED):$C66),"") -> 6.4331974e+08 | K66: =IF(AND(ISNUMBER($G66),$G66>=MA_LONG2),AVERAGE(INDEX($C$5:$C66,63-MA_LONG2):$C66),"") | L66: =IF(AND(ISNUMBER($G66),$G66>=21),STDEV(INDEX($H$6:$H66,62-20):$H66)*SQRT(245),"") -> 0.17995575 | M66: =IF(AND(ISNUMBER($G66),$G66>=60),MAX(INDEX($D$5:$D66,63-60):$D66),"") -> 678779003 | N66: =IF(AND(ISNUMBER($G66),$G66>=60),MIN(INDEX($E$5:$E66,63-60):$E66),"") -> 603550631 | O66: =IF(OR(NOT(ISNUMBER($C66)),NOT(ISNUMBER($M66)),$M66=0),"",$C66/$M66-1) -> -0.019150946 | Q66: =IF(NOT(ISNUMBER($P66)),"",IFERROR(PERCENTRANK($P$5:$P$1204,$P66),""))
A67: 45656 | B67: 1403/10/10 | C67: 664189911 | D67: 671100187 | E67: 662669644 | F67: 0 | G67: =IF($A67="","",IF(ISNUMBER($G66),$G66+1,1)) -> 63 | H67: =IF(OR(NOT(ISNUMBER($G67)),$G67<2,NOT(ISNUMBER($C66)),$C66=0),"",$C67/$C66-1) -> -0.0023879249 | I67: =IF(AND(ISNUMBER($G67),$G67>=MA_SHORT),AVERAGE(INDEX($C$5:$C67,64-MA_SHORT):$C67),"") -> 6.5571239e+08 | J67: =IF(AND(ISNUMBER($G67),$G67>=MA_MED),AVERAGE(INDEX($C$5:$C67,64-MA_MED):$C67),"") -> 6.4385747e+08 | K67: =IF(AND(ISNUMBER($G67),$G67>=MA_LONG2),AVERAGE(INDEX($C$5:$C67,64-MA_LONG2):$C67),"") | L67: =IF(AND(ISNUMBER($G67),$G67>=21),STDEV(INDEX($H$7:$H67,62-20):$H67)*SQRT(245),"") -> 0.1793324 | M67: =IF(AND(ISNUMBER($G67),$G67>=60),MAX(INDEX($D$5:$D67,64-60):$D67),"") -> 678779003 | N67: =IF(AND(ISNUMBER($G67),$G67>=60),MIN(INDEX($E$5:$E67,64-60):$E67),"") -> 603550631 | O67: =IF(OR(NOT(ISNUMBER($C67)),NOT(ISNUMBER($M67)),$M67=0),"",$C67/$M67-1) -> -0.02149314 | Q67: =IF(NOT(ISNUMBER($P67)),"",IFERROR(PERCENTRANK($P$5:$P$1204,$P67),""))
A68: 45657 | B68: 1403/10/11 | C68: 677230962 | D68: 680659899 | E68: 676670484 | F68: 0 | G68: =IF($A68="","",IF(ISNUMBER($G67),$G67+1,1)) -> 64 | H68: =IF(OR(NOT(ISNUMBER($G68)),$G68<2,NOT(ISNUMBER($C67)),$C67=0),"",$C68/$C67-1) -> 0.019634521 | I68: =IF(AND(ISNUMBER($G68),$G68>=MA_SHORT),AVERAGE(INDEX($C$5:$C68,65-MA_SHORT):$C68),"") -> 6.5727414e+08 | J68: =IF(AND(ISNUMBER($G68),$G68>=MA_MED),AVERAGE(INDEX($C$5:$C68,65-MA_MED):$C68),"") -> 6.4473504e+08 | K68: =IF(AND(ISNUMBER($G68),$G68>=MA_LONG2),AVERAGE(INDEX($C$5:$C68,65-MA_LONG2):$C68),"") | L68: =IF(AND(ISNUMBER($G68),$G68>=21),STDEV(INDEX($H$8:$H68,62-20):$H68)*SQRT(245),"") -> 0.18993576 | M68: =IF(AND(ISNUMBER($G68),$G68>=60),MAX(INDEX($D$5:$D68,65-60):$D68),"") -> 680659899 | N68: =IF(AND(ISNUMBER($G68),$G68>=60),MIN(INDEX($E$5:$E68,65-60):$E68),"") -> 603550631 | O68: =IF(OR(NOT(ISNUMBER($C68)),NOT(ISNUMBER($M68)),$M68=0),"",$C68/$M68-1) -> -0.0050376657 | Q68: =IF(NOT(ISNUMBER($P68)),"",IFERROR(PERCENTRANK($P$5:$P$1204,$P68),""))
A69: 45658 | B69: 1403/10/12 | C69: 692727368 | D69: 694710473 | E69: 690158828 | F69: 0 | G69: =IF($A69="","",IF(ISNUMBER($G68),$G68+1,1)) -> 65 | H69: =IF(OR(NOT(ISNUMBER($G69)),$G69<2,NOT(ISNUMBER($C68)),$C68=0),"",$C69/$C68-1) -> 0.022882011 | I69: =IF(AND(ISNUMBER($G69),$G69>=MA_SHORT),AVERAGE(INDEX($C$5:$C69,66-MA_SHORT):$C69),"") -> 6.5999363e+08 | J69: =IF(AND(ISNUMBER($G69),$G69>=MA_MED),AVERAGE(INDEX($C$5:$C69,66-MA_MED):$C69),"") -> 6.4556899e+08 | K69: =IF(AND(ISNUMBER($G69),$G69>=MA_LONG2),AVERAGE(INDEX($C$5:$C69,66-MA_LONG2):$C69),"") | L69: =IF(AND(ISNUMBER($G69),$G69>=21),STDEV(INDEX($H$9:$H69,62-20):$H69)*SQRT(245),"") -> 0.19508103 | M69: =IF(AND(ISNUMBER($G69),$G69>=60),MAX(INDEX($D$5:$D69,66-60):$D69),"") -> 694710473 | N69: =IF(AND(ISNUMBER($G69),$G69>=60),MIN(INDEX($E$5:$E69,66-60):$E69),"") -> 603550631 | O69: =IF(OR(NOT(ISNUMBER($C69)),NOT(ISNUMBER($M69)),$M69=0),"",$C69/$M69-1) -> -0.0028545777 | Q69: =IF(NOT(ISNUMBER($P69)),"",IFERROR(PERCENTRANK($P$5:$P$1204,$P69),""))
A70: 45661 | B70: 1403/10/15 | C70: 692127834 | D70: 695758125 | E70: 684167555 | F70: 0 | G70: =IF($A70="","",IF(ISNUMBER($G69),$G69+1,1)) -> 66 | H70: =IF(OR(NOT(ISNUMBER($G70)),$G70<2,NOT(ISNUMBER($C69)),$C69=0),"",$C70/$C69-1) -> -0.00086546891 | I70: =IF(AND(ISNUMBER($G70),$G70>=MA_SHORT),AVERAGE(INDEX($C$5:$C70,67-MA_SHORT):$C70),"") -> 6.625725e+08 | J70: =IF(AND(ISNUMBER($G70),$G70>=MA_MED),AVERAGE(INDEX($C$5:$C70,67-MA_MED):$C70),"") -> 6.4666623e+08 | K70: =IF(AND(ISNUMBER($G70),$G70>=MA_LONG2),AVERAGE(INDEX($C$5:$C70,67-MA_LONG2):$C70),"") | L70: =IF(AND(ISNUMBER($G70),$G70>=21),STDEV(INDEX($H$10:$H70,62-20):$H70)*SQRT(245),"") -> 0.1958702 | M70: =IF(AND(ISNUMBER($G70),$G70>=60),MAX(INDEX($D$5:$D70,67-60):$D70),"") -> 695758125 | N70: =IF(AND(ISNUMBER($G70),$G70>=60),MIN(INDEX($E$5:$E70,67-60):$E70),"") -> 603550631 | O70: =IF(OR(NOT(ISNUMBER($C70)),NOT(ISNUMBER($M70)),$M70=0),"",$C70/$M70-1) -> -0.0052177486 | Q70: =IF(NOT(ISNUMBER($P70)),"",IFERROR(PERCENTRANK($P$5:$P$1204,$P70),""))
A71: 45662 | B71: 1403/10/16 | C71: 695543293 | D71: 696236020 | E71: 690970178 | F71: 0 | G71: =IF($A71="","",IF(ISNUMBER($G70),$G70+1,1)) -> 67 | H71: =IF(OR(NOT(ISNUMBER($G71)),$G71<2,NOT(ISNUMBER($C70)),$C70=0),"",$C71/$C70-1) -> 0.0049347228 | I71: =IF(AND(ISNUMBER($G71),$G71>=MA_SHORT),AVERAGE(INDEX($C$5:$C71,68-MA_SHORT):$C71),"") -> 665570348 | J71: =IF(AND(ISNUMBER($G71),$G71>=MA_MED),AVERAGE(INDEX($C$5:$C71,68-MA_MED):$C71),"") -> 6.4768496e+08 | K71: =IF(AND(ISNUMBER($G71),$G71>=MA_LONG2),AVERAGE(INDEX($C$5:$C71,68-MA_LONG2):$C71),"") | L71: =IF(AND(ISNUMBER($G71),$G71>=21),STDEV(INDEX($H$11:$H71,62-20):$H71)*SQRT(245),"") -> 0.19106951 | M71: =IF(AND(ISNUMBER($G71),$G71>=60),MAX(INDEX($D$5:$D71,68-60):$D71),"") -> 696236020 | N71: =IF(AND(ISNUMBER($G71),$G71>=60),MIN(INDEX($E$5:$E71,68-60):$E71),"") -> 603550631 | O71: =IF(OR(NOT(ISNUMBER($C71)),NOT(ISNUMBER($M71)),$M71=0),"",$C71/$M71-1) -> -0.00099496001 | Q71: =IF(NOT(ISNUMBER($P71)),"",IFERROR(PERCENTRANK($P$5:$P$1204,$P71),""))
A72: 45663 | B72: 1403/10/17 | C72: 703546981 | D72: 703737968 | E72: 700484785 | F72: 0 | G72: =IF($A72="","",IF(ISNUMBER($G71),$G71+1,1)) -> 68 | H72: =IF(OR(NOT(ISNUMBER($G72)),$G72<2,NOT(ISNUMBER($C71)),$C71=0),"",$C72/$C71-1) -> 0.011507103 | I72: =IF(AND(ISNUMBER($G72),$G72>=MA_SHORT),AVERAGE(INDEX($C$5:$C72,69-MA_SHORT):$C72),"") -> 6.6835678e+08 | J72: =IF(AND(ISNUMBER($G72),$G72>=MA_MED),AVERAGE(INDEX($C$5:$C72,69-MA_MED):$C72),"") -> 6.4895156e+08 | K72: =IF(AND(ISNUMBER($G72),$G72>=MA_LONG2),AVERAGE(INDEX($C$5:$C72,69-MA_LONG2):$C72),"") | L72: =IF(AND(ISNUMBER($G72),$G72>=21),STDEV(INDEX($H$12:$H72,62-20):$H72)*SQRT(245),"") -> 0.18524607 | M72: =IF(AND(ISNUMBER($G72),$G72>=60),MAX(INDEX($D$5:$D72,69-60):$D72),"") -> 703737968 | N72: =IF(AND(ISNUMBER($G72),$G72>=60),MIN(INDEX($E$5:$E72,69-60):$E72),"") -> 603550631 | O72: =IF(OR(NOT(ISNUMBER($C72)),NOT(ISNUMBER($M72)),$M72=0),"",$C72/$M72-1) -> -0.00027138936 | Q72: =IF(NOT(ISNUMBER($P72)),"",IFERROR(PERCENTRANK($P$5:$P$1204,$P72),""))
A73: 45664 | B73: 1403/10/18 | C73: 702858471 | D73: 703246731 | E73: 700990011 | F73: 0 | G73: =IF($A73="","",IF(ISNUMBER($G72),$G72+1,1)) -> 69 | H73: =IF(OR(NOT(ISNUMBER($G73)),$G73<2,NOT(ISNUMBER($C72)),$C72=0),"",$C73/$C72-1) -> -0.0009786269 | I73: =IF(AND(ISNUMBER($G73),$G73>=MA_SHORT),AVERAGE(INDEX($C$5:$C73,70-MA_SHORT):$C73),"") -> 6.7092484e+08 | J73: =IF(AND(ISNUMBER($G73),$G73>=MA_MED),AVERAGE(INDEX($C$5:$C73,70-MA_MED):$C73),"") -> 6.5032665e+08 | K73: =IF(AND(ISNUMBER($G73),$G73>=MA_LONG2),AVERAGE(INDEX($C$5:$C73,70-MA_LONG2):$C73),"") | L73: =IF(AND(ISNUMBER($G73),$G73>=21),STDEV(INDEX($H$13:$H73,62-20):$H73)*SQRT(245),"") -> 0.18602506 | M73: =IF(AND(ISNUMBER($G73),$G73>=60),MAX(INDEX($D$5:$D73,70-60):$D73),"") -> 703737968 | N73: =IF(AND(ISNUMBER($G73),$G73>=60),MIN(INDEX($E$5:$E73,70-60):$E73),"") -> 603550631 | O73: =IF(OR(NOT(ISNUMBER($C73)),NOT(ISNUMBER($M73)),$M73=0),"",$C73/$M73-1) -> -0.0012497507 | Q73: =IF(NOT(ISNUMBER($P73)),"",IFERROR(PERCENTRANK($P$5:$P$1204,$P73),""))
A74: 45665 | B74: 1403/10/19 | C74: 695698208 | D74: 698445785 | E74: 695396158 | F74: 0 | G74: =IF($A74="","",IF(ISNUMBER($G73),$G73+1,1)) -> 70 | H74: =IF(OR(NOT(ISNUMBER($G74)),$G74<2,NOT(ISNUMBER($C73)),$C73=0),"",$C74/$C73-1) -> -0.010187347 | I74: =IF(AND(ISNUMBER($G74),$G74>=MA_SHORT),AVERAGE(INDEX($C$5:$C74,71-MA_SHORT):$C74),"") -> 673032570 | J74: =IF(AND(ISNUMBER($G74),$G74>=MA_MED),AVERAGE(INDEX($C$5:$C74,71-MA_MED):$C74),"") -> 6.5149811e+08 | K74: =IF(AND(ISNUMBER($G74),$G74>=MA_LONG2),AVERAGE(INDEX($C$5:$C74,71-MA_LONG2):$C74),"") | L74: =IF(AND(ISNUMBER($G74),$G74>=21),STDEV(INDEX($H$14:$H74,62-20):$H74)*SQRT(245),"") -> 0.19243556 | M74: =IF(AND(ISNUMBER($G74),$G74>=60),MAX(INDEX($D$5:$D74,71-60):$D74),"") -> 703737968 | N74: =IF(AND(ISNUMBER($G74),$G74>=60),MIN(INDEX($E$5:$E74,71-60):$E74),"") -> 603550631 | O74: =IF(OR(NOT(ISNUMBER($C74)),NOT(ISNUMBER($M74)),$M74=0),"",$C74/$M74-1) -> -0.011424366 | Q74: =IF(NOT(ISNUMBER($P74)),"",IFERROR(PERCENTRANK($P$5:$P$1204,$P74),""))
A75: 45668 | B75: 1403/10/22 | C75: 691057858 | D75: 692204102 | E75: 688246671 | F75: 0 | G75: =IF($A75="","",IF(ISNUMBER($G74),$G74+1,1)) -> 71 | H75: =IF(OR(NOT(ISNUMBER($G75)),$G75<2,NOT(ISNUMBER($C74)),$C74=0),"",$C75/$C74-1) -> -0.0066700617 | I75: =IF(AND(ISNUMBER($G75),$G75>=MA_SHORT),AVERAGE(INDEX($C$5:$C75,72-MA_SHORT):$C75),"") -> 6.750027e+08 | J75: =IF(AND(ISNUMBER($G75),$G75>=MA_MED),AVERAGE(INDEX($C$5:$C75,72-MA_MED):$C75),"") -> 6.5249303e+08 | K75: =IF(AND(ISNUMBER($G75),$G75>=MA_LONG2),AVERAGE(INDEX($C$5:$C75,72-MA_LONG2):$C75),"") | L75: =IF(AND(ISNUMBER($G75),$G75>=21),STDEV(INDEX($H$15:$H75,62-20):$H75)*SQRT(245),"") -> 0.19442335 | M75: =IF(AND(ISNUMBER($G75),$G75>=60),MAX(INDEX($D$5:$D75,72-60):$D75),"") -> 703737968 | N75: =IF(AND(ISNUMBER($G75),$G75>=60),MIN(INDEX($E$5:$E75,72-60):$E75),"") -> 603550631 | O75: =IF(OR(NOT(ISNUMBER($C75)),NOT(ISNUMBER($M75)),$M75=0),"",$C75/$M75-1) -> -0.018018226 | Q75: =IF(NOT(ISNUMBER($P75)),"",IFERROR(PERCENTRANK($P$5:$P$1204,$P75),""))
A76: 45669 | B76: 1403/10/23 | C76: 694573679 | D76: 694653860 | E76: 690238141 | F76: 0 | G76: =IF($A76="","",IF(ISNUMBER($G75),$G75+1,1)) -> 72 | H76: =IF(OR(NOT(ISNUMBER($G76)),$G76<2,NOT(ISNUMBER($C75)),$C75=0),"",$C76/$C75-1) -> 0.0050875928 | I76: =IF(AND(ISNUMBER($G76),$G76>=MA_SHORT),AVERAGE(INDEX($C$5:$C76,73-MA_SHORT):$C76),"") -> 6.772095e+08 | J76: =IF(AND(ISNUMBER($G76),$G76>=MA_MED),AVERAGE(INDEX($C$5:$C76,73-MA_MED):$C76),"") -> 6.5406017e+08 | K76: =IF(AND(ISNUMBER($G76),$G76>=MA_LONG2),AVERAGE(INDEX($C$5:$C76,73-MA_LONG2):$C76),"") | L76: =IF(AND(ISNUMBER($G76),$G76>=21),STDEV(INDEX($H$16:$H76,62-20):$H76)*SQRT(245),"") -> 0.19369439 | M76: =IF(AND(ISNUMBER($G76),$G76>=60),MAX(INDEX($D$5:$D76,73-60):$D76),"") -> 703737968 | N76: =IF(AND(ISNUMBER($G76),$G76>=60),MIN(INDEX($E$5:$E76,73-60):$E76),"") -> 603550631 | O76: =IF(OR(NOT(ISNUMBER($C76)),NOT(ISNUMBER($M76)),$M76=0),"",$C76/$M76-1) -> -0.013022303 | Q76: =IF(NOT(ISNUMBER($P76)),"",IFERROR(PERCENTRANK($P$5:$P$1204,$P76),""))
A77: 45670 | B77: 1403/10/24 | C77: 701142129 | D77: 705244590 | E77: 699160369 | F77: 0 | G77: =IF($A77="","",IF(ISNUMBER($G76),$G76+1,1)) -> 73 | H77: =IF(OR(NOT(ISNUMBER($G77)),$G77<2,NOT(ISNUMBER($C76)),$C76=0),"",$C77/$C76-1) -> 0.0094568081 | I77: =IF(AND(ISNUMBER($G77),$G77>=MA_SHORT),AVERAGE(INDEX($C$5:$C77,74-MA_SHORT):$C77),"") -> 6.7957981e+08 | J77: =IF(AND(ISNUMBER($G77),$G77>=MA_MED),AVERAGE(INDEX($C$5:$C77,74-MA_MED):$C77),"") -> 6.5600043e+08 | K77: =IF(AND(ISNUMBER($G77),$G77>=MA_LONG2),AVERAGE(INDEX($C$5:$C77,74-MA_LONG2):$C77),"") | L77: =IF(AND(ISNUMBER($G77),$G77>=21),STDEV(INDEX($H$17:$H77,62-20):$H77)*SQRT(245),"") -> 0.19479891 | M77: =IF(AND(ISNUMBER($G77),$G77>=60),MAX(INDEX($D$5:$D77,74-60):$D77),"") -> 705244590 | N77: =IF(AND(ISNUMBER($G77),$G77>=60),MIN(INDEX($E$5:$E77,74-60):$E77),"") -> 603550631 | O77: =IF(OR(NOT(ISNUMBER($C77)),NOT(ISNUMBER($M77)),$M77=0),"",$C77/$M77-1) -> -0.0058170755 | Q77: =IF(NOT(ISNUMBER($P77)),"",IFERROR(PERCENTRANK($P$5:$P$1204,$P77),""))
A78: 45671 | B78: 1403/10/25 | C78: 703600897 | D78: 706044811 | E78: 701457380 | F78: 0 | G78: =IF($A78="","",IF(ISNUMBER($G77),$G77+1,1)) -> 74 | H78: =IF(OR(NOT(ISNUMBER($G78)),$G78<2,NOT(ISNUMBER($C77)),$C77=0),"",$C78/$C77-1) -> 0.003506804 | I78: =IF(AND(ISNUMBER($G78),$G78>=MA_SHORT),AVERAGE(INDEX($C$5:$C78,75-MA_SHORT):$C78),"") -> 6.815793e+08 | J78: =IF(AND(ISNUMBER($G78),$G78>=MA_MED),AVERAGE(INDEX($C$5:$C78,75-MA_MED):$C78),"") -> 6.5776706e+08 | K78: =IF(AND(ISNUMBER($G78),$G78>=MA_LONG2),AVERAGE(INDEX($C$5:$C78,75-MA_LONG2):$C78),"") | L78: =IF(AND(ISNUMBER($G78),$G78>=21),STDEV(INDEX($H$18:$H78,62-20):$H78)*SQRT(245),"") -> 0.1901236 | M78: =IF(AND(ISNUMBER($G78),$G78>=60),MAX(INDEX($D$5:$D78,75-60):$D78),"") -> 706044811 | N78: =IF(AND(ISNUMBER($G78),$G78>=60),MIN(INDEX($E$5:$E78,75-60):$E78),"") -> 603550631 | O78: =IF(OR(NOT(ISNUMBER($C78)),NOT(ISNUMBER($M78)),$M78=0),"",$C78/$M78-1) -> -0.0034614149 | Q78: =IF(NOT(ISNUMBER($P78)),"",IFERROR(PERCENTRANK($P$5:$P$1204,$P78),""))
A79: 45672 | B79: 1403/10/26 | C79: 688345031 | D79: 693556750 | E79: 685639988 | F79: 0 | G79: =IF($A79="","",IF(ISNUMBER($G78),$G78+1,1)) -> 75 | H79: =IF(OR(NOT(ISNUMBER($G79)),$G79<2,NOT(ISNUMBER($C78)),$C78=0),"",$C79/$C78-1) -> -0.021682556 | I79: =IF(AND(ISNUMBER($G79),$G79>=MA_SHORT),AVERAGE(INDEX($C$5:$C79,76-MA_SHORT):$C79),"") -> 6.8299974e+08 | J79: =IF(AND(ISNUMBER($G79),$G79>=MA_MED),AVERAGE(INDEX($C$5:$C79,76-MA_MED):$C79),"") -> 6.5917629e+08 | K79: =IF(AND(ISNUMBER($G79),$G79>=MA_LONG2),AVERAGE(INDEX($C$5:$C79,76-MA_LONG2):$C79),"") | L79: =IF(AND(ISNUMBER($G79),$G79>=21),STDEV(INDEX($H$19:$H79,62-20):$H79)*SQRT(245),"") -> 0.20711067 | M79: =IF(AND(ISNUMBER($G79),$G79>=60),MAX(INDEX($D$5:$D79,76-60):$D79),"") -> 706044811 | N79: =IF(AND(ISNUMBER($G79),$G79>=60),MIN(INDEX($E$5:$E79,76-60):$E79),"") -> 603550631 | O79: =IF(OR(NOT(ISNUMBER($C79)),NOT(ISNUMBER($M79)),$M79=0),"",$C79/$M79-1) -> -0.025068919 | Q79: =IF(NOT(ISNUMBER($P79)),"",IFERROR(PERCENTRANK($P$5:$P$1204,$P79),""))
A80: 45675 | B80: 1403/10/29 | C80: 694194089 | D80: 698601458 | E80: 693969169 | F80: 0 | G80: =IF($A80="","",IF(ISNUMBER($G79),$G79+1,1)) -> 76 | H80: =IF(OR(NOT(ISNUMBER($G80)),$G80<2,NOT(ISNUMBER($C79)),$C79=0),"",$C80/$C79-1) -> 0.0084972764 | I80: =IF(AND(ISNUMBER($G80),$G80>=MA_SHORT),AVERAGE(INDEX($C$5:$C80,77-MA_SHORT):$C80),"") -> 6.8543284e+08 | J80: =IF(AND(ISNUMBER($G80),$G80>=MA_MED),AVERAGE(INDEX($C$5:$C80,77-MA_MED):$C80),"") -> 6.6039155e+08 | K80: =IF(AND(ISNUMBER($G80),$G80>=MA_LONG2),AVERAGE(INDEX($C$5:$C80,77-MA_LONG2):$C80),"") | L80: =IF(AND(ISNUMBER($G80),$G80>=21),STDEV(INDEX($H$20:$H80,62-20):$H80)*SQRT(245),"") -> 0.18808319 | M80: =IF(AND(ISNUMBER($G80),$G80>=60),MAX(INDEX($D$5:$D80,77-60):$D80),"") -> 706044811 | N80: =IF(AND(ISNUMBER($G80),$G80>=60),MIN(INDEX($E$5:$E80,77-60):$E80),"") -> 603550631 | O80: =IF(OR(NOT(ISNUMBER($C80)),NOT(ISNUMBER($M80)),$M80=0),"",$C80/$M80-1) -> -0.01678466 | Q80: =IF(NOT(ISNUMBER($P80)),"",IFERROR(PERCENTRANK($P$5:$P$1204,$P80),""))
A81: 45676 | B81: 1403/10/30 | C81: 706940989 | D81: 710063785 | E81: 703608644 | F81: 0 | G81: =IF($A81="","",IF(ISNUMBER($G80),$G80+1,1)) -> 77 | H81: =IF(OR(NOT(ISNUMBER($G81)),$G81<2,NOT(ISNUMBER($C80)),$C80=0),"",$C81/$C80-1) -> 0.018362156 | I81: =IF(AND(ISNUMBER($G81),$G81>=MA_SHORT),AVERAGE(INDEX($C$5:$C81,78-MA_SHORT):$C81),"") -> 6.8781725e+08 | J81: =IF(AND(ISNUMBER($G81),$G81>=MA_MED),AVERAGE(INDEX($C$5:$C81,78-MA_MED):$C81),"") -> 6.6187713e+08 | K81: =IF(AND(ISNUMBER($G81),$G81>=MA_LONG2),AVERAGE(INDEX($C$5:$C81,78-MA_LONG2):$C81),"") | L81: =IF(AND(ISNUMBER($G81),$G81>=21),STDEV(INDEX($H$21:$H81,62-20):$H81)*SQRT(245),"") -> 0.18484836 | M81: =IF(AND(ISNUMBER($G81),$G81>=60),MAX(INDEX($D$5:$D81,78-60):$D81),"") -> 710063785 | N81: =IF(AND(ISNUMBER($G81),$G81>=60),MIN(INDEX($E$5:$E81,78-60):$E81),"") -> 603550631 | O81: =IF(OR(NOT(ISNUMBER($C81)),NOT(ISNUMBER($M81)),$M81=0),"",$C81/$M81-1) -> -0.0043979091 | Q81: =IF(NOT(ISNUMBER($P81)),"",IFERROR(PERCENTRANK($P$5:$P$1204,$P81),""))
A82: 45677 | B82: 1403/11/01 | C82: 696498266 | D82: 699214118 | E82: 691699903 | F82: 0 | G82: =IF($A82="","",IF(ISNUMBER($G81),$G81+1,1)) -> 78 | H82: =IF(OR(NOT(ISNUMBER($G82)),$G82<2,NOT(ISNUMBER($C81)),$C81=0),"",$C82/$C81-1) -> -0.014771704 | I82: =IF(AND(ISNUMBER($G82),$G82>=MA_SHORT),AVERAGE(INDEX($C$5:$C82,79-MA_SHORT):$C82),"") -> 6.8904729e+08 | J82: =IF(AND(ISNUMBER($G82),$G82>=MA_MED),AVERAGE(INDEX($C$5:$C82,79-MA_MED):$C82),"") -> 6.6302158e+08 | K82: =IF(AND(ISNUMBER($G82),$G82>=MA_LONG2),AVERAGE(INDEX($C$5:$C82,79-MA_LONG2):$C82),"") | L82: =IF(AND(ISNUMBER($G82),$G82>=21),STDEV(INDEX($H$22:$H82,62-20):$H82)*SQRT(245),"") -> 0.18605476 | M82: =IF(AND(ISNUMBER($G82),$G82>=60),MAX(INDEX($D$5:$D82,79-60):$D82),"") -> 710063785 | N82: =IF(AND(ISNUMBER($G82),$G82>=60),MIN(INDEX($E$5:$E82,79-60):$E82),"") -> 603550631 | O82: =IF(OR(NOT(ISNUMBER($C82)),NOT(ISNUMBER($M82)),$M82=0),"",$C82/$M82-1) -> -0.019104648 | Q82: =IF(NOT(ISNUMBER($P82)),"",IFERROR(PERCENTRANK($P$5:$P$1204,$P82),""))
A83: 45678 | B83: 1403/11/02 | C83: 692804213 | D83: 696791127 | E83: 692622037 | F83: 0 | G83: =IF($A83="","",IF(ISNUMBER($G82),$G82+1,1)) -> 79 | H83: =IF(OR(NOT(ISNUMBER($G83)),$G83<2,NOT(ISNUMBER($C82)),$C82=0),"",$C83/$C82-1) -> -0.0053037505 | I83: =IF(AND(ISNUMBER($G83),$G83>=MA_SHORT),AVERAGE(INDEX($C$5:$C83,80-MA_SHORT):$C83),"") -> 690112122 | J83: =IF(AND(ISNUMBER($G83),$G83>=MA_MED),AVERAGE(INDEX($C$5:$C83,80-MA_MED):$C83),"") -> 6.6418211e+08 | K83: =IF(AND(ISNUMBER($G83),$G83>=MA_LONG2),AVERAGE(INDEX($C$5:$C83,80-MA_LONG2):$C83),"") | L83: =IF(AND(ISNUMBER($G83),$G83>=21),STDEV(INDEX($H$23:$H83,62-20):$H83)*SQRT(245),"") -> 0.18758399 | M83: =IF(AND(ISNUMBER($G83),$G83>=60),MAX(INDEX($D$5:$D83,80-60):$D83),"") -> 710063785 | N83: =IF(AND(ISNUMBER($G83),$G83>=60),MIN(INDEX($E$5:$E83,80-60):$E83),"") -> 603550631 | O83: =IF(OR(NOT(ISNUMBER($C83)),NOT(ISNUMBER($M83)),$M83=0),"",$C83/$M83-1) -> -0.024307073 | Q83: =IF(NOT(ISNUMBER($P83)),"",IFERROR(PERCENTRANK($P$5:$P$1204,$P83),""))
A84: 45679 | B84: 1403/11/03 | C84: 713497759 | D84: 716470043 | E84: 710908791 | F84: 0 | G84: =IF($A84="","",IF(ISNUMBER($G83),$G83+1,1)) -> 80 | H84: =IF(OR(NOT(ISNUMBER($G84)),$G84<2,NOT(ISNUMBER($C83)),$C83=0),"",$C84/$C83-1) -> 0.029869255 | I84: =IF(AND(ISNUMBER($G84),$G84>=MA_SHORT),AVERAGE(INDEX($C$5:$C84,81-MA_SHORT):$C84),"") -> 6.9193996e+08 | J84: =IF(AND(ISNUMBER($G84),$G84>=MA_MED),AVERAGE(INDEX($C$5:$C84,81-MA_MED):$C84),"") -> 6.6599234e+08 | K84: =IF(AND(ISNUMBER($G84),$G84>=MA_LONG2),AVERAGE(INDEX($C$5:$C84,81-MA_LONG2):$C84),"") | L84: =IF(AND(ISNUMBER($G84),$G84>=21),STDEV(INDEX($H$24:$H84,62-20):$H84)*SQRT(245),"") -> 0.21124947 | M84: =IF(AND(ISNUMBER($G84),$G84>=60),MAX(INDEX($D$5:$D84,81-60):$D84),"") -> 716470043 | N84: =IF(AND(ISNUMBER($G84),$G84>=60),MIN(INDEX($E$5:$E84,81-60):$E84),"") -> 603550631 | O84: =IF(OR(NOT(ISNUMBER($C84)),NOT(ISNUMBER($M84)),$M84=0),"",$C84/$M84-1) -> -0.0041485112 | Q84: =IF(NOT(ISNUMBER($P84)),"",IFERROR(PERCENTRANK($P$5:$P$1204,$P84),""))
A85: 45682 | B85: 1403/11/06 | C85: 724962291 | D85: 731619806 | E85: 724634812 | F85: 0 | G85: =IF($A85="","",IF(ISNUMBER($G84),$G84+1,1)) -> 81 | H85: =IF(OR(NOT(ISNUMBER($G85)),$G85<2,NOT(ISNUMBER($C84)),$C84=0),"",$C85/$C84-1) -> 0.01606807 | I85: =IF(AND(ISNUMBER($G85),$G85>=MA_SHORT),AVERAGE(INDEX($C$5:$C85,82-MA_SHORT):$C85),"") -> 6.94866e+08 | J85: =IF(AND(ISNUMBER($G85),$G85>=MA_MED),AVERAGE(INDEX($C$5:$C85,82-MA_MED):$C85),"") -> 6.6781053e+08 | K85: =IF(AND(ISNUMBER($G85),$G85>=MA_LONG2),AVERAGE(INDEX($C$5:$C85,82-MA_LONG2):$C85),"") | L85: =IF(AND(ISNUMBER($G85),$G85>=21),STDEV(INDEX($H$25:$H85,62-20):$H85)*SQRT(245),"") -> 0.20492926 | M85: =IF(AND(ISNUMBER($G85),$G85>=60),MAX(INDEX($D$5:$D85,82-60):$D85),"") -> 731619806 | N85: =IF(AND(ISNUMBER($G85),$G85>=60),MIN(INDEX($E$5:$E85,82-60):$E85),"") -> 603550631 | O85: =IF(OR(NOT(ISNUMBER($C85)),NOT(ISNUMBER($M85)),$M85=0),"",$C85/$M85-1) -> -0.0090996921 | Q85: =IF(NOT(ISNUMBER($P85)),"",IFERROR(PERCENTRANK($P$5:$P$1204,$P85),""))
A86: 45683 | B86: 1403/11/07 | C86: 725542482 | D86: 726504168 | E86: 723225556 | F86: 0 | G86: =IF($A86="","",IF(ISNUMBER($G85),$G85+1,1)) -> 82 | H86: =IF(OR(NOT(ISNUMBER($G86)),$G86<2,NOT(ISNUMBER($C85)),$C85=0),"",$C86/$C85-1) -> 0.00080030507 | I86: =IF(AND(ISNUMBER($G86),$G86>=MA_SHORT),AVERAGE(INDEX($C$5:$C86,83-MA_SHORT):$C86),"") -> 6.9785414e+08 | J86: =IF(AND(ISNUMBER($G86),$G86>=MA_MED),AVERAGE(INDEX($C$5:$C86,83-MA_MED):$C86),"") -> 6.6975724e+08 | K86: =IF(AND(ISNUMBER($G86),$G86>=MA_LONG2),AVERAGE(INDEX($C$5:$C86,83-MA_LONG2):$C86),"") | L86: =IF(AND(ISNUMBER($G86),$G86>=21),STDEV(INDEX($H$26:$H86,62-20):$H86)*SQRT(245),"") -> 0.20442768 | M86: =IF(AND(ISNUMBER($G86),$G86>=60),MAX(INDEX($D$5:$D86,83-60):$D86),"") -> 731619806 | N86: =IF(AND(ISNUMBER($G86),$G86>=60),MIN(INDEX($E$5:$E86,83-60):$E86),"") -> 603550631 | O86: =IF(OR(NOT(ISNUMBER($C86)),NOT(ISNUMBER($M86)),$M86=0),"",$C86/$M86-1) -> -0.0083066696 | Q86: =IF(NOT(ISNUMBER($P86)),"",IFERROR(PERCENTRANK($P$5:$P$1204,$P86),""))
A87: 45684 | B87: 1403/11/08 | C87: 722095379 | D87: 723117930 | E87: 720984765 | F87: 0 | G87: =IF($A87="","",IF(ISNUMBER($G86),$G86+1,1)) -> 83 | H87: =IF(OR(NOT(ISNUMBER($G87)),$G87<2,NOT(ISNUMBER($C86)),$C86=0),"",$C87/$C86-1) -> -0.0047510698 | I87: =IF(AND(ISNUMBER($G87),$G87>=MA_SHORT),AVERAGE(INDEX($C$5:$C87,84-MA_SHORT):$C87),"") -> 7.0074941e+08 | J87: =IF(AND(ISNUMBER($G87),$G87>=MA_MED),AVERAGE(INDEX($C$5:$C87,84-MA_MED):$C87),"") -> 6.7155447e+08 | K87: =IF(AND(ISNUMBER($G87),$G87>=MA_LONG2),AVERAGE(INDEX($C$5:$C87,84-MA_LONG2):$C87),"") | L87: =IF(AND(ISNUMBER($G87),$G87>=21),STDEV(INDEX($H$27:$H87,62-20):$H87)*SQRT(245),"") -> 0.20560165 | M87: =IF(AND(ISNUMBER($G87),$G87>=60),MAX(INDEX($D$5:$D87,84-60):$D87),"") -> 731619806 | N87: =IF(AND(ISNUMBER($G87),$G87>=60),MIN(INDEX($E$5:$E87,84-60):$E87),"") -> 614075019 | O87: =IF(OR(NOT(ISNUMBER($C87)),NOT(ISNUMBER($M87)),$M87=0),"",$C87/$M87-1) -> -0.013018274 | Q87: =IF(NOT(ISNUMBER($P87)),"",IFERROR(PERCENTRANK($P$5:$P$1204,$P87),""))
A88: 45685 | B88: 1403/11/09 | C88: 721490584 | D88: 723735987 | E88: 714946039 | F88: 0 | G88: =IF($A88="","",IF(ISNUMBER($G87),$G87+1,1)) -> 84 | H88: =IF(OR(NOT(ISNUMBER($G88)),$G88<2,NOT(ISNUMBER($C87)),$C87=0),"",$C88/$C87-1) -> -0.00083755556 | I88: =IF(AND(ISNUMBER($G88),$G88>=MA_SHORT),AVERAGE(INDEX($C$5:$C88,85-MA_SHORT):$C88),"") -> 7.0296239e+08 | J88: =IF(AND(ISNUMBER($G88),$G88>=MA_MED),AVERAGE(INDEX($C$5:$C88,85-MA_MED):$C88),"") -> 6.7320274e+08 | K88: =IF(AND(ISNUMBER($G88),$G88>=MA_LONG2),AVERAGE(INDEX($C$5:$C88,85-MA_LONG2):$C88),"") | L88: =IF(AND(ISNUMBER($G88),$G88>=21),STDEV(INDEX($H$28:$H88,62-20):$H88)*SQRT(245),"") -> 0.19822731 | M88: =IF(AND(ISNUMBER($G88),$G88>=60),MAX(INDEX($D$5:$D88,85-60):$D88),"") -> 731619806 | N88: =IF(AND(ISNUMBER($G88),$G88>=60),MIN(INDEX($E$5:$E88,85-60):$E88),"") -> 614610898 | O88: =IF(OR(NOT(ISNUMBER($C88)),NOT(ISNUMBER($M88)),$M88=0),"",$C88/$M88-1) -> -0.013844926 | Q88: =IF(NOT(ISNUMBER($P88)),"",IFERROR(PERCENTRANK($P$5:$P$1204,$P88),""))
A89: 45686 | B89: 1403/11/10 | C89: 721638233 | D89: 724850267 | E89: 716028023 | F89: 0 | G89: =IF($A89="","",IF(ISNUMBER($G88),$G88+1,1)) -> 85 | H89: =IF(OR(NOT(ISNUMBER($G89)),$G89<2,NOT(ISNUMBER($C88)),$C88=0),"",$C89/$C88-1) -> 0.00020464439 | I89: =IF(AND(ISNUMBER($G89),$G89>=MA_SHORT),AVERAGE(INDEX($C$5:$C89,86-MA_SHORT):$C89),"") -> 7.0440793e+08 | J89: =IF(AND(ISNUMBER($G89),$G89>=MA_MED),AVERAGE(INDEX($C$5:$C89,86-MA_MED):$C89),"") -> 6.7481418e+08 | K89: =IF(AND(ISNUMBER($G89),$G89>=MA_LONG2),AVERAGE(INDEX($C$5:$C89,86-MA_LONG2):$C89),"") | L89: =IF(AND(ISNUMBER($G89),$G89>=21),STDEV(INDEX($H$29:$H89,62-20):$H89)*SQRT(245),"") -> 0.18468901 | M89: =IF(AND(ISNUMBER($G89),$G89>=60),MAX(INDEX($D$5:$D89,86-60):$D89),"") -> 731619806 | N89: =IF(AND(ISNUMBER($G89),$G89>=60),MIN(INDEX($E$5:$E89,86-60):$E89),"") -> 618853324 | O89: =IF(OR(NOT(ISNUMBER($C89)),NOT(ISNUMBER($M89)),$M89=0),"",$C89/$M89-1) -> -0.013643115 | Q89: =IF(NOT(ISNUMBER($P89)),"",IFERROR(PERCENTRANK($P$5:$P$1204,$P89),""))
A90: 45689 | B90: 1403/11/13 | C90: 737030836 | D90: 737601883 | E90: 735112589 | F90: 0 | G90: =IF($A90="","",IF(ISNUMBER($G89),$G89+1,1)) -> 86 | H90: =IF(OR(NOT(ISNUMBER($G90)),$G90<2,NOT(ISNUMBER($C89)),$C89=0),"",$C90/$C89-1) -> 0.021330082 | I90: =IF(AND(ISNUMBER($G90),$G90>=MA_SHORT),AVERAGE(INDEX($C$5:$C90,87-MA_SHORT):$C90),"") -> 7.0665308e+08 | J90: =IF(AND(ISNUMBER($G90),$G90>=MA_MED),AVERAGE(INDEX($C$5:$C90,87-MA_MED):$C90),"") -> 6.765842e+08 | K90: =IF(AND(ISNUMBER($G90),$G90>=MA_LONG2),AVERAGE(INDEX($C$5:$C90,87-MA_LONG2):$C90),"") | L90: =IF(AND(ISNUMBER($G90),$G90>=21),STDEV(INDEX($H$30:$H90,62-20):$H90)*SQRT(245),"") -> 0.19606217 | M90: =IF(AND(ISNUMBER($G90),$G90>=60),MAX(INDEX($D$5:$D90,87-60):$D90),"") -> 737601883 | N90: =IF(AND(ISNUMBER($G90),$G90>=60),MIN(INDEX($E$5:$E90,87-60):$E90),"") -> 618853324 | O90: =IF(OR(NOT(ISNUMBER($C90)),NOT(ISNUMBER($M90)),$M90=0),"",$C90/$M90-1) -> -0.00077419406 | Q90: =IF(NOT(ISNUMBER($P90)),"",IFERROR(PERCENTRANK($P$5:$P$1204,$P90),""))
A91: 45690 | B91: 1403/11/14 | C91: 730685548 | D91: 734285412 | E91: 729739073 | F91: 0 | G91: =IF($A91="","",IF(ISNUMBER($G90),$G90+1,1)) -> 87 | H91: =IF(OR(NOT(ISNUMBER($G91)),$G91<2,NOT(ISNUMBER($C90)),$C90=0),"",$C91/$C90-1) -> -0.0086092572 | I91: =IF(AND(ISNUMBER($G91),$G91>=MA_SHORT),AVERAGE(INDEX($C$5:$C91,88-MA_SHORT):$C91),"") -> 7.084102e+08 | J91: =IF(AND(ISNUMBER($G91),$G91>=MA_MED),AVERAGE(INDEX($C$5:$C91,88-MA_MED):$C91),"") -> 6.7807682e+08 | K91: =IF(AND(ISNUMBER($G91),$G91>=MA_LONG2),AVERAGE(INDEX($C$5:$C91,88-MA_LONG2):$C91),"") | L91: =IF(AND(ISNUMBER($G91),$G91>=21),STDEV(INDEX($H$31:$H91,62-20):$H91)*SQRT(245),"") -> 0.20022314 | M91: =IF(AND(ISNUMBER($G91),$G91>=60),MAX(INDEX($D$5:$D91,88-60):$D91),"") -> 737601883 | N91: =IF(AND(ISNUMBER($G91),$G91>=60),MIN(INDEX($E$5:$E91,88-60):$E91),"") -> 618853324 | O91: =IF(OR(NOT(ISNUMBER($C91)),NOT(ISNUMBER($M91)),$M91=0),"",$C91/$M91-1) -> -0.009376786 | Q91: =IF(NOT(ISNUMBER($P91)),"",IFERROR(PERCENTRANK($P$5:$P$1204,$P91),""))
A92: 45691 | B92: 1403/11/15 | C92: 724628470 | D92: 727065317 | E92: 723857602 | F92: 0 | G92: =IF($A92="","",IF(ISNUMBER($G91),$G91+1,1)) -> 88 | H92: =IF(OR(NOT(ISNUMBER($G92)),$G92<2,NOT(ISNUMBER($C91)),$C91=0),"",$C92/$C91-1) -> -0.0082895823 | I92: =IF(AND(ISNUMBER($G92),$G92>=MA_SHORT),AVERAGE(INDEX($C$5:$C92,89-MA_SHORT):$C92),"") -> 7.0946427e+08 | J92: =IF(AND(ISNUMBER($G92),$G92>=MA_MED),AVERAGE(INDEX($C$5:$C92,89-MA_MED):$C92),"") -> 6.7972574e+08 | K92: =IF(AND(ISNUMBER($G92),$G92>=MA_LONG2),AVERAGE(INDEX($C$5:$C92,89-MA_LONG2):$C92),"") | L92: =IF(AND(ISNUMBER($G92),$G92>=21),STDEV(INDEX($H$32:$H92,62-20):$H92)*SQRT(245),"") -> 0.20078489 | M92: =IF(AND(ISNUMBER($G92),$G92>=60),MAX(INDEX($D$5:$D92,89-60):$D92),"") -> 737601883 | N92: =IF(AND(ISNUMBER($G92),$G92>=60),MIN(INDEX($E$5:$E92,89-60):$E92),"") -> 618853324 | O92: =IF(OR(NOT(ISNUMBER($C92)),NOT(ISNUMBER($M92)),$M92=0),"",$C92/$M92-1) -> -0.017588639 | Q92: =IF(NOT(ISNUMBER($P92)),"",IFERROR(PERCENTRANK($P$5:$P$1204,$P92),""))
A93: 45692 | B93: 1403/11/16 | C93: 724795910 | D93: 730395773 | E93: 722295820 | F93: 0 | G93: =IF($A93="","",IF(ISNUMBER($G92),$G92+1,1)) -> 89 | H93: =IF(OR(NOT(ISNUMBER($G93)),$G93<2,NOT(ISNUMBER($C92)),$C92=0),"",$C93/$C92-1) -> 0.00023107014 | I93: =IF(AND(ISNUMBER($G93),$G93>=MA_SHORT),AVERAGE(INDEX($C$5:$C93,90-MA_SHORT):$C93),"") -> 7.1056114e+08 | J93: =IF(AND(ISNUMBER($G93),$G93>=MA_MED),AVERAGE(INDEX($C$5:$C93,90-MA_MED):$C93),"") -> 6.8137233e+08 | K93: =IF(AND(ISNUMBER($G93),$G93>=MA_LONG2),AVERAGE(INDEX($C$5:$C93,90-MA_LONG2):$C93),"") | L93: =IF(AND(ISNUMBER($G93),$G93>=21),STDEV(INDEX($H$33:$H93,62-20):$H93)*SQRT(245),"") -> 0.20063264 | M93: =IF(AND(ISNUMBER($G93),$G93>=60),MAX(INDEX($D$5:$D93,90-60):$D93),"") -> 737601883 | N93: =IF(AND(ISNUMBER($G93),$G93>=60),MIN(INDEX($E$5:$E93,90-60):$E93),"") -> 618853324 | O93: =IF(OR(NOT(ISNUMBER($C93)),NOT(ISNUMBER($M93)),$M93=0),"",$C93/$M93-1) -> -0.017361633 | Q93: =IF(NOT(ISNUMBER($P93)),"",IFERROR(PERCENTRANK($P$5:$P$1204,$P93),""))
A94: 45693 | B94: 1403/11/17 | C94: 737150601 | D94: 738383492 | E94: 733365783 | F94: 0 | G94: =IF($A94="","",IF(ISNUMBER($G93),$G93+1,1)) -> 90 | H94: =IF(OR(NOT(ISNUMBER($G94)),$G94<2,NOT(ISNUMBER($C93)),$C93=0),"",$C94/$C93-1) -> 0.017045752 | I94: =IF(AND(ISNUMBER($G94),$G94>=MA_SHORT),AVERAGE(INDEX($C$5:$C94,91-MA_SHORT):$C94),"") -> 7.1263376e+08 | J94: =IF(AND(ISNUMBER($G94),$G94>=MA_MED),AVERAGE(INDEX($C$5:$C94,91-MA_MED):$C94),"") -> 6.8329771e+08 | K94: =IF(AND(ISNUMBER($G94),$G94>=MA_LONG2),AVERAGE(INDEX($C$5:$C94,91-MA_LONG2):$C94),"") | L94: =IF(AND(ISNUMBER($G94),$G94>=21),STDEV(INDEX($H$34:$H94,62-20):$H94)*SQRT(245),"") -> 0.20260568 | M94: =IF(AND(ISNUMBER($G94),$G94>=60),MAX(INDEX($D$5:$D94,91-60):$D94),"") -> 738383492 | N94: =IF(AND(ISNUMBER($G94),$G94>=60),MIN(INDEX($E$5:$E94,91-60):$E94),"") -> 626872843 | O94: =IF(OR(NOT(ISNUMBER($C94)),NOT(ISNUMBER($M94)),$M94=0),"",$C94/$M94-1) -> -0.0016697164 | Q94: =IF(NOT(ISNUMBER($P94)),"",IFERROR(PERCENTRANK($P$5:$P$1204,$P94),""))
A95: 45696 | B95: 1403/11/20 | C95: 736210923 | D95: 739042950 | E95: 733133940 | F95: 0 | G95: =IF($A95="","",IF(ISNUMBER($G94),$G94+1,1)) -> 91 | H95: =IF(OR(NOT(ISNUMBER($G95)),$G95<2,NOT(ISNUMBER($C94)),$C94=0),"",$C95/$C94-1) -> -0.0012747436 | I95: =IF(AND(ISNUMBER($G95),$G95>=MA_SHORT),AVERAGE(INDEX($C$5:$C95,92-MA_SHORT):$C95),"") -> 7.1489142e+08 | J95: =IF(AND(ISNUMBER($G95),$G95>=MA_MED),AVERAGE(INDEX($C$5:$C95,92-MA_MED):$C95),"") -> 6.8503648e+08 | K95: =IF(AND(ISNUMBER($G95),$G95>=MA_LONG2),AVERAGE(INDEX($C$5:$C95,92-MA_LONG2):$C95),"") | L95: =IF(AND(ISNUMBER($G95),$G95>=21),STDEV(INDEX($H$35:$H95,62-20):$H95)*SQRT(245),"") -> 0.20015821 | M95: =IF(AND(ISNUMBER($G95),$G95>=60),MAX(INDEX($D$5:$D95,92-60):$D95),"") -> 739042950 | N95: =IF(AND(ISNUMBER($G95),$G95>=60),MIN(INDEX($E$5:$E95,92-60):$E95),"") -> 626872843 | O95: =IF(OR(NOT(ISNUMBER($C95)),NOT(ISNUMBER($M95)),$M95=0),"",$C95/$M95-1) -> -0.0038320195 | Q95: =IF(NOT(ISNUMBER($P95)),"",IFERROR(PERCENTRANK($P$5:$P$1204,$P95),""))
A96: 45697 | B96: 1403/11/21 | C96: 732967263 | D96: 736714389 | E96: 731398050 | F96: 0 | G96: =IF($A96="","",IF(ISNUMBER($G95),$G95+1,1)) -> 92 | H96: =IF(OR(NOT(ISNUMBER($G96)),$G96<2,NOT(ISNUMBER($C95)),$C95=0),"",$C96/$C95-1) -> -0.0044058841 | I96: =IF(AND(ISNUMBER($G96),$G96>=MA_SHORT),AVERAGE(INDEX($C$5:$C96,93-MA_SHORT):$C96),"") -> 7.1681109e+08 | J96: =IF(AND(ISNUMBER($G96),$G96>=MA_MED),AVERAGE(INDEX($C$5:$C96,93-MA_MED):$C96),"") -> 6.868539e+08 | K96: =IF(AND(ISNUMBER($G96),$G96>=MA_LONG2),AVERAGE(INDEX($C$5:$C96,93-MA_LONG2):$C96),"") | L96: =IF(AND(ISNUMBER($G96),$G96>=21),STDEV(INDEX($H$36:$H96,62-20):$H96)*SQRT(245),"") -> 0.20178382 | M96: =IF(AND(ISNUMBER($G96),$G96>=60),MAX(INDEX($D$5:$D96,93-60):$D96),"") -> 739042950 | N96: =IF(AND(ISNUMBER($G96),$G96>=60),MIN(INDEX($E$5:$E96,93-60):$E96),"") -> 628086366 | O96: =IF(OR(NOT(ISNUMBER($C96)),NOT(ISNUMBER($M96)),$M96=0),"",$C96/$M96-1) -> -0.0082210202 | Q96: =IF(NOT(ISNUMBER($P96)),"",IFERROR(PERCENTRANK($P$5:$P$1204,$P96),""))
A97: 45698 | B97: 1403/11/22 | C97: 732498892 | D97: 734279080 | E97: 730749675 | F97: 0 | G97: =IF($A97="","",IF(ISNUMBER($G96),$G96+1,1)) -> 93 | H97: =IF(OR(NOT(ISNUMBER($G97)),$G97<2,NOT(ISNUMBER($C96)),$C96=0),"",$C97/$C96-1) -> -0.00063900671 | I97: =IF(AND(ISNUMBER($G97),$G97>=MA_SHORT),AVERAGE(INDEX($C$5:$C97,94-MA_SHORT):$C97),"") -> 7.1837893e+08 | J97: =IF(AND(ISNUMBER($G97),$G97>=MA_MED),AVERAGE(INDEX($C$5:$C97,94-MA_MED):$C97),"") -> 6.8856666e+08 | K97: =IF(AND(ISNUMBER($G97),$G97>=MA_LONG2),AVERAGE(INDEX($C$5:$C97,94-MA_LONG2):$C97),"") | L97: =IF(AND(ISNUMBER($G97),$G97>=21),STDEV(INDEX($H$37:$H97,62-20):$H97)*SQRT(245),"") -> 0.20056142 | M97: =IF(AND(ISNUMBER($G97),$G97>=60),MAX(INDEX($D$5:$D97,94-60):$D97),"") -> 739042950 | N97: =IF(AND(ISNUMBER($G97),$G97>=60),MIN(INDEX($E$5:$E97,94-60):$E97),"") -> 630263781 | O97: =IF(OR(NOT(ISNUMBER($C97)),NOT(ISNUMBER($M97)),$M97=0),"",$C97/$M97-1) -> -0.0088547736 | Q97: =IF(NOT(ISNUMBER($P97)),"",IFERROR(PERCENTRANK($P$5:$P$1204,$P97),""))
A98: 45699 | B98: 1403/11/23 | C98: 738193361 | D98: 741027465 | E98: 731233182 | F98: 0 | G98: =IF($A98="","",IF(ISNUMBER($G97),$G97+1,1)) -> 94 | H98: =IF(OR(NOT(ISNUMBER($G98)),$G98<2,NOT(ISNUMBER($C97)),$C97=0),"",$C98/$C97-1) -> 0.0077740309 | I98: =IF(AND(ISNUMBER($G98),$G98>=MA_SHORT),AVERAGE(INDEX($C$5:$C98,95-MA_SHORT):$C98),"") -> 720108556 | J98: =IF(AND(ISNUMBER($G98),$G98>=MA_MED),AVERAGE(INDEX($C$5:$C98,95-MA_MED):$C98),"") -> 6.9041061e+08 | K98: =IF(AND(ISNUMBER($G98),$G98>=MA_LONG2),AVERAGE(INDEX($C$5:$C98,95-MA_LONG2):$C98),"") | L98: =IF(AND(ISNUMBER($G98),$G98>=21),STDEV(INDEX($H$38:$H98,62-20):$H98)*SQRT(245),"") -> 0.20145553 | M98: =IF(AND(ISNUMBER($G98),$G98>=60),MAX(INDEX($D$5:$D98,95-60):$D98),"") -> 741027465 | N98: =IF(AND(ISNUMBER($G98),$G98>=60),MIN(INDEX($E$5:$E98,95-60):$E98),"") -> 630263781 | O98: =IF(OR(NOT(ISNUMBER($C98)),NOT(ISNUMBER($M98)),$M98=0),"",$C98/$M98-1) -> -0.00382456 | Q98: =IF(NOT(ISNUMBER($P98)),"",IFERROR(PERCENTRANK($P$5:$P$1204,$P98),""))
A99: 45700 | B99: 1403/11/24 | C99: 755952615 | D99: 757134500 | E99: 751621726 | F99: 0 | G99: =IF($A99="","",IF(ISNUMBER($G98),$G98+1,1)) -> 95 | H99: =IF(OR(NOT(ISNUMBER($G99)),$G99<2,NOT(ISNUMBER($C98)),$C98=0),"",$C99/$C98-1) -> 0.024057727 | I99: =IF(AND(ISNUMBER($G99),$G99>=MA_SHORT),AVERAGE(INDEX($C$5:$C99,96-MA_SHORT):$C99),"") -> 7.2348894e+08 | J99: =IF(AND(ISNUMBER($G99),$G99>=MA_MED),AVERAGE(INDEX($C$5:$C99,96-MA_MED):$C99),"") -> 6.9276292e+08 | K99: =IF(AND(ISNUMBER($G99),$G99>=MA_LONG2),AVERAGE(INDEX($C$5:$C99,96-MA_LONG2):$C99),"") | L99: =IF(AND(ISNUMBER($G99),$G99>=21),STDEV(INDEX($H$39:$H99,62-20):$H99)*SQRT(245),"") -> 0.19419021 | M99: =IF(AND(ISNUMBER($G99),$G99>=60),MAX(INDEX($D$5:$D99,96-60):$D99),"") -> 757134500 | N99: =IF(AND(ISNUMBER($G99),$G99>=60),MIN(INDEX($E$5:$E99,96-60):$E99),"") -> 630263781 | O99: =IF(OR(NOT(ISNUMBER($C99)),NOT(ISNUMBER($M99)),$M99=0),"",$C99/$M99-1) -> -0.0015609974 | Q99: =IF(NOT(ISNUMBER($P99)),"",IFERROR(PERCENTRANK($P$5:$P$1204,$P99),""))
A100: 45703 | B100: 1403/11/27 | C100: 750515722 | D100: 754031343 | E100: 750094292 | F100: 0 | G100: =IF($A100="","",IF(ISNUMBER($G99),$G99+1,1)) -> 96 | H100: =IF(OR(NOT(ISNUMBER($G100)),$G100<2,NOT(ISNUMBER($C99)),$C99=0),"",$C100/$C99-1) -> -0.0071921082 | I100: =IF(AND(ISNUMBER($G100),$G100>=MA_SHORT),AVERAGE(INDEX($C$5:$C100,97-MA_SHORT):$C100),"") -> 7.2630502e+08 | J100: =IF(AND(ISNUMBER($G100),$G100>=MA_MED),AVERAGE(INDEX($C$5:$C100,97-MA_MED):$C100),"") -> 6.9496222e+08 | K100: =IF(AND(ISNUMBER($G100),$G100>=MA_LONG2),AVERAGE(INDEX($C$5:$C100,97-MA_LONG2):$C100),"") | L100: =IF(AND(ISNUMBER($G100),$G100>=21),STDEV(INDEX($H$40:$H100,62-20):$H100)*SQRT(245),"") -> 0.19803099 | M100: =IF(AND(ISNUMBER($G100),$G100>=60),MAX(INDEX($D$5:$D100,97-60):$D100),"") -> 757134500 | N100: =IF(AND(ISNUMBER($G100),$G100>=60),MIN(INDEX($E$5:$E100,97-60):$E100),"") -> 630263781 | O100: =IF(OR(NOT(ISNUMBER($C100)),NOT(ISNUMBER($M100)),$M100=0),"",$C100/$M100-1) -> -0.0087418788 | Q100: =IF(NOT(ISNUMBER($P100)),"",IFERROR(PERCENTRANK($P$5:$P$1204,$P100),""))
...

Sheet Hist_Gram18
A1: تاریخچه روزانه طلای ۱۸ عیار
A2: با python scripts/fetch_gold_fx.py --history پر می‌شود.
A3: تاریخ میلادی | B3: تاریخ شمسی | C3: قیمت | D3: بیشترین | E3: کمترین | F3: حجم / یادداشت | G3: شمارنده | H3: بازده روزانه | I3: MA کوتاه | J3: MA میان‌مدت | K3: MA بلند | L3: نوسان ۲۰ روزه (سالانه) | M3: سقف ۶۰ روزه | N3: کف ۶۰ روزه | O3: افت از سقف | P3: حباب گرم نسبت به فلز | Q3: صدک تاریخی سنجه
A4: - | B4: - | C4: close | D4: high | E4: low | F4: volume | G4: n | H4: - | I4: MA_SHORT | J4: MA_MED | K4: MA_LONG2 | L4: - | M4: - | N4: - | O4: - | P4: پایتون | Q4: PERCENTRANK
A5: 45570 | B5: 1403/07/14 | C5: 77531609 | D5: 77684320 | E5: 77185908 | F5: 0 | G5: =IF($A5="","",IF(ISNUMBER($G4),$G4+1,1)) -> 1 | H5: =IF(OR(NOT(ISNUMBER($G5)),$G5<2,NOT(ISNUMBER($C4)),$C4=0),"",$C5/$C4-1) | I5: =IF(AND(ISNUMBER($G5),$G5>=MA_SHORT),AVERAGE(INDEX($C$5:$C5,2-MA_SHORT):$C5),"") | J5: =IF(AND(ISNUMBER($G5),$G5>=MA_MED),AVERAGE(INDEX($C$5:$C5,2-MA_MED):$C5),"") | K5: =IF(AND(ISNUMBER($G5),$G5>=MA_LONG2),AVERAGE(INDEX($C$5:$C5,2-MA_LONG2):$C5),"") | L5: =IF(AND(ISNUMBER($G5),$G5>=21),STDEV(INDEX($H$5:$H5,2-20):$H5)*SQRT(245),"") | M5: =IF(AND(ISNUMBER($G5),$G5>=60),MAX(INDEX($D$5:$D5,2-60):$D5),"") | N5: =IF(AND(ISNUMBER($G5),$G5>=60),MIN(INDEX($E$5:$E5,2-60):$E5),"") | O5: =IF(OR(NOT(ISNUMBER($C5)),NOT(ISNUMBER($M5)),$M5=0),"",$C5/$M5-1) | Q5: =IF(NOT(ISNUMBER($P5)),"",IFERROR(PERCENTRANK($P$5:$P$1204,$P5),""))
A6: 45571 | B6: 1403/07/15 | C6: 79529731 | D6: 79959462 | E6: 79300680 | F6: 0 | G6: =IF($A6="","",IF(ISNUMBER($G5),$G5+1,1)) -> 2 | H6: =IF(OR(NOT(ISNUMBER($G6)),$G6<2,NOT(ISNUMBER($C5)),$C5=0),"",$C6/$C5-1) -> 0.025771708 | I6: =IF(AND(ISNUMBER($G6),$G6>=MA_SHORT),AVERAGE(INDEX($C$5:$C6,3-MA_SHORT):$C6),"") | J6: =IF(AND(ISNUMBER($G6),$G6>=MA_MED),AVERAGE(INDEX($C$5:$C6,3-MA_MED):$C6),"") | K6: =IF(AND(ISNUMBER($G6),$G6>=MA_LONG2),AVERAGE(INDEX($C$5:$C6,3-MA_LONG2):$C6),"") | L6: =IF(AND(ISNUMBER($G6),$G6>=21),STDEV(INDEX($H$5:$H6,3-20):$H6)*SQRT(245),"") | M6: =IF(AND(ISNUMBER($G6),$G6>=60),MAX(INDEX($D$5:$D6,3-60):$D6),"") | N6: =IF(AND(ISNUMBER($G6),$G6>=60),MIN(INDEX($E$5:$E6,3-60):$E6),"") | O6: =IF(OR(NOT(ISNUMBER($C6)),NOT(ISNUMBER($M6)),$M6=0),"",$C6/$M6-1) | Q6: =IF(NOT(ISNUMBER($P6)),"",IFERROR(PERCENTRANK($P$5:$P$1204,$P6),""))
A7: 45572 | B7: 1403/07/16 | C7: 78640334 | D7: 78741587 | E7: 78592835 | F7: 0 | G7: =IF($A7="","",IF(ISNUMBER($G6),$G6+1,1)) -> 3 | H7: =IF(OR(NOT(ISNUMBER($G7)),$G7<2,NOT(ISNUMBER($C6)),$C6=0),"",$C7/$C6-1) -> -0.011183201 | I7: =IF(AND(ISNUMBER($G7),$G7>=MA_SHORT),AVERAGE(INDEX($C$5:$C7,4-MA_SHORT):$C7),"") | J7: =IF(AND(ISNUMBER($G7),$G7>=MA_MED),AVERAGE(INDEX($C$5:$C7,4-MA_MED):$C7),"") | K7: =IF(AND(ISNUMBER($G7),$G7>=MA_LONG2),AVERAGE(INDEX($C$5:$C7,4-MA_LONG2):$C7),"") | L7: =IF(AND(ISNUMBER($G7),$G7>=21),STDEV(INDEX($H$5:$H7,4-20):$H7)*SQRT(245),"") | M7: =IF(AND(ISNUMBER($G7),$G7>=60),MAX(INDEX($D$5:$D7,4-60):$D7),"") | N7: =IF(AND(ISNUMBER($G7),$G7>=60),MIN(INDEX($E$5:$E7,4-60):$E7),"") | O7: =IF(OR(NOT(ISNUMBER($C7)),NOT(ISNUMBER($M7)),$M7=0),"",$C7/$M7-1) | Q7: =IF(NOT(ISNUMBER($P7)),"",IFERROR(PERCENTRANK($P$5:$P$1204,$P7),""))
A8: 45573 | B8: 1403/07/17 | C8: 77380022 | D8: 77468797 | E8: 76933124 | F8: 0 | G8: =IF($A8="","",IF(ISNUMBER($G7),$G7+1,1)) -> 4 | H8: =IF(OR(NOT(ISNUMBER($G8)),$G8<2,NOT(ISNUMBER($C7)),$C7=0),"",$C8/$C7-1) -> -0.01602628 | I8: =IF(AND(ISNUMBER($G8),$G8>=MA_SHORT),AVERAGE(INDEX($C$5:$C8,5-MA_SHORT):$C8),"") | J8: =IF(AND(ISNUMBER($G8),$G8>=MA_MED),AVERAGE(INDEX($C$5:$C8,5-MA_MED):$C8),"") | K8: =IF(AND(ISNUMBER($G8),$G8>=MA_LONG2),AVERAGE(INDEX($C$5:$C8,5-MA_LONG2):$C8),"") | L8: =IF(AND(ISNUMBER($G8),$G8>=21),STDEV(INDEX($H$5:$H8,5-20):$H8)*SQRT(245),"") | M8: =IF(AND(ISNUMBER($G8),$G8>=60),MAX(INDEX($D$5:$D8,5-60):$D8),"") | N8: =IF(AND(ISNUMBER($G8),$G8>=60),MIN(INDEX($E$5:$E8,5-60):$E8),"") | O8: =IF(OR(NOT(ISNUMBER($C8)),NOT(ISNUMBER($M8)),$M8=0),"",$C8/$M8-1) | Q8: =IF(NOT(ISNUMBER($P8)),"",IFERROR(PERCENTRANK($P$5:$P$1204,$P8),""))
A9: 45574 | B9: 1403/07/18 | C9: 78025527 | D9: 78309825 | E9: 77925618 | F9: 0 | G9: =IF($A9="","",IF(ISNUMBER($G8),$G8+1,1)) -> 5 | H9: =IF(OR(NOT(ISNUMBER($G9)),$G9<2,NOT(ISNUMBER($C8)),$C8=0),"",$C9/$C8-1) -> 0.0083420111 | I9: =IF(AND(ISNUMBER($G9),$G9>=MA_SHORT),AVERAGE(INDEX($C$5:$C9,6-MA_SHORT):$C9),"") | J9: =IF(AND(ISNUMBER($G9),$G9>=MA_MED),AVERAGE(INDEX($C$5:$C9,6-MA_MED):$C9),"") | K9: =IF(AND(ISNUMBER($G9),$G9>=MA_LONG2),AVERAGE(INDEX($C$5:$C9,6-MA_LONG2):$C9),"") | L9: =IF(AND(ISNUMBER($G9),$G9>=21),STDEV(INDEX($H$5:$H9,6-20):$H9)*SQRT(245),"") | M9: =IF(AND(ISNUMBER($G9),$G9>=60),MAX(INDEX($D$5:$D9,6-60):$D9),"") | N9: =IF(AND(ISNUMBER($G9),$G9>=60),MIN(INDEX($E$5:$E9,6-60):$E9),"") | O9: =IF(OR(NOT(ISNUMBER($C9)),NOT(ISNUMBER($M9)),$M9=0),"",$C9/$M9-1) | Q9: =IF(NOT(ISNUMBER($P9)),"",IFERROR(PERCENTRANK($P$5:$P$1204,$P9),""))
A10: 45577 | B10: 1403/07/21 | C10: 78573859 | D10: 78605791 | E10: 78386241 | F10: 0 | G10: =IF($A10="","",IF(ISNUMBER($G9),$G9+1,1)) -> 6 | H10: =IF(OR(NOT(ISNUMBER($G10)),$G10<2,NOT(ISNUMBER($C9)),$C9=0),"",$C10/$C9-1) -> 0.0070275975 | I10: =IF(AND(ISNUMBER($G10),$G10>=MA_SHORT),AVERAGE(INDEX($C$5:$C10,7-MA_SHORT):$C10),"") | J10: =IF(AND(ISNUMBER($G10),$G10>=MA_MED),AVERAGE(INDEX($C$5:$C10,7-MA_MED):$C10),"") | K10: =IF(AND(ISNUMBER($G10),$G10>=MA_LONG2),AVERAGE(INDEX($C$5:$C10,7-MA_LONG2):$C10),"") | L10: =IF(AND(ISNUMBER($G10),$G10>=21),STDEV(INDEX($H$5:$H10,7-20):$H10)*SQRT(245),"") | M10: =IF(AND(ISNUMBER($G10),$G10>=60),MAX(INDEX($D$5:$D10,7-60):$D10),"") | N10: =IF(AND(ISNUMBER($G10),$G10>=60),MIN(INDEX($E$5:$E10,7-60):$E10),"") | O10: =IF(OR(NOT(ISNUMBER($C10)),NOT(ISNUMBER($M10)),$M10=0),"",$C10/$M10-1) | Q10: =IF(NOT(ISNUMBER($P10)),"",IFERROR(PERCENTRANK($P$5:$P$1204,$P10),""))
A11: 45578 | B11: 1403/07/22 | C11: 77842492 | D11: 78200588 | E11: 77334786 | F11: 0 | G11: =IF($A11="","",IF(ISNUMBER($G10),$G10+1,1)) -> 7 | H11: =IF(OR(NOT(ISNUMBER($G11)),$G11<2,NOT(ISNUMBER($C10)),$C10=0),"",$C11/$C10-1) -> -0.0093080194 | I11: =IF(AND(ISNUMBER($G11),$G11>=MA_SHORT),AVERAGE(INDEX($C$5:$C11,8-MA_SHORT):$C11),"") | J11: =IF(AND(ISNUMBER($G11),$G11>=MA_MED),AVERAGE(INDEX($C$5:$C11,8-MA_MED):$C11),"") | K11: =IF(AND(ISNUMBER($G11),$G11>=MA_LONG2),AVERAGE(INDEX($C$5:$C11,8-MA_LONG2):$C11),"") | L11: =IF(AND(ISNUMBER($G11),$G11>=21),STDEV(INDEX($H$5:$H11,8-20):$H11)*SQRT(245),"") | M11: =IF(AND(ISNUMBER($G11),$G11>=60),MAX(INDEX($D$5:$D11,8-60):$D11),"") | N11: =IF(AND(ISNUMBER($G11),$G11>=60),MIN(INDEX($E$5:$E11,8-60):$E11),"") | O11: =IF(OR(NOT(ISNUMBER($C11)),NOT(ISNUMBER($M11)),$M11=0),"",$C11/$M11-1) | Q11: =IF(NOT(ISNUMBER($P11)),"",IFERROR(PERCENTRANK($P$5:$P$1204,$P11),""))
A12: 45579 | B12: 1403/07/23 | C12: 78559850 | D12: 79177408 | E12: 78429910 | F12: 0 | G12: =IF($A12="","",IF(ISNUMBER($G11),$G11+1,1)) -> 8 | H12: =IF(OR(NOT(ISNUMBER($G12)),$G12<2,NOT(ISNUMBER($C11)),$C11=0),"",$C12/$C11-1) -> 0.0092155066 | I12: =IF(AND(ISNUMBER($G12),$G12>=MA_SHORT),AVERAGE(INDEX($C$5:$C12,9-MA_SHORT):$C12),"") | J12: =IF(AND(ISNUMBER($G12),$G12>=MA_MED),AVERAGE(INDEX($C$5:$C12,9-MA_MED):$C12),"") | K12: =IF(AND(ISNUMBER($G12),$G12>=MA_LONG2),AVERAGE(INDEX($C$5:$C12,9-MA_LONG2):$C12),"") | L12: =IF(AND(ISNUMBER($G12),$G12>=21),STDEV(INDEX($H$5:$H12,9-20):$H12)*SQRT(245),"") | M12: =IF(AND(ISNUMBER($G12),$G12>=60),MAX(INDEX($D$5:$D12,9-60):$D12),"") | N12: =IF(AND(ISNUMBER($G12),$G12>=60),MIN(INDEX($E$5:$E12,9-60):$E12),"") | O12: =IF(OR(NOT(ISNUMBER($C12)),NOT(ISNUMBER($M12)),$M12=0),"",$C12/$M12-1) | Q12: =IF(NOT(ISNUMBER($P12)),"",IFERROR(PERCENTRANK($P$5:$P$1204,$P12),""))
A13: 45580 | B13: 1403/07/24 | C13: 79016135 | D13: 79201465 | E13: 78939804 | F13: 0 | G13: =IF($A13="","",IF(ISNUMBER($G12),$G12+1,1)) -> 9 | H13: =IF(OR(NOT(ISNUMBER($G13)),$G13<2,NOT(ISNUMBER($C12)),$C12=0),"",$C13/$C12-1) -> 0.0058081195 | I13: =IF(AND(ISNUMBER($G13),$G13>=MA_SHORT),AVERAGE(INDEX($C$5:$C13,10-MA_SHORT):$C13),"") | J13: =IF(AND(ISNUMBER($G13),$G13>=MA_MED),AVERAGE(INDEX($C$5:$C13,10-MA_MED):$C13),"") | K13: =IF(AND(ISNUMBER($G13),$G13>=MA_LONG2),AVERAGE(INDEX($C$5:$C13,10-MA_LONG2):$C13),"") | L13: =IF(AND(ISNUMBER($G13),$G13>=21),STDEV(INDEX($H$5:$H13,10-20):$H13)*SQRT(245),"") | M13: =IF(AND(ISNUMBER($G13),$G13>=60),MAX(INDEX($D$5:$D13,10-60):$D13),"") | N13: =IF(AND(ISNUMBER($G13),$G13>=60),MIN(INDEX($E$5:$E13,10-60):$E13),"") | O13: =IF(OR(NOT(ISNUMBER($C13)),NOT(ISNUMBER($M13)),$M13=0),"",$C13/$M13-1) | Q13: =IF(NOT(ISNUMBER($P13)),"",IFERROR(PERCENTRANK($P$5:$P$1204,$P13),""))
A14: 45581 | B14: 1403/07/25 | C14: 77438026 | D14: 77764144 | E14: 77111892 | F14: 0 | G14: =IF($A14="","",IF(ISNUMBER($G13),$G13+1,1)) -> 10 | H14: =IF(OR(NOT(ISNUMBER($G14)),$G14<2,NOT(ISNUMBER($C13)),$C13=0),"",$C14/$C13-1) -> -0.019971984 | I14: =IF(AND(ISNUMBER($G14),$G14>=MA_SHORT),AVERAGE(INDEX($C$5:$C14,11-MA_SHORT):$C14),"") | J14: =IF(AND(ISNUMBER($G14),$G14>=MA_MED),AVERAGE(INDEX($C$5:$C14,11-MA_MED):$C14),"") | K14: =IF(AND(ISNUMBER($G14),$G14>=MA_LONG2),AVERAGE(INDEX($C$5:$C14,11-MA_LONG2):$C14),"") | L14: =IF(AND(ISNUMBER($G14),$G14>=21),STDEV(INDEX($H$5:$H14,11-20):$H14)*SQRT(245),"") | M14: =IF(AND(ISNUMBER($G14),$G14>=60),MAX(INDEX($D$5:$D14,11-60):$D14),"") | N14: =IF(AND(ISNUMBER($G14),$G14>=60),MIN(INDEX($E$5:$E14,11-60):$E14),"") | O14: =IF(OR(NOT(ISNUMBER($C14)),NOT(ISNUMBER($M14)),$M14=0),"",$C14/$M14-1) | Q14: =IF(NOT(ISNUMBER($P14)),"",IFERROR(PERCENTRANK($P$5:$P$1204,$P14),""))
A15: 45584 | B15: 1403/07/28 | C15: 79093783 | D15: 79584577 | E15: 78762073 | F15: 0 | G15: =IF($A15="","",IF(ISNUMBER($G14),$G14+1,1)) -> 11 | H15: =IF(OR(NOT(ISNUMBER($G15)),$G15<2,NOT(ISNUMBER($C14)),$C14=0),"",$C15/$C14-1) -> 0.021381705 | I15: =IF(AND(ISNUMBER($G15),$G15>=MA_SHORT),AVERAGE(INDEX($C$5:$C15,12-MA_SHORT):$C15),"") | J15: =IF(AND(ISNUMBER($G15),$G15>=MA_MED),AVERAGE(INDEX($C$5:$C15,12-MA_MED):$C15),"") | K15: =IF(AND(ISNUMBER($G15),$G15>=MA_LONG2),AVERAGE(INDEX($C$5:$C15,12-MA_LONG2):$C15),"") | L15: =IF(AND(ISNUMBER($G15),$G15>=21),STDEV(INDEX($H$5:$H15,12-20):$H15)*SQRT(245),"") | M15: =IF(AND(ISNUMBER($G15),$G15>=60),MAX(INDEX($D$5:$D15,12-60):$D15),"") | N15: =IF(AND(ISNUMBER($G15),$G15>=60),MIN(INDEX($E$5:$E15,12-60):$E15),"") | O15: =IF(OR(NOT(ISNUMBER($C15)),NOT(ISNUMBER($M15)),$M15=0),"",$C15/$M15-1) | Q15: =IF(NOT(ISNUMBER($P15)),"",IFERROR(PERCENTRANK($P$5:$P$1204,$P15),""))
A16: 45585 | B16: 1403/07/29 | C16: 76498479 | D16: 76751097 | E16: 76410159 | F16: 0 | G16: =IF($A16="","",IF(ISNUMBER($G15),$G15+1,1)) -> 12 | H16: =IF(OR(NOT(ISNUMBER($G16)),$G16<2,NOT(ISNUMBER($C15)),$C15=0),"",$C16/$C15-1) -> -0.032812996 | I16: =IF(AND(ISNUMBER($G16),$G16>=MA_SHORT),AVERAGE(INDEX($C$5:$C16,13-MA_SHORT):$C16),"") | J16: =IF(AND(ISNUMBER($G16),$G16>=MA_MED),AVERAGE(INDEX($C$5:$C16,13-MA_MED):$C16),"") | K16: =IF(AND(ISNUMBER($G16),$G16>=MA_LONG2),AVERAGE(INDEX($C$5:$C16,13-MA_LONG2):$C16),"") | L16: =IF(AND(ISNUMBER($G16),$G16>=21),STDEV(INDEX($H$5:$H16,13-20):$H16)*SQRT(245),"") | M16: =IF(AND(ISNUMBER($G16),$G16>=60),MAX(INDEX($D$5:$D16,13-60):$D16),"") | N16: =IF(AND(ISNUMBER($G16),$G16>=60),MIN(INDEX($E$5:$E16,13-60):$E16),"") | O16: =IF(OR(NOT(ISNUMBER($C16)),NOT(ISNUMBER($M16)),$M16=0),"",$C16/$M16-1) | Q16: =IF(NOT(ISNUMBER($P16)),"",IFERROR(PERCENTRANK($P$5:$P$1204,$P16),""))
A17: 45586 | B17: 1403/07/30 | C17: 75574324 | D17: 75857422 | E17: 75312654 | F17: 0 | G17: =IF($A17="","",IF(ISNUMBER($G16),$G16+1,1)) -> 13 | H17: =IF(OR(NOT(ISNUMBER($G17)),$G17<2,NOT(ISNUMBER($C16)),$C16=0),"",$C17/$C16-1) -> -0.012080698 | I17: =IF(AND(ISNUMBER($G17),$G17>=MA_SHORT),AVERAGE(INDEX($C$5:$C17,14-MA_SHORT):$C17),"") | J17: =IF(AND(ISNUMBER($G17),$G17>=MA_MED),AVERAGE(INDEX($C$5:$C17,14-MA_MED):$C17),"") | K17: =IF(AND(ISNUMBER($G17),$G17>=MA_LONG2),AVERAGE(INDEX($C$5:$C17,14-MA_LONG2):$C17),"") | L17: =IF(AND(ISNUMBER($G17),$G17>=21),STDEV(INDEX($H$5:$H17,14-20):$H17)*SQRT(245),"") | M17: =IF(AND(ISNUMBER($G17),$G17>=60),MAX(INDEX($D$5:$D17,14-60):$D17),"") | N17: =IF(AND(ISNUMBER($G17),$G17>=60),MIN(INDEX($E$5:$E17,14-60):$E17),"") | O17: =IF(OR(NOT(ISNUMBER($C17)),NOT(ISNUMBER($M17)),$M17=0),"",$C17/$M17-1) | Q17: =IF(NOT(ISNUMBER($P17)),"",IFERROR(PERCENTRANK($P$5:$P$1204,$P17),""))
A18: 45587 | B18: 1403/08/01 | C18: 77512983 | D18: 77662671 | E18: 77297208 | F18: 0 | G18: =IF($A18="","",IF(ISNUMBER($G17),$G17+1,1)) -> 14 | H18: =IF(OR(NOT(ISNUMBER($G18)),$G18<2,NOT(ISNUMBER($C17)),$C17=0),"",$C18/$C17-1) -> 0.02565235 | I18: =IF(AND(ISNUMBER($G18),$G18>=MA_SHORT),AVERAGE(INDEX($C$5:$C18,15-MA_SHORT):$C18),"") | J18: =IF(AND(ISNUMBER($G18),$G18>=MA_MED),AVERAGE(INDEX($C$5:$C18,15-MA_MED):$C18),"") | K18: =IF(AND(ISNUMBER($G18),$G18>=MA_LONG2),AVERAGE(INDEX($C$5:$C18,15-MA_LONG2):$C18),"") | L18: =IF(AND(ISNUMBER($G18),$G18>=21),STDEV(INDEX($H$5:$H18,15-20):$H18)*SQRT(245),"") | M18: =IF(AND(ISNUMBER($G18),$G18>=60),MAX(INDEX($D$5:$D18,15-60):$D18),"") | N18: =IF(AND(ISNUMBER($G18),$G18>=60),MIN(INDEX($E$5:$E18,15-60):$E18),"") | O18: =IF(OR(NOT(ISNUMBER($C18)),NOT(ISNUMBER($M18)),$M18=0),"",$C18/$M18-1) | Q18: =IF(NOT(ISNUMBER($P18)),"",IFERROR(PERCENTRANK($P$5:$P$1204,$P18),""))
A19: 45588 | B19: 1403/08/02 | C19: 78492714 | D19: 78862574 | E19: 78105985 | F19: 0 | G19: =IF($A19="","",IF(ISNUMBER($G18),$G18+1,1)) -> 15 | H19: =IF(OR(NOT(ISNUMBER($G19)),$G19<2,NOT(ISNUMBER($C18)),$C18=0),"",$C19/$C18-1) -> 0.012639573 | I19: =IF(AND(ISNUMBER($G19),$G19>=MA_SHORT),AVERAGE(INDEX($C$5:$C19,16-MA_SHORT):$C19),"") | J19: =IF(AND(ISNUMBER($G19),$G19>=MA_MED),AVERAGE(INDEX($C$5:$C19,16-MA_MED):$C19),"") | K19: =IF(AND(ISNUMBER($G19),$G19>=MA_LONG2),AVERAGE(INDEX($C$5:$C19,16-MA_LONG2):$C19),"") | L19: =IF(AND(ISNUMBER($G19),$G19>=21),STDEV(INDEX($H$5:$H19,16-20):$H19)*SQRT(245),"") | M19: =IF(AND(ISNUMBER($G19),$G19>=60),MAX(INDEX($D$5:$D19,16-60):$D19),"") | N19: =IF(AND(ISNUMBER($G19),$G19>=60),MIN(INDEX($E$5:$E19,16-60):$E19),"") | O19: =IF(OR(NOT(ISNUMBER($C19)),NOT(ISNUMBER($M19)),$M19=0),"",$C19/$M19-1) | Q19: =IF(NOT(ISNUMBER($P19)),"",IFERROR(PERCENTRANK($P$5:$P$1204,$P19),""))
A20: 45591 | B20: 1403/08/05 | C20: 79392461 | D20: 79710455 | E20: 79378995 | F20: 0 | G20: =IF($A20="","",IF(ISNUMBER($G19),$G19+1,1)) -> 16 | H20: =IF(OR(NOT(ISNUMBER($G20)),$G20<2,NOT(ISNUMBER($C19)),$C19=0),"",$C20/$C19-1) -> 0.011462809 | I20: =IF(AND(ISNUMBER($G20),$G20>=MA_SHORT),AVERAGE(INDEX($C$5:$C20,17-MA_SHORT):$C20),"") | J20: =IF(AND(ISNUMBER($G20),$G20>=MA_MED),AVERAGE(INDEX($C$5:$C20,17-MA_MED):$C20),"") | K20: =IF(AND(ISNUMBER($G20),$G20>=MA_LONG2),AVERAGE(INDEX($C$5:$C20,17-MA_LONG2):$C20),"") | L20: =IF(AND(ISNUMBER($G20),$G20>=21),STDEV(INDEX($H$5:$H20,17-20):$H20)*SQRT(245),"") | M20: =IF(AND(ISNUMBER($G20),$G20>=60),MAX(INDEX($D$5:$D20,17-60):$D20),"") | N20: =IF(AND(ISNUMBER($G20),$G20>=60),MIN(INDEX($E$5:$E20,17-60):$E20),"") | O20: =IF(OR(NOT(ISNUMBER($C20)),NOT(ISNUMBER($M20)),$M20=0),"",$C20/$M20-1) | Q20: =IF(NOT(ISNUMBER($P20)),"",IFERROR(PERCENTRANK($P$5:$P$1204,$P20),""))
A21: 45592 | B21: 1403/08/06 | C21: 80014514 | D21: 80037901 | E21: 79515427 | F21: 0 | G21: =IF($A21="","",IF(ISNUMBER($G20),$G20+1,1)) -> 17 | H21: =IF(OR(NOT(ISNUMBER($G21)),$G21<2,NOT(ISNUMBER($C20)),$C20=0),"",$C21/$C20-1) -> 0.0078351646 | I21: =IF(AND(ISNUMBER($G21),$G21>=MA_SHORT),AVERAGE(INDEX($C$5:$C21,18-MA_SHORT):$C21),"") | J21: =IF(AND(ISNUMBER($G21),$G21>=MA_MED),AVERAGE(INDEX($C$5:$C21,18-MA_MED):$C21),"") | K21: =IF(AND(ISNUMBER($G21),$G21>=MA_LONG2),AVERAGE(INDEX($C$5:$C21,18-MA_LONG2):$C21),"") | L21: =IF(AND(ISNUMBER($G21),$G21>=21),STDEV(INDEX($H$5:$H21,18-20):$H21)*SQRT(245),"") | M21: =IF(AND(ISNUMBER($G21),$G21>=60),MAX(INDEX($D$5:$D21,18-60):$D21),"") | N21: =IF(AND(ISNUMBER($G21),$G21>=60),MIN(INDEX($E$5:$E21,18-60):$E21),"") | O21: =IF(OR(NOT(ISNUMBER($C21)),NOT(ISNUMBER($M21)),$M21=0),"",$C21/$M21-1) | Q21: =IF(NOT(ISNUMBER($P21)),"",IFERROR(PERCENTRANK($P$5:$P$1204,$P21),""))
A22: 45593 | B22: 1403/08/07 | C22: 80520234 | D22: 80995280 | E22: 80280678 | F22: 0 | G22: =IF($A22="","",IF(ISNUMBER($G21),$G21+1,1)) -> 18 | H22: =IF(OR(NOT(ISNUMBER($G22)),$G22<2,NOT(ISNUMBER($C21)),$C21=0),"",$C22/$C21-1) -> 0.0063203533 | I22: =IF(AND(ISNUMBER($G22),$G22>=MA_SHORT),AVERAGE(INDEX($C$5:$C22,19-MA_SHORT):$C22),"") | J22: =IF(AND(ISNUMBER($G22),$G22>=MA_MED),AVERAGE(INDEX($C$5:$C22,19-MA_MED):$C22),"") | K22: =IF(AND(ISNUMBER($G22),$G22>=MA_LONG2),AVERAGE(INDEX($C$5:$C22,19-MA_LONG2):$C22),"") | L22: =IF(AND(ISNUMBER($G22),$G22>=21),STDEV(INDEX($H$5:$H22,19-20):$H22)*SQRT(245),"") | M22: =IF(AND(ISNUMBER($G22),$G22>=60),MAX(INDEX($D$5:$D22,19-60):$D22),"") | N22: =IF(AND(ISNUMBER($G22),$G22>=60),MIN(INDEX($E$5:$E22,19-60):$E22),"") | O22: =IF(OR(NOT(ISNUMBER($C22)),NOT(ISNUMBER($M22)),$M22=0),"",$C22/$M22-1) | Q22: =IF(NOT(ISNUMBER($P22)),"",IFERROR(PERCENTRANK($P$5:$P$1204,$P22),""))
A23: 45594 | B23: 1403/08/08 | C23: 78502708 | D23: 78662792 | E23: 78347315 | F23: 0 | G23: =IF($A23="","",IF(ISNUMBER($G22),$G22+1,1)) -> 19 | H23: =IF(OR(NOT(ISNUMBER($G23)),$G23<2,NOT(ISNUMBER($C22)),$C22=0),"",$C23/$C22-1) -> -0.025056137 | I23: =IF(AND(ISNUMBER($G23),$G23>=MA_SHORT),AVERAGE(INDEX($C$5:$C23,20-MA_SHORT):$C23),"") | J23: =IF(AND(ISNUMBER($G23),$G23>=MA_MED),AVERAGE(INDEX($C$5:$C23,20-MA_MED):$C23),"") | K23: =IF(AND(ISNUMBER($G23),$G23>=MA_LONG2),AVERAGE(INDEX($C$5:$C23,20-MA_LONG2):$C23),"") | L23: =IF(AND(ISNUMBER($G23),$G23>=21),STDEV(INDEX($H$5:$H23,20-20):$H23)*SQRT(245),"") | M23: =IF(AND(ISNUMBER($G23),$G23>=60),MAX(INDEX($D$5:$D23,20-60):$D23),"") | N23: =IF(AND(ISNUMBER($G23),$G23>=60),MIN(INDEX($E$5:$E23,20-60):$E23),"") | O23: =IF(OR(NOT(ISNUMBER($C23)),NOT(ISNUMBER($M23)),$M23=0),"",$C23/$M23-1) | Q23: =IF(NOT(ISNUMBER($P23)),"",IFERROR(PERCENTRANK($P$5:$P$1204,$P23),""))
A24: 45595 | B24: 1403/08/09 | C24: 77829040 | D24: 77902874 | E24: 77741135 | F24: 0 | G24: =IF($A24="","",IF(ISNUMBER($G23),$G23+1,1)) -> 20 | H24: =IF(OR(NOT(ISNUMBER($G24)),$G24<2,NOT(ISNUMBER($C23)),$C23=0),"",$C24/$C23-1) -> -0.0085814619 | I24: =IF(AND(ISNUMBER($G24),$G24>=MA_SHORT),AVERAGE(INDEX($C$5:$C24,21-MA_SHORT):$C24),"") -> 78298441 | J24: =IF(AND(ISNUMBER($G24),$G24>=MA_MED),AVERAGE(INDEX($C$5:$C24,21-MA_MED):$C24),"") | K24: =IF(AND(ISNUMBER($G24),$G24>=MA_LONG2),AVERAGE(INDEX($C$5:$C24,21-MA_LONG2):$C24),"") | L24: =IF(AND(ISNUMBER($G24),$G24>=21),STDEV(INDEX($H$5:$H24,21-20):$H24)*SQRT(245),"") | M24: =IF(AND(ISNUMBER($G24),$G24>=60),MAX(INDEX($D$5:$D24,21-60):$D24),"") | N24: =IF(AND(ISNUMBER($G24),$G24>=60),MIN(INDEX($E$5:$E24,21-60):$E24),"") | O24: =IF(OR(NOT(ISNUMBER($C24)),NOT(ISNUMBER($M24)),$M24=0),"",$C24/$M24-1) | Q24: =IF(NOT(ISNUMBER($P24)),"",IFERROR(PERCENTRANK($P$5:$P$1204,$P24),""))
A25: 45598 | B25: 1403/08/12 | C25: 79852484 | D25: 80009152 | E25: 79476632 | F25: 0 | G25: =IF($A25="","",IF(ISNUMBER($G24),$G24+1,1)) -> 21 | H25: =IF(OR(NOT(ISNUMBER($G25)),$G25<2,NOT(ISNUMBER($C24)),$C24=0),"",$C25/$C24-1) -> 0.025998573 | I25: =IF(AND(ISNUMBER($G25),$G25>=MA_SHORT),AVERAGE(INDEX($C$5:$C25,22-MA_SHORT):$C25),"") -> 78414485 | J25: =IF(AND(ISNUMBER($G25),$G25>=MA_MED),AVERAGE(INDEX($C$5:$C25,22-MA_MED):$C25),"") | K25: =IF(AND(ISNUMBER($G25),$G25>=MA_LONG2),AVERAGE(INDEX($C$5:$C25,22-MA_LONG2):$C25),"") | L25: =IF(AND(ISNUMBER($G25),$G25>=21),STDEV(INDEX($H$5:$H25,22-20):$H25)*SQRT(245),"") -> 0.2740505 | M25: =IF(AND(ISNUMBER($G25),$G25>=60),MAX(INDEX($D$5:$D25,22-60):$D25),"") | N25: =IF(AND(ISNUMBER($G25),$G25>=60),MIN(INDEX($E$5:$E25,22-60):$E25),"") | O25: =IF(OR(NOT(ISNUMBER($C25)),NOT(ISNUMBER($M25)),$M25=0),"",$C25/$M25-1) | Q25: =IF(NOT(ISNUMBER($P25)),"",IFERROR(PERCENTRANK($P$5:$P$1204,$P25),""))
A26: 45599 | B26: 1403/08/13 | C26: 78696544 | D26: 79054302 | E26: 78403111 | F26: 0 | G26: =IF($A26="","",IF(ISNUMBER($G25),$G25+1,1)) -> 22 | H26: =IF(OR(NOT(ISNUMBER($G26)),$G26<2,NOT(ISNUMBER($C25)),$C25=0),"",$C26/$C25-1) -> -0.014475943 | I26: =IF(AND(ISNUMBER($G26),$G26>=MA_SHORT),AVERAGE(INDEX($C$5:$C26,23-MA_SHORT):$C26),"") -> 78372826 | J26: =IF(AND(ISNUMBER($G26),$G26>=MA_MED),AVERAGE(INDEX($C$5:$C26,23-MA_MED):$C26),"") | K26: =IF(AND(ISNUMBER($G26),$G26>=MA_LONG2),AVERAGE(INDEX($C$5:$C26,23-MA_LONG2):$C26),"") | L26: =IF(AND(ISNUMBER($G26),$G26>=21),STDEV(INDEX($H$5:$H26,23-20):$H26)*SQRT(245),"") -> 0.26434878 | M26: =IF(AND(ISNUMBER($G26),$G26>=60),MAX(INDEX($D$5:$D26,23-60):$D26),"") | N26: =IF(AND(ISNUMBER($G26),$G26>=60),MIN(INDEX($E$5:$E26,23-60):$E26),"") | O26: =IF(OR(NOT(ISNUMBER($C26)),NOT(ISNUMBER($M26)),$M26=0),"",$C26/$M26-1) | Q26: =IF(NOT(ISNUMBER($P26)),"",IFERROR(PERCENTRANK($P$5:$P$1204,$P26),""))
A27: 45600 | B27: 1403/08/14 | C27: 80258884 | D27: 80742806 | E27: 79959802 | F27: 0 | G27: =IF($A27="","",IF(ISNUMBER($G26),$G26+1,1)) -> 23 | H27: =IF(OR(NOT(ISNUMBER($G27)),$G27<2,NOT(ISNUMBER($C26)),$C26=0),"",$C27/$C26-1) -> 0.019852714 | I27: =IF(AND(ISNUMBER($G27),$G27>=MA_SHORT),AVERAGE(INDEX($C$5:$C27,24-MA_SHORT):$C27),"") -> 78453753 | J27: =IF(AND(ISNUMBER($G27),$G27>=MA_MED),AVERAGE(INDEX($C$5:$C27,24-MA_MED):$C27),"") | K27: =IF(AND(ISNUMBER($G27),$G27>=MA_LONG2),AVERAGE(INDEX($C$5:$C27,24-MA_LONG2):$C27),"") | L27: =IF(AND(ISNUMBER($G27),$G27>=21),STDEV(INDEX($H$5:$H27,24-20):$H27)*SQRT(245),"") -> 0.27026184 | M27: =IF(AND(ISNUMBER($G27),$G27>=60),MAX(INDEX($D$5:$D27,24-60):$D27),"") | N27: =IF(AND(ISNUMBER($G27),$G27>=60),MIN(INDEX($E$5:$E27,24-60):$E27),"") | O27: =IF(OR(NOT(ISNUMBER($C27)),NOT(ISNUMBER($M27)),$M27=0),"",$C27/$M27-1) | Q27: =IF(NOT(ISNUMBER($P27)),"",IFERROR(PERCENTRANK($P$5:$P$1204,$P27),""))
A28: 45601 | B28: 1403/08/15 | C28: 78892323 | D28: 79146702 | E28: 78684409 | F28: 0 | G28: =IF($A28="","",IF(ISNUMBER($G27),$G27+1,1)) -> 24 | H28: =IF(OR(NOT(ISNUMBER($G28)),$G28<2,NOT(ISNUMBER($C27)),$C27=0),"",$C28/$C27-1) -> -0.017026913 | I28: =IF(AND(ISNUMBER($G28),$G28>=MA_SHORT),AVERAGE(INDEX($C$5:$C28,25-MA_SHORT):$C28),"") -> 78529368 | J28: =IF(AND(ISNUMBER($G28),$G28>=MA_MED),AVERAGE(INDEX($C$5:$C28,25-MA_MED):$C28),"") | K28: =IF(AND(ISNUMBER($G28),$G28>=MA_LONG2),AVERAGE(INDEX($C$5:$C28,25-MA_LONG2):$C28),"") | L28: =IF(AND(ISNUMBER($G28),$G28>=21),STDEV(INDEX($H$5:$H28,25-20):$H28)*SQRT(245),"") -> 0.27110379 | M28: =IF(AND(ISNUMBER($G28),$G28>=60),MAX(INDEX($D$5:$D28,25-60):$D28),"") | N28: =IF(AND(ISNUMBER($G28),$G28>=60),MIN(INDEX($E$5:$E28,25-60):$E28),"") | O28: =IF(OR(NOT(ISNUMBER($C28)),NOT(ISNUMBER($M28)),$M28=0),"",$C28/$M28-1) | Q28: =IF(NOT(ISNUMBER($P28)),"",IFERROR(PERCENTRANK($P$5:$P$1204,$P28),""))
A29: 45602 | B29: 1403/08/16 | C29: 80481681 | D29: 81151699 | E29: 80463799 | F29: 0 | G29: =IF($A29="","",IF(ISNUMBER($G28),$G28+1,1)) -> 25 | H29: =IF(OR(NOT(ISNUMBER($G29)),$G29<2,NOT(ISNUMBER($C28)),$C28=0),"",$C29/$C28-1) -> 0.020145915 | I29: =IF(AND(ISNUMBER($G29),$G29>=MA_SHORT),AVERAGE(INDEX($C$5:$C29,26-MA_SHORT):$C29),"") -> 78652176 | J29: =IF(AND(ISNUMBER($G29),$G29>=MA_MED),AVERAGE(INDEX($C$5:$C29,26-MA_MED):$C29),"") | K29: =IF(AND(ISNUMBER($G29),$G29>=MA_LONG2),AVERAGE(INDEX($C$5:$C29,26-MA_LONG2):$C29),"") | L29: =IF(AND(ISNUMBER($G29),$G29>=21),STDEV(INDEX($H$5:$H29,26-20):$H29)*SQRT(245),"") -> 0.27821806 | M29: =IF(AND(ISNUMBER($G29),$G29>=60),MAX(INDEX($D$5:$D29,26-60):$D29),"") | N29: =IF(AND(ISNUMBER($G29),$G29>=60),MIN(INDEX($E$5:$E29,26-60):$E29),"") | O29: =IF(OR(NOT(ISNUMBER($C29)),NOT(ISNUMBER($M29)),$M29=0),"",$C29/$M29-1) | Q29: =IF(NOT(ISNUMBER($P29)),"",IFERROR(PERCENTRANK($P$5:$P$1204,$P29),""))
A30: 45605 | B30: 1403/08/19 | C30: 81674760 | D30: 81726037 | E30: 81184282 | F30: 0 | G30: =IF($A30="","",IF(ISNUMBER($G29),$G29+1,1)) -> 26 | H30: =IF(OR(NOT(ISNUMBER($G30)),$G30<2,NOT(ISNUMBER($C29)),$C29=0),"",$C30/$C29-1) -> 0.014824231 | I30: =IF(AND(ISNUMBER($G30),$G30>=MA_SHORT),AVERAGE(INDEX($C$5:$C30,27-MA_SHORT):$C30),"") -> 78807221 | J30: =IF(AND(ISNUMBER($G30),$G30>=MA_MED),AVERAGE(INDEX($C$5:$C30,27-MA_MED):$C30),"") | K30: =IF(AND(ISNUMBER($G30),$G30>=MA_LONG2),AVERAGE(INDEX($C$5:$C30,27-MA_LONG2):$C30),"") | L30: =IF(AND(ISNUMBER($G30),$G30>=21),STDEV(INDEX($H$5:$H30,27-20):$H30)*SQRT(245),"") -> 0.28146207 | M30: =IF(AND(ISNUMBER($G30),$G30>=60),MAX(INDEX($D$5:$D30,27-60):$D30),"") | N30: =IF(AND(ISNUMBER($G30),$G30>=60),MIN(INDEX($E$5:$E30,27-60):$E30),"") | O30: =IF(OR(NOT(ISNUMBER($C30)),NOT(ISNUMBER($M30)),$M30=0),"",$C30/$M30-1) | Q30: =IF(NOT(ISNUMBER($P30)),"",IFERROR(PERCENTRANK($P$5:$P$1204,$P30),""))
A31: 45606 | B31: 1403/08/20 | C31: 80765580 | D31: 80953720 | E31: 80511319 | F31: 0 | G31: =IF($A31="","",IF(ISNUMBER($G30),$G30+1,1)) -> 27 | H31: =IF(OR(NOT(ISNUMBER($G31)),$G31<2,NOT(ISNUMBER($C30)),$C30=0),"",$C31/$C30-1) -> -0.011131713 | I31: =IF(AND(ISNUMBER($G31),$G31>=MA_SHORT),AVERAGE(INDEX($C$5:$C31,28-MA_SHORT):$C31),"") -> 78953375 | J31: =IF(AND(ISNUMBER($G31),$G31>=MA_MED),AVERAGE(INDEX($C$5:$C31,28-MA_MED):$C31),"") | K31: =IF(AND(ISNUMBER($G31),$G31>=MA_LONG2),AVERAGE(INDEX($C$5:$C31,28-MA_LONG2):$C31),"") | L31: =IF(AND(ISNUMBER($G31),$G31>=21),STDEV(INDEX($H$5:$H31,28-20):$H31)*SQRT(245),"") -> 0.28248498 | M31: =IF(AND(ISNUMBER($G31),$G31>=60),MAX(INDEX($D$5:$D31,28-60):$D31),"") | N31: =IF(AND(ISNUMBER($G31),$G31>=60),MIN(INDEX($E$5:$E31,28-60):$E31),"") | O31: =IF(OR(NOT(ISNUMBER($C31)),NOT(ISNUMBER($M31)),$M31=0),"",$C31/$M31-1) | Q31: =IF(NOT(ISNUMBER($P31)),"",IFERROR(PERCENTRANK($P$5:$P$1204,$P31),""))
A32: 45607 | B32: 1403/08/21 | C32: 80667847 | D32: 80785421 | E32: 80190906 | F32: 0 | G32: =IF($A32="","",IF(ISNUMBER($G31),$G31+1,1)) -> 28 | H32: =IF(OR(NOT(ISNUMBER($G32)),$G32<2,NOT(ISNUMBER($C31)),$C31=0),"",$C32/$C31-1) -> -0.0012100823 | I32: =IF(AND(ISNUMBER($G32),$G32>=MA_SHORT),AVERAGE(INDEX($C$5:$C32,29-MA_SHORT):$C32),"") -> 79058775 | J32: =IF(AND(ISNUMBER($G32),$G32>=MA_MED),AVERAGE(INDEX($C$5:$C32,29-MA_MED):$C32),"") | K32: =IF(AND(ISNUMBER($G32),$G32>=MA_LONG2),AVERAGE(INDEX($C$5:$C32,29-MA_LONG2):$C32),"") | L32: =IF(AND(ISNUMBER($G32),$G32>=21),STDEV(INDEX($H$5:$H32,29-20):$H32)*SQRT(245),"") -> 0.28140577 | M32: =IF(AND(ISNUMBER($G32),$G32>=60),MAX(INDEX($D$5:$D32,29-60):$D32),"") | N32: =IF(AND(ISNUMBER($G32),$G32>=60),MIN(INDEX($E$5:$E32,29-60):$E32),"") | O32: =IF(OR(NOT(ISNUMBER($C32)),NOT(ISNUMBER($M32)),$M32=0),"",$C32/$M32-1) | Q32: =IF(NOT(ISNUMBER($P32)),"",IFERROR(PERCENTRANK($P$5:$P$1204,$P32),""))
A33: 45608 | B33: 1403/08/22 | C33: 80363116 | D33: 81039339 | E33: 80028254 | F33: 0 | G33: =IF($A33="","",IF(ISNUMBER($G32),$G32+1,1)) -> 29 | H33: =IF(OR(NOT(ISNUMBER($G33)),$G33<2,NOT(ISNUMBER($C32)),$C32=0),"",$C33/$C32-1) -> -0.0037776018 | I33: =IF(AND(ISNUMBER($G33),$G33>=MA_SHORT),AVERAGE(INDEX($C$5:$C33,30-MA_SHORT):$C33),"") -> 79126124 | J33: =IF(AND(ISNUMBER($G33),$G33>=MA_MED),AVERAGE(INDEX($C$5:$C33,30-MA_MED):$C33),"") | K33: =IF(AND(ISNUMBER($G33),$G33>=MA_LONG2),AVERAGE(INDEX($C$5:$C33,30-MA_LONG2):$C33),"") | L33: =IF(AND(ISNUMBER($G33),$G33>=21),STDEV(INDEX($H$5:$H33,30-20):$H33)*SQRT(245),"") -> 0.28150404 | M33: =IF(AND(ISNUMBER($G33),$G33>=60),MAX(INDEX($D$5:$D33,30-60):$D33),"") | N33: =IF(AND(ISNUMBER($G33),$G33>=60),MIN(INDEX($E$5:$E33,30-60):$E33),"") | O33: =IF(OR(NOT(ISNUMBER($C33)),NOT(ISNUMBER($M33)),$M33=0),"",$C33/$M33-1) | Q33: =IF(NOT(ISNUMBER($P33)),"",IFERROR(PERCENTRANK($P$5:$P$1204,$P33),""))
A34: 45609 | B34: 1403/08/23 | C34: 82547059 | D34: 83047230 | E34: 82076258 | F34: 0 | G34: =IF($A34="","",IF(ISNUMBER($G33),$G33+1,1)) -> 30 | H34: =IF(OR(NOT(ISNUMBER($G34)),$G34<2,NOT(ISNUMBER($C33)),$C33=0),"",$C34/$C33-1) -> 0.027175937 | I34: =IF(AND(ISNUMBER($G34),$G34>=MA_SHORT),AVERAGE(INDEX($C$5:$C34,31-MA_SHORT):$C34),"") -> 79381576 | J34: =IF(AND(ISNUMBER($G34),$G34>=MA_MED),AVERAGE(INDEX($C$5:$C34,31-MA_MED):$C34),"") | K34: =IF(AND(ISNUMBER($G34),$G34>=MA_LONG2),AVERAGE(INDEX($C$5:$C34,31-MA_LONG2):$C34),"") | L34: =IF(AND(ISNUMBER($G34),$G34>=21),STDEV(INDEX($H$5:$H34,31-20):$H34)*SQRT(245),"") -> 0.28456257 | M34: =IF(AND(ISNUMBER($G34),$G34>=60),MAX(INDEX($D$5:$D34,31-60):$D34),"") | N34: =IF(AND(ISNUMBER($G34),$G34>=60),MIN(INDEX($E$5:$E34,31-60):$E34),"") | O34: =IF(OR(NOT(ISNUMBER($C34)),NOT(ISNUMBER($M34)),$M34=0),"",$C34/$M34-1) | Q34: =IF(NOT(ISNUMBER($P34)),"",IFERROR(PERCENTRANK($P$5:$P$1204,$P34),""))
A35: 45612 | B35: 1403/08/26 | C35: 82633642 | D35: 83170039 | E35: 82589618 | F35: 0 | G35: =IF($A35="","",IF(ISNUMBER($G34),$G34+1,1)) -> 31 | H35: =IF(OR(NOT(ISNUMBER($G35)),$G35<2,NOT(ISNUMBER($C34)),$C34=0),"",$C35/$C34-1) -> 0.0010488926 | I35: =IF(AND(ISNUMBER($G35),$G35>=MA_SHORT),AVERAGE(INDEX($C$5:$C35,32-MA_SHORT):$C35),"") -> 79558569 | J35: =IF(AND(ISNUMBER($G35),$G35>=MA_MED),AVERAGE(INDEX($C$5:$C35,32-MA_MED):$C35),"") | K35: =IF(AND(ISNUMBER($G35),$G35>=MA_LONG2),AVERAGE(INDEX($C$5:$C35,32-MA_LONG2):$C35),"") | L35: =IF(AND(ISNUMBER($G35),$G35>=21),STDEV(INDEX($H$5:$H35,32-20):$H35)*SQRT(245),"") -> 0.27674631 | M35: =IF(AND(ISNUMBER($G35),$G35>=60),MAX(INDEX($D$5:$D35,32-60):$D35),"") | N35: =IF(AND(ISNUMBER($G35),$G35>=60),MIN(INDEX($E$5:$E35,32-60):$E35),"") | O35: =IF(OR(NOT(ISNUMBER($C35)),NOT(ISNUMBER($M35)),$M35=0),"",$C35/$M35-1) | Q35: =IF(NOT(ISNUMBER($P35)),"",IFERROR(PERCENTRANK($P$5:$P$1204,$P35),""))
A36: 45613 | B36: 1403/08/27 | C36: 83335424 | D36: 83541849 | E36: 83294669 | F36: 0 | G36: =IF($A36="","",IF(ISNUMBER($G35),$G35+1,1)) -> 32 | H36: =IF(OR(NOT(ISNUMBER($G36)),$G36<2,NOT(ISNUMBER($C35)),$C35=0),"",$C36/$C35-1) -> 0.0084926911 | I36: =IF(AND(ISNUMBER($G36),$G36>=MA_SHORT),AVERAGE(INDEX($C$5:$C36,33-MA_SHORT):$C36),"") -> 79900416 | J36: =IF(AND(ISNUMBER($G36),$G36>=MA_MED),AVERAGE(INDEX($C$5:$C36,33-MA_MED):$C36),"") | K36: =IF(AND(ISNUMBER($G36),$G36>=MA_LONG2),AVERAGE(INDEX($C$5:$C36,33-MA_LONG2):$C36),"") | L36: =IF(AND(ISNUMBER($G36),$G36>=21),STDEV(INDEX($H$5:$H36,33-20):$H36)*SQRT(245),"") -> 0.24503474 | M36: =IF(AND(ISNUMBER($G36),$G36>=60),MAX(INDEX($D$5:$D36,33-60):$D36),"") | N36: =IF(AND(ISNUMBER($G36),$G36>=60),MIN(INDEX($E$5:$E36,33-60):$E36),"") | O36: =IF(OR(NOT(ISNUMBER($C36)),NOT(ISNUMBER($M36)),$M36=0),"",$C36/$M36-1) | Q36: =IF(NOT(ISNUMBER($P36)),"",IFERROR(PERCENTRANK($P$5:$P$1204,$P36),""))
A37: 45614 | B37: 1403/08/28 | C37: 83212592 | D37: 83317698 | E37: 83178014 | F37: 0 | G37: =IF($A37="","",IF(ISNUMBER($G36),$G36+1,1)) -> 33 | H37: =IF(OR(NOT(ISNUMBER($G37)),$G37<2,NOT(ISNUMBER($C36)),$C36=0),"",$C37/$C36-1) -> -0.001473947 | I37: =IF(AND(ISNUMBER($G37),$G37>=MA_SHORT),AVERAGE(INDEX($C$5:$C37,34-MA_SHORT):$C37),"") -> 80282330 | J37: =IF(AND(ISNUMBER($G37),$G37>=MA_MED),AVERAGE(INDEX($C$5:$C37,34-MA_MED):$C37),"") | K37: =IF(AND(ISNUMBER($G37),$G37>=MA_LONG2),AVERAGE(INDEX($C$5:$C37,34-MA_LONG2):$C37),"") | L37: =IF(AND(ISNUMBER($G37),$G37>=21),STDEV(INDEX($H$5:$H37,34-20):$H37)*SQRT(245),"") -> 0.23855928 | M37: =IF(AND(ISNUMBER($G37),$G37>=60),MAX(INDEX($D$5:$D37,34-60):$D37),"") | N37: =IF(AND(ISNUMBER($G37),$G37>=60),MIN(INDEX($E$5:$E37,34-60):$E37),"") | O37: =IF(OR(NOT(ISNUMBER($C37)),NOT(ISNUMBER($M37)),$M37=0),"",$C37/$M37-1) | Q37: =IF(NOT(ISNUMBER($P37)),"",IFERROR(PERCENTRANK($P$5:$P$1204,$P37),""))
A38: 45615 | B38: 1403/08/29 | C38: 84682668 | D38: 84852533 | E38: 84432213 | F38: 0 | G38: =IF($A38="","",IF(ISNUMBER($G37),$G37+1,1)) -> 34 | H38: =IF(OR(NOT(ISNUMBER($G38)),$G38<2,NOT(ISNUMBER($C37)),$C37=0),"",$C38/$C37-1) -> 0.017666509 | I38: =IF(AND(ISNUMBER($G38),$G38>=MA_SHORT),AVERAGE(INDEX($C$5:$C38,35-MA_SHORT):$C38),"") -> 80640814 | J38: =IF(AND(ISNUMBER($G38),$G38>=MA_MED),AVERAGE(INDEX($C$5:$C38,35-MA_MED):$C38),"") | K38: =IF(AND(ISNUMBER($G38),$G38>=MA_LONG2),AVERAGE(INDEX($C$5:$C38,35-MA_LONG2):$C38),"") | L38: =IF(AND(ISNUMBER($G38),$G38>=21),STDEV(INDEX($H$5:$H38,35-20):$H38)*SQRT(245),"") -> 0.23113884 | M38: =IF(AND(ISNUMBER($G38),$G38>=60),MAX(INDEX($D$5:$D38,35-60):$D38),"") | N38: =IF(AND(ISNUMBER($G38),$G38>=60),MIN(INDEX($E$5:$E38,35-60):$E38),"") | O38: =IF(OR(NOT(ISNUMBER($C38)),NOT(ISNUMBER($M38)),$M38=0),"",$C38/$M38-1) | Q38: =IF(NOT(ISNUMBER($P38)),"",IFERROR(PERCENTRANK($P$5:$P$1204,$P38),""))
A39: 45616 | B39: 1403/08/30 | C39: 84982804 | D39: 85488513 | E39: 84116884 | F39: 0 | G39: =IF($A39="","",IF(ISNUMBER($G38),$G38+1,1)) -> 35 | H39: =IF(OR(NOT(ISNUMBER($G39)),$G39<2,NOT(ISNUMBER($C38)),$C38=0),"",$C39/$C38-1) -> 0.0035442436 | I39: =IF(AND(ISNUMBER($G39),$G39>=MA_SHORT),AVERAGE(INDEX($C$5:$C39,36-MA_SHORT):$C39),"") -> 80965318 | J39: =IF(AND(ISNUMBER($G39),$G39>=MA_MED),AVERAGE(INDEX($C$5:$C39,36-MA_MED):$C39),"") | K39: =IF(AND(ISNUMBER($G39),$G39>=MA_LONG2),AVERAGE(INDEX($C$5:$C39,36-MA_LONG2):$C39),"") | L39: =IF(AND(ISNUMBER($G39),$G39>=21),STDEV(INDEX($H$5:$H39,36-20):$H39)*SQRT(245),"") -> 0.22921137 | M39: =IF(AND(ISNUMBER($G39),$G39>=60),MAX(INDEX($D$5:$D39,36-60):$D39),"") | N39: =IF(AND(ISNUMBER($G39),$G39>=60),MIN(INDEX($E$5:$E39,36-60):$E39),"") | O39: =IF(OR(NOT(ISNUMBER($C39)),NOT(ISNUMBER($M39)),$M39=0),"",$C39/$M39-1) | Q39: =IF(NOT(ISNUMBER($P39)),"",IFERROR(PERCENTRANK($P$5:$P$1204,$P39),""))
A40: 45619 | B40: 1403/09/03 | C40: 87653085 | D40: 88103867 | E40: 87331007 | F40: 0 | G40: =IF($A40="","",IF(ISNUMBER($G39),$G39+1,1)) -> 36 | H40: =IF(OR(NOT(ISNUMBER($G40)),$G40<2,NOT(ISNUMBER($C39)),$C39=0),"",$C40/$C39-1) -> 0.031421427 | I40: =IF(AND(ISNUMBER($G40),$G40>=MA_SHORT),AVERAGE(INDEX($C$5:$C40,37-MA_SHORT):$C40),"") -> 81378349 | J40: =IF(AND(ISNUMBER($G40),$G40>=MA_MED),AVERAGE(INDEX($C$5:$C40,37-MA_MED):$C40),"") | K40: =IF(AND(ISNUMBER($G40),$G40>=MA_LONG2),AVERAGE(INDEX($C$5:$C40,37-MA_LONG2):$C40),"") | L40: =IF(AND(ISNUMBER($G40),$G40>=21),STDEV(INDEX($H$5:$H40,37-20):$H40)*SQRT(245),"") -> 0.24742031 | M40: =IF(AND(ISNUMBER($G40),$G40>=60),MAX(INDEX($D$5:$D40,37-60):$D40),"") | N40: =IF(AND(ISNUMBER($G40),$G40>=60),MIN(INDEX($E$5:$E40,37-60):$E40),"") | O40: =IF(OR(NOT(ISNUMBER($C40)),NOT(ISNUMBER($M40)),$M40=0),"",$C40/$M40-1) | Q40: =IF(NOT(ISNUMBER($P40)),"",IFERROR(PERCENTRANK($P$5:$P$1204,$P40),""))
A41: 45620 | B41: 1403/09/04 | C41: 86466800 | D41: 86598424 | E41: 85746850 | F41: 0 | G41: =IF($A41="","",IF(ISNUMBER($G40),$G40+1,1)) -> 37 | H41: =IF(OR(NOT(ISNUMBER($G41)),$G41<2,NOT(ISNUMBER($C40)),$C40=0),"",$C41/$C40-1) -> -0.013533865 | I41: =IF(AND(ISNUMBER($G41),$G41>=MA_SHORT),AVERAGE(INDEX($C$5:$C41,38-MA_SHORT):$C41),"") -> 81700964 | J41: =IF(AND(ISNUMBER($G41),$G41>=MA_MED),AVERAGE(INDEX($C$5:$C41,38-MA_MED):$C41),"") | K41: =IF(AND(ISNUMBER($G41),$G41>=MA_LONG2),AVERAGE(INDEX($C$5:$C41,38-MA_LONG2):$C41),"") | L41: =IF(AND(ISNUMBER($G41),$G41>=21),STDEV(INDEX($H$5:$H41,38-20):$H41)*SQRT(245),"") -> 0.25552307 | M41: =IF(AND(ISNUMBER($G41),$G41>=60),MAX(INDEX($D$5:$D41,38-60):$D41),"") | N41: =IF(AND(ISNUMBER($G41),$G41>=60),MIN(INDEX($E$5:$E41,38-60):$E41),"") | O41: =IF(OR(NOT(ISNUMBER($C41)),NOT(ISNUMBER($M41)),$M41=0),"",$C41/$M41-1) | Q41: =IF(NOT(ISNUMBER($P41)),"",IFERROR(PERCENTRANK($P$5:$P$1204,$P41),""))
A42: 45621 | B42: 1403/09/05 | C42: 86108722 | D42: 86145758 | E42: 86032451 | F42: 0 | G42: =IF($A42="","",IF(ISNUMBER($G41),$G41+1,1)) -> 38 | H42: =IF(OR(NOT(ISNUMBER($G42)),$G42<2,NOT(ISNUMBER($C41)),$C41=0),"",$C42/$C41-1) -> -0.0041412195 | I42: =IF(AND(ISNUMBER($G42),$G42>=MA_SHORT),AVERAGE(INDEX($C$5:$C42,39-MA_SHORT):$C42),"") -> 81980388 | J42: =IF(AND(ISNUMBER($G42),$G42>=MA_MED),AVERAGE(INDEX($C$5:$C42,39-MA_MED):$C42),"") | K42: =IF(AND(ISNUMBER($G42),$G42>=MA_LONG2),AVERAGE(INDEX($C$5:$C42,39-MA_LONG2):$C42),"") | L42: =IF(AND(ISNUMBER($G42),$G42>=21),STDEV(INDEX($H$5:$H42,39-20):$H42)*SQRT(245),"") -> 0.25692358 | M42: =IF(AND(ISNUMBER($G42),$G42>=60),MAX(INDEX($D$5:$D42,39-60):$D42),"") | N42: =IF(AND(ISNUMBER($G42),$G42>=60),MIN(INDEX($E$5:$E42,39-60):$E42),"") | O42: =IF(OR(NOT(ISNUMBER($C42)),NOT(ISNUMBER($M42)),$M42=0),"",$C42/$M42-1) | Q42: =IF(NOT(ISNUMBER($P42)),"",IFERROR(PERCENTRANK($P$5:$P$1204,$P42),""))
A43: 45622 | B43: 1403/09/06 | C43: 83928431 | D43: 84355246 | E43: 83668448 | F43: 0 | G43: =IF($A43="","",IF(ISNUMBER($G42),$G42+1,1)) -> 39 | H43: =IF(OR(NOT(ISNUMBER($G43)),$G43<2,NOT(ISNUMBER($C42)),$C42=0),"",$C43/$C42-1) -> -0.025320211 | I43: =IF(AND(ISNUMBER($G43),$G43>=MA_SHORT),AVERAGE(INDEX($C$5:$C43,40-MA_SHORT):$C43),"") -> 82251674 | J43: =IF(AND(ISNUMBER($G43),$G43>=MA_MED),AVERAGE(INDEX($C$5:$C43,40-MA_MED):$C43),"") | K43: =IF(AND(ISNUMBER($G43),$G43>=MA_LONG2),AVERAGE(INDEX($C$5:$C43,40-MA_LONG2):$C43),"") | L43: =IF(AND(ISNUMBER($G43),$G43>=21),STDEV(INDEX($H$5:$H43,40-20):$H43)*SQRT(245),"") -> 0.25730327 | M43: =IF(AND(ISNUMBER($G43),$G43>=60),MAX(INDEX($D$5:$D43,40-60):$D43),"") | N43: =IF(AND(ISNUMBER($G43),$G43>=60),MIN(INDEX($E$5:$E43,40-60):$E43),"") | O43: =IF(OR(NOT(ISNUMBER($C43)),NOT(ISNUMBER($M43)),$M43=0),"",$C43/$M43-1) | Q43: =IF(NOT(ISNUMBER($P43)),"",IFERROR(PERCENTRANK($P$5:$P$1204,$P43),""))
A44: 45623 | B44: 1403/09/07 | C44: 83004457 | D44: 83126586 | E44: 82837022 | F44: 0 | G44: =IF($A44="","",IF(ISNUMBER($G43),$G43+1,1)) -> 40 | H44: =IF(OR(NOT(ISNUMBER($G44)),$G44<2,NOT(ISNUMBER($C43)),$C43=0),"",$C44/$C43-1) -> -0.01100907 | I44: =IF(AND(ISNUMBER($G44),$G44>=MA_SHORT),AVERAGE(INDEX($C$5:$C44,41-MA_SHORT):$C44),"") -> 82510445 | J44: =IF(AND(ISNUMBER($G44),$G44>=MA_MED),AVERAGE(INDEX($C$5:$C44,41-MA_MED):$C44),"") | K44: =IF(AND(ISNUMBER($G44),$G44>=MA_LONG2),AVERAGE(INDEX($C$5:$C44,41-MA_LONG2):$C44),"") | L44: =IF(AND(ISNUMBER($G44),$G44>=21),STDEV(INDEX($H$5:$H44,41-20):$H44)*SQRT(245),"") -> 0.25890534 | M44: =IF(AND(ISNUMBER($G44),$G44>=60),MAX(INDEX($D$5:$D44,41-60):$D44),"") | N44: =IF(AND(ISNUMBER($G44),$G44>=60),MIN(INDEX($E$5:$E44,41-60):$E44),"") | O44: =IF(OR(NOT(ISNUMBER($C44)),NOT(ISNUMBER($M44)),$M44=0),"",$C44/$M44-1) | Q44: =IF(NOT(ISNUMBER($P44)),"",IFERROR(PERCENTRANK($P$5:$P$1204,$P44),""))
A45: 45626 | B45: 1403/09/10 | C45: 82815405 | D45: 83389405 | E45: 82459335 | F45: 0 | G45: =IF($A45="","",IF(ISNUMBER($G44),$G44+1,1)) -> 41 | H45: =IF(OR(NOT(ISNUMBER($G45)),$G45<2,NOT(ISNUMBER($C44)),$C44=0),"",$C45/$C44-1) -> -0.0022776126 | I45: =IF(AND(ISNUMBER($G45),$G45>=MA_SHORT),AVERAGE(INDEX($C$5:$C45,42-MA_SHORT):$C45),"") -> 82658591 | J45: =IF(AND(ISNUMBER($G45),$G45>=MA_MED),AVERAGE(INDEX($C$5:$C45,42-MA_MED):$C45),"") | K45: =IF(AND(ISNUMBER($G45),$G45>=MA_LONG2),AVERAGE(INDEX($C$5:$C45,42-MA_LONG2):$C45),"") | L45: =IF(AND(ISNUMBER($G45),$G45>=21),STDEV(INDEX($H$5:$H45,42-20):$H45)*SQRT(245),"") -> 0.245587 | M45: =IF(AND(ISNUMBER($G45),$G45>=60),MAX(INDEX($D$5:$D45,42-60):$D45),"") | N45: =IF(AND(ISNUMBER($G45),$G45>=60),MIN(INDEX($E$5:$E45,42-60):$E45),"") | O45: =IF(OR(NOT(ISNUMBER($C45)),NOT(ISNUMBER($M45)),$M45=0),"",$C45/$M45-1) | Q45: =IF(NOT(ISNUMBER($P45)),"",IFERROR(PERCENTRANK($P$5:$P$1204,$P45),""))
A46: 45627 | B46: 1403/09/11 | C46: 83449840 | D46: 83706767 | E46: 83274687 | F46: 0 | G46: =IF($A46="","",IF(ISNUMBER($G45),$G45+1,1)) -> 42 | H46: =IF(OR(NOT(ISNUMBER($G46)),$G46<2,NOT(ISNUMBER($C45)),$C45=0),"",$C46/$C45-1) -> 0.0076608332 | I46: =IF(AND(ISNUMBER($G46),$G46>=MA_SHORT),AVERAGE(INDEX($C$5:$C46,43-MA_SHORT):$C46),"") -> 82896256 | J46: =IF(AND(ISNUMBER($G46),$G46>=MA_MED),AVERAGE(INDEX($C$5:$C46,43-MA_MED):$C46),"") | K46: =IF(AND(ISNUMBER($G46),$G46>=MA_LONG2),AVERAGE(INDEX($C$5:$C46,43-MA_LONG2):$C46),"") | L46: =IF(AND(ISNUMBER($G46),$G46>=21),STDEV(INDEX($H$5:$H46,43-20):$H46)*SQRT(245),"") -> 0.23863004 | M46: =IF(AND(ISNUMBER($G46),$G46>=60),MAX(INDEX($D$5:$D46,43-60):$D46),"") | N46: =IF(AND(ISNUMBER($G46),$G46>=60),MIN(INDEX($E$5:$E46,43-60):$E46),"") | O46: =IF(OR(NOT(ISNUMBER($C46)),NOT(ISNUMBER($M46)),$M46=0),"",$C46/$M46-1) | Q46: =IF(NOT(ISNUMBER($P46)),"",IFERROR(PERCENTRANK($P$5:$P$1204,$P46),""))
A47: 45628 | B47: 1403/09/12 | C47: 82505480 | D47: 83183212 | E47: 82270174 | F47: 0 | G47: =IF($A47="","",IF(ISNUMBER($G46),$G46+1,1)) -> 43 | H47: =IF(OR(NOT(ISNUMBER($G47)),$G47<2,NOT(ISNUMBER($C46)),$C46=0),"",$C47/$C46-1) -> -0.011316499 | I47: =IF(AND(ISNUMBER($G47),$G47>=MA_SHORT),AVERAGE(INDEX($C$5:$C47,44-MA_SHORT):$C47),"") -> 83008586 | J47: =IF(AND(ISNUMBER($G47),$G47>=MA_MED),AVERAGE(INDEX($C$5:$C47,44-MA_MED):$C47),"") | K47: =IF(AND(ISNUMBER($G47),$G47>=MA_LONG2),AVERAGE(INDEX($C$5:$C47,44-MA_LONG2):$C47),"") | L47: =IF(AND(ISNUMBER($G47),$G47>=21),STDEV(INDEX($H$5:$H47,44-20):$H47)*SQRT(245),"") -> 0.23523604 | M47: =IF(AND(ISNUMBER($G47),$G47>=60),MAX(INDEX($D$5:$D47,44-60):$D47),"") | N47: =IF(AND(ISNUMBER($G47),$G47>=60),MIN(INDEX($E$5:$E47,44-60):$E47),"") | O47: =IF(OR(NOT(ISNUMBER($C47)),NOT(ISNUMBER($M47)),$M47=0),"",$C47/$M47-1) | Q47: =IF(NOT(ISNUMBER($P47)),"",IFERROR(PERCENTRANK($P$5:$P$1204,$P47),""))
A48: 45629 | B48: 1403/09/13 | C48: 82068378 | D48: 82441080 | E48: 81543306 | F48: 0 | G48: =IF($A48="","",IF(ISNUMBER($G47),$G47+1,1)) -> 44 | H48: =IF(OR(NOT(ISNUMBER($G48)),$G48<2,NOT(ISNUMBER($C47)),$C47=0),"",$C48/$C47-1) -> -0.0052978542 | I48: =IF(AND(ISNUMBER($G48),$G48>=MA_SHORT),AVERAGE(INDEX($C$5:$C48,45-MA_SHORT):$C48),"") -> 83167389 | J48: =IF(AND(ISNUMBER($G48),$G48>=MA_MED),AVERAGE(INDEX($C$5:$C48,45-MA_MED):$C48),"") | K48: =IF(AND(ISNUMBER($G48),$G48>=MA_LONG2),AVERAGE(INDEX($C$5:$C48,45-MA_LONG2):$C48),"") | L48: =IF(AND(ISNUMBER($G48),$G48>=21),STDEV(INDEX($H$5:$H48,45-20):$H48)*SQRT(245),"") -> 0.22676133 | M48: =IF(AND(ISNUMBER($G48),$G48>=60),MAX(INDEX($D$5:$D48,45-60):$D48),"") | N48: =IF(AND(ISNUMBER($G48),$G48>=60),MIN(INDEX($E$5:$E48,45-60):$E48),"") | O48: =IF(OR(NOT(ISNUMBER($C48)),NOT(ISNUMBER($M48)),$M48=0),"",$C48/$M48-1) | Q48: =IF(NOT(ISNUMBER($P48)),"",IFERROR(PERCENTRANK($P$5:$P$1204,$P48),""))
A49: 45630 | B49: 1403/09/14 | C49: 80611859 | D49: 81004219 | E49: 80434442 | F49: 0 | G49: =IF($A49="","",IF(ISNUMBER($G48),$G48+1,1)) -> 45 | H49: =IF(OR(NOT(ISNUMBER($G49)),$G49<2,NOT(ISNUMBER($C48)),$C48=0),"",$C49/$C48-1) -> -0.017747627 | I49: =IF(AND(ISNUMBER($G49),$G49>=MA_SHORT),AVERAGE(INDEX($C$5:$C49,46-MA_SHORT):$C49),"") -> 83173897 | J49: =IF(AND(ISNUMBER($G49),$G49>=MA_MED),AVERAGE(INDEX($C$5:$C49,46-MA_MED):$C49),"") | K49: =IF(AND(ISNUMBER($G49),$G49>=MA_LONG2),AVERAGE(INDEX($C$5:$C49,46-MA_LONG2):$C49),"") | L49: =IF(AND(ISNUMBER($G49),$G49>=21),STDEV(INDEX($H$5:$H49,46-20):$H49)*SQRT(245),"") -> 0.22660627 | M49: =IF(AND(ISNUMBER($G49),$G49>=60),MAX(INDEX($D$5:$D49,46-60):$D49),"") | N49: =IF(AND(ISNUMBER($G49),$G49>=60),MIN(INDEX($E$5:$E49,46-60):$E49),"") | O49: =IF(OR(NOT(ISNUMBER($C49)),NOT(ISNUMBER($M49)),$M49=0),"",$C49/$M49-1) | Q49: =IF(NOT(ISNUMBER($P49)),"",IFERROR(PERCENTRANK($P$5:$P$1204,$P49),""))
A50: 45633 | B50: 1403/09/17 | C50: 80062025 | D50: 80294236 | E50: 79919949 | F50: 0 | G50: =IF($A50="","",IF(ISNUMBER($G49),$G49+1,1)) -> 46 | H50: =IF(OR(NOT(ISNUMBER($G50)),$G50<2,NOT(ISNUMBER($C49)),$C49=0),"",$C50/$C49-1) -> -0.0068207582 | I50: =IF(AND(ISNUMBER($G50),$G50>=MA_SHORT),AVERAGE(INDEX($C$5:$C50,47-MA_SHORT):$C50),"") -> 83093261 | J50: =IF(AND(ISNUMBER($G50),$G50>=MA_MED),AVERAGE(INDEX($C$5:$C50,47-MA_MED):$C50),"") | K50: =IF(AND(ISNUMBER($G50),$G50>=MA_LONG2),AVERAGE(INDEX($C$5:$C50,47-MA_LONG2):$C50),"") | L50: =IF(AND(ISNUMBER($G50),$G50>=21),STDEV(INDEX($H$5:$H50,47-20):$H50)*SQRT(245),"") -> 0.22116719 | M50: =IF(AND(ISNUMBER($G50),$G50>=60),MAX(INDEX($D$5:$D50,47-60):$D50),"") | N50: =IF(AND(ISNUMBER($G50),$G50>=60),MIN(INDEX($E$5:$E50,47-60):$E50),"") | O50: =IF(OR(NOT(ISNUMBER($C50)),NOT(ISNUMBER($M50)),$M50=0),"",$C50/$M50-1) | Q50: =IF(NOT(ISNUMBER($P50)),"",IFERROR(PERCENTRANK($P$5:$P$1204,$P50),""))
A51: 45634 | B51: 1403/09/18 | C51: 80603398 | D51: 81076054 | E51: 80577290 | F51: 0 | G51: =IF($A51="","",IF(ISNUMBER($G50),$G50+1,1)) -> 47 | H51: =IF(OR(NOT(ISNUMBER($G51)),$G51<2,NOT(ISNUMBER($C50)),$C50=0),"",$C51/$C50-1) -> 0.0067619199 | I51: =IF(AND(ISNUMBER($G51),$G51>=MA_SHORT),AVERAGE(INDEX($C$5:$C51,48-MA_SHORT):$C51),"") -> 83085152 | J51: =IF(AND(ISNUMBER($G51),$G51>=MA_MED),AVERAGE(INDEX($C$5:$C51,48-MA_MED):$C51),"") | K51: =IF(AND(ISNUMBER($G51),$G51>=MA_LONG2),AVERAGE(INDEX($C$5:$C51,48-MA_LONG2):$C51),"") | L51: =IF(AND(ISNUMBER($G51),$G51>=21),STDEV(INDEX($H$5:$H51,48-20):$H51)*SQRT(245),"") -> 0.21935508 | M51: =IF(AND(ISNUMBER($G51),$G51>=60),MAX(INDEX($D$5:$D51,48-60):$D51),"") | N51: =IF(AND(ISNUMBER($G51),$G51>=60),MIN(INDEX($E$5:$E51,48-60):$E51),"") | O51: =IF(OR(NOT(ISNUMBER($C51)),NOT(ISNUMBER($M51)),$M51=0),"",$C51/$M51-1) | Q51: =IF(NOT(ISNUMBER($P51)),"",IFERROR(PERCENTRANK($P$5:$P$1204,$P51),""))
A52: 45635 | B52: 1403/09/19 | C52: 81906998 | D52: 82105104 | E52: 81773914 | F52: 0 | G52: =IF($A52="","",IF(ISNUMBER($G51),$G51+1,1)) -> 48 | H52: =IF(OR(NOT(ISNUMBER($G52)),$G52<2,NOT(ISNUMBER($C51)),$C51=0),"",$C52/$C51-1) -> 0.016173015 | I52: =IF(AND(ISNUMBER($G52),$G52>=MA_SHORT),AVERAGE(INDEX($C$5:$C52,49-MA_SHORT):$C52),"") -> 83147109 | J52: =IF(AND(ISNUMBER($G52),$G52>=MA_MED),AVERAGE(INDEX($C$5:$C52,49-MA_MED):$C52),"") | K52: =IF(AND(ISNUMBER($G52),$G52>=MA_LONG2),AVERAGE(INDEX($C$5:$C52,49-MA_LONG2):$C52),"") | L52: =IF(AND(ISNUMBER($G52),$G52>=21),STDEV(INDEX($H$5:$H52,49-20):$H52)*SQRT(245),"") -> 0.22644918 | M52: =IF(AND(ISNUMBER($G52),$G52>=60),MAX(INDEX($D$5:$D52,49-60):$D52),"") | N52: =IF(AND(ISNUMBER($G52),$G52>=60),MIN(INDEX($E$5:$E52,49-60):$E52),"") | O52: =IF(OR(NOT(ISNUMBER($C52)),NOT(ISNUMBER($M52)),$M52=0),"",$C52/$M52-1) | Q52: =IF(NOT(ISNUMBER($P52)),"",IFERROR(PERCENTRANK($P$5:$P$1204,$P52),""))
A53: 45636 | B53: 1403/09/20 | C53: 82477637 | D53: 82818582 | E53: 82130805 | F53: 0 | G53: =IF($A53="","",IF(ISNUMBER($G52),$G52+1,1)) -> 49 | H53: =IF(OR(NOT(ISNUMBER($G53)),$G53<2,NOT(ISNUMBER($C52)),$C52=0),"",$C53/$C52-1) -> 0.0069669139 | I53: =IF(AND(ISNUMBER($G53),$G53>=MA_SHORT),AVERAGE(INDEX($C$5:$C53,50-MA_SHORT):$C53),"") -> 83252835 | J53: =IF(AND(ISNUMBER($G53),$G53>=MA_MED),AVERAGE(INDEX($C$5:$C53,50-MA_MED):$C53),"") | K53: =IF(AND(ISNUMBER($G53),$G53>=MA_LONG2),AVERAGE(INDEX($C$5:$C53,50-MA_LONG2):$C53),"") | L53: =IF(AND(ISNUMBER($G53),$G53>=21),STDEV(INDEX($H$5:$H53,50-20):$H53)*SQRT(245),"") -> 0.22673324 | M53: =IF(AND(ISNUMBER($G53),$G53>=60),MAX(INDEX($D$5:$D53,50-60):$D53),"") | N53: =IF(AND(ISNUMBER($G53),$G53>=60),MIN(INDEX($E$5:$E53,50-60):$E53),"") | O53: =IF(OR(NOT(ISNUMBER($C53)),NOT(ISNUMBER($M53)),$M53=0),"",$C53/$M53-1) | Q53: =IF(NOT(ISNUMBER($P53)),"",IFERROR(PERCENTRANK($P$5:$P$1204,$P53),""))
A54: 45637 | B54: 1403/09/21 | C54: 83100495 | D54: 83678437 | E54: 82871587 | F54: 0 | G54: =IF($A54="","",IF(ISNUMBER($G53),$G53+1,1)) -> 50 | H54: =IF(OR(NOT(ISNUMBER($G54)),$G54<2,NOT(ISNUMBER($C53)),$C53=0),"",$C54/$C53-1) -> 0.007551841 | I54: =IF(AND(ISNUMBER($G54),$G54>=MA_SHORT),AVERAGE(INDEX($C$5:$C54,51-MA_SHORT):$C54),"") -> 83280507 | J54: =IF(AND(ISNUMBER($G54),$G54>=MA_MED),AVERAGE(INDEX($C$5:$C54,51-MA_MED):$C54),"") -> 80715585 | K54: =IF(AND(ISNUMBER($G54),$G54>=MA_LONG2),AVERAGE(INDEX($C$5:$C54,51-MA_LONG2):$C54),"") | L54: =IF(AND(ISNUMBER($G54),$G54>=21),STDEV(INDEX($H$5:$H54,51-20):$H54)*SQRT(245),"") -> 0.20755664 | M54: =IF(AND(ISNUMBER($G54),$G54>=60),MAX(INDEX($D$5:$D54,51-60):$D54),"") | N54: =IF(AND(ISNUMBER($G54),$G54>=60),MIN(INDEX($E$5:$E54,51-60):$E54),"") | O54: =IF(OR(NOT(ISNUMBER($C54)),NOT(ISNUMBER($M54)),$M54=0),"",$C54/$M54-1) | Q54: =IF(NOT(ISNUMBER($P54)),"",IFERROR(PERCENTRANK($P$5:$P$1204,$P54),""))
A55: 45640 | B55: 1403/09/24 | C55: 85078305 | D55: 85291231 | E55: 84966559 | F55: 0 | G55: =IF($A55="","",IF(ISNUMBER($G54),$G54+1,1)) -> 51 | H55: =IF(OR(NOT(ISNUMBER($G55)),$G55<2,NOT(ISNUMBER($C54)),$C54=0),"",$C55/$C54-1) -> 0.023800219 | I55: =IF(AND(ISNUMBER($G55),$G55>=MA_SHORT),AVERAGE(INDEX($C$5:$C55,52-MA_SHORT):$C55),"") -> 83402740 | J55: =IF(AND(ISNUMBER($G55),$G55>=MA_MED),AVERAGE(INDEX($C$5:$C55,52-MA_MED):$C55),"") -> 80866519 | K55: =IF(AND(ISNUMBER($G55),$G55>=MA_LONG2),AVERAGE(INDEX($C$5:$C55,52-MA_LONG2):$C55),"") | L55: =IF(AND(ISNUMBER($G55),$G55>=21),STDEV(INDEX($H$5:$H55,52-20):$H55)*SQRT(245),"") -> 0.22313923 | M55: =IF(AND(ISNUMBER($G55),$G55>=60),MAX(INDEX($D$5:$D55,52-60):$D55),"") | N55: =IF(AND(ISNUMBER($G55),$G55>=60),MIN(INDEX($E$5:$E55,52-60):$E55),"") | O55: =IF(OR(NOT(ISNUMBER($C55)),NOT(ISNUMBER($M55)),$M55=0),"",$C55/$M55-1) | Q55: =IF(NOT(ISNUMBER($P55)),"",IFERROR(PERCENTRANK($P$5:$P$1204,$P55),""))
A56: 45641 | B56: 1403/09/25 | C56: 83457439 | D56: 84013366 | E56: 83362926 | F56: 0 | G56: =IF($A56="","",IF(ISNUMBER($G55),$G55+1,1)) -> 52 | H56: =IF(OR(NOT(ISNUMBER($G56)),$G56<2,NOT(ISNUMBER($C55)),$C55=0),"",$C56/$C55-1) -> -0.019051461 | I56: =IF(AND(ISNUMBER($G56),$G56>=MA_SHORT),AVERAGE(INDEX($C$5:$C56,53-MA_SHORT):$C56),"") -> 83408841 | J56: =IF(AND(ISNUMBER($G56),$G56>=MA_MED),AVERAGE(INDEX($C$5:$C56,53-MA_MED):$C56),"") -> 80945073 | K56: =IF(AND(ISNUMBER($G56),$G56>=MA_LONG2),AVERAGE(INDEX($C$5:$C56,53-MA_LONG2):$C56),"") | L56: =IF(AND(ISNUMBER($G56),$G56>=21),STDEV(INDEX($H$5:$H56,53-20):$H56)*SQRT(245),"") -> 0.23271614 | M56: =IF(AND(ISNUMBER($G56),$G56>=60),MAX(INDEX($D$5:$D56,53-60):$D56),"") | N56: =IF(AND(ISNUMBER($G56),$G56>=60),MIN(INDEX($E$5:$E56,53-60):$E56),"") | O56: =IF(OR(NOT(ISNUMBER($C56)),NOT(ISNUMBER($M56)),$M56=0),"",$C56/$M56-1) | Q56: =IF(NOT(ISNUMBER($P56)),"",IFERROR(PERCENTRANK($P$5:$P$1204,$P56),""))
A57: 45642 | B57: 1403/09/26 | C57: 84190033 | D57: 84761763 | E57: 84048529 | F57: 0 | G57: =IF($A57="","",IF(ISNUMBER($G56),$G56+1,1)) -> 53 | H57: =IF(OR(NOT(ISNUMBER($G57)),$G57<2,NOT(ISNUMBER($C56)),$C56=0),"",$C57/$C56-1) -> 0.0087780551 | I57: =IF(AND(ISNUMBER($G57),$G57>=MA_SHORT),AVERAGE(INDEX($C$5:$C57,54-MA_SHORT):$C57),"") -> 83457713 | J57: =IF(AND(ISNUMBER($G57),$G57>=MA_MED),AVERAGE(INDEX($C$5:$C57,54-MA_MED):$C57),"") -> 81056067 | K57: =IF(AND(ISNUMBER($G57),$G57>=MA_LONG2),AVERAGE(INDEX($C$5:$C57,54-MA_LONG2):$C57),"") | L57: =IF(AND(ISNUMBER($G57),$G57>=21),STDEV(INDEX($H$5:$H57,54-20):$H57)*SQRT(245),"") -> 0.23453699 | M57: =IF(AND(ISNUMBER($G57),$G57>=60),MAX(INDEX($D$5:$D57,54-60):$D57),"") | N57: =IF(AND(ISNUMBER($G57),$G57>=60),MIN(INDEX($E$5:$E57,54-60):$E57),"") | O57: =IF(OR(NOT(ISNUMBER($C57)),NOT(ISNUMBER($M57)),$M57=0),"",$C57/$M57-1) | Q57: =IF(NOT(ISNUMBER($P57)),"",IFERROR(PERCENTRANK($P$5:$P$1204,$P57),""))
A58: 45643 | B58: 1403/09/27 | C58: 85205321 | D58: 85526933 | E58: 84600115 | F58: 0 | G58: =IF($A58="","",IF(ISNUMBER($G57),$G57+1,1)) -> 54 | H58: =IF(OR(NOT(ISNUMBER($G58)),$G58<2,NOT(ISNUMBER($C57)),$C57=0),"",$C58/$C57-1) -> 0.01205948 | I58: =IF(AND(ISNUMBER($G58),$G58>=MA_SHORT),AVERAGE(INDEX($C$5:$C58,55-MA_SHORT):$C58),"") -> 83483846 | J58: =IF(AND(ISNUMBER($G58),$G58>=MA_MED),AVERAGE(INDEX($C$5:$C58,55-MA_MED):$C58),"") -> 81212573 | K58: =IF(AND(ISNUMBER($G58),$G58>=MA_LONG2),AVERAGE(INDEX($C$5:$C58,55-MA_LONG2):$C58),"") | L58: =IF(AND(ISNUMBER($G58),$G58>=21),STDEV(INDEX($H$5:$H58,55-20):$H58)*SQRT(245),"") -> 0.23008247 | M58: =IF(AND(ISNUMBER($G58),$G58>=60),MAX(INDEX($D$5:$D58,55-60):$D58),"") | N58: =IF(AND(ISNUMBER($G58),$G58>=60),MIN(INDEX($E$5:$E58,55-60):$E58),"") | O58: =IF(OR(NOT(ISNUMBER($C58)),NOT(ISNUMBER($M58)),$M58=0),"",$C58/$M58-1) | Q58: =IF(NOT(ISNUMBER($P58)),"",IFERROR(PERCENTRANK($P$5:$P$1204,$P58),""))
A59: 45644 | B59: 1403/09/28 | C59: 85678274 | D59: 86363381 | E59: 85484683 | F59: 0 | G59: =IF($A59="","",IF(ISNUMBER($G58),$G58+1,1)) -> 55 | H59: =IF(OR(NOT(ISNUMBER($G59)),$G59<2,NOT(ISNUMBER($C58)),$C58=0),"",$C59/$C58-1) -> 0.0055507449 | I59: =IF(AND(ISNUMBER($G59),$G59>=MA_SHORT),AVERAGE(INDEX($C$5:$C59,56-MA_SHORT):$C59),"") -> 83518619 | J59: =IF(AND(ISNUMBER($G59),$G59>=MA_MED),AVERAGE(INDEX($C$5:$C59,56-MA_MED):$C59),"") -> 81365628 | K59: =IF(AND(ISNUMBER($G59),$G59>=MA_LONG2),AVERAGE(INDEX($C$5:$C59,56-MA_LONG2):$C59),"") | L59: =IF(AND(ISNUMBER($G59),$G59>=21),STDEV(INDEX($H$5:$H59,56-20):$H59)*SQRT(245),"") -> 0.23054163 | M59: =IF(AND(ISNUMBER($G59),$G59>=60),MAX(INDEX($D$5:$D59,56-60):$D59),"") | N59: =IF(AND(ISNUMBER($G59),$G59>=60),MIN(INDEX($E$5:$E59,56-60):$E59),"") | O59: =IF(OR(NOT(ISNUMBER($C59)),NOT(ISNUMBER($M59)),$M59=0),"",$C59/$M59-1) | Q59: =IF(NOT(ISNUMBER($P59)),"",IFERROR(PERCENTRANK($P$5:$P$1204,$P59),""))
A60: 45647 | B60: 1403/10/01 | C60: 85700656 | D60: 85937378 | E60: 85351603 | F60: 0 | G60: =IF($A60="","",IF(ISNUMBER($G59),$G59+1,1)) -> 56 | H60: =IF(OR(NOT(ISNUMBER($G60)),$G60<2,NOT(ISNUMBER($C59)),$C59=0),"",$C60/$C59-1) -> 0.00026123309 | I60: =IF(AND(ISNUMBER($G60),$G60>=MA_SHORT),AVERAGE(INDEX($C$5:$C60,57-MA_SHORT):$C60),"") -> 83420998 | J60: =IF(AND(ISNUMBER($G60),$G60>=MA_MED),AVERAGE(INDEX($C$5:$C60,57-MA_MED):$C60),"") -> 81508164 | K60: =IF(AND(ISNUMBER($G60),$G60>=MA_LONG2),AVERAGE(INDEX($C$5:$C60,57-MA_LONG2):$C60),"") | L60: =IF(AND(ISNUMBER($G60),$G60>=21),STDEV(INDEX($H$5:$H60,57-20):$H60)*SQRT(245),"") -> 0.20050793 | M60: =IF(AND(ISNUMBER($G60),$G60>=60),MAX(INDEX($D$5:$D60,57-60):$D60),"") | N60: =IF(AND(ISNUMBER($G60),$G60>=60),MIN(INDEX($E$5:$E60,57-60):$E60),"") | O60: =IF(OR(NOT(ISNUMBER($C60)),NOT(ISNUMBER($M60)),$M60=0),"",$C60/$M60-1) | Q60: =IF(NOT(ISNUMBER($P60)),"",IFERROR(PERCENTRANK($P$5:$P$1204,$P60),""))
A61: 45648 | B61: 1403/10/02 | C61: 87823234 | D61: 87933862 | E61: 87813113 | F61: 0 | G61: =IF($A61="","",IF(ISNUMBER($G60),$G60+1,1)) -> 57 | H61: =IF(OR(NOT(ISNUMBER($G61)),$G61<2,NOT(ISNUMBER($C60)),$C60=0),"",$C61/$C60-1) -> 0.024767348 | I61: =IF(AND(ISNUMBER($G61),$G61>=MA_SHORT),AVERAGE(INDEX($C$5:$C61,58-MA_SHORT):$C61),"") -> 83488819 | J61: =IF(AND(ISNUMBER($G61),$G61>=MA_MED),AVERAGE(INDEX($C$5:$C61,58-MA_MED):$C61),"") -> 81707779 | K61: =IF(AND(ISNUMBER($G61),$G61>=MA_LONG2),AVERAGE(INDEX($C$5:$C61,58-MA_LONG2):$C61),"") | L61: =IF(AND(ISNUMBER($G61),$G61>=21),STDEV(INDEX($H$5:$H61,58-20):$H61)*SQRT(245),"") -> 0.21410379 | M61: =IF(AND(ISNUMBER($G61),$G61>=60),MAX(INDEX($D$5:$D61,58-60):$D61),"") | N61: =IF(AND(ISNUMBER($G61),$G61>=60),MIN(INDEX($E$5:$E61,58-60):$E61),"") | O61: =IF(OR(NOT(ISNUMBER($C61)),NOT(ISNUMBER($M61)),$M61=0),"",$C61/$M61-1) | Q61: =IF(NOT(ISNUMBER($P61)),"",IFERROR(PERCENTRANK($P$5:$P$1204,$P61),""))
A62: 45649 | B62: 1403/10/03 | C62: 88151091 | D62: 88209405 | E62: 87585866 | F62: 0 | G62: =IF($A62="","",IF(ISNUMBER($G61),$G61+1,1)) -> 58 | H62: =IF(OR(NOT(ISNUMBER($G62)),$G62<2,NOT(ISNUMBER($C61)),$C61=0),"",$C62/$C61-1) -> 0.0037331465 | I62: =IF(AND(ISNUMBER($G62),$G62>=MA_SHORT),AVERAGE(INDEX($C$5:$C62,59-MA_SHORT):$C62),"") -> 83590938 | J62: =IF(AND(ISNUMBER($G62),$G62>=MA_MED),AVERAGE(INDEX($C$5:$C62,59-MA_MED):$C62),"") -> 81899603 | K62: =IF(AND(ISNUMBER($G62),$G62>=MA_LONG2),AVERAGE(INDEX($C$5:$C62,59-MA_LONG2):$C62),"") | L62: =IF(AND(ISNUMBER($G62),$G62>=21),STDEV(INDEX($H$5:$H62,59-20):$H62)*SQRT(245),"") -> 0.21350143 | M62: =IF(AND(ISNUMBER($G62),$G62>=60),MAX(INDEX($D$5:$D62,59-60):$D62),"") | N62: =IF(AND(ISNUMBER($G62),$G62>=60),MIN(INDEX($E$5:$E62,59-60):$E62),"") | O62: =IF(OR(NOT(ISNUMBER($C62)),NOT(ISNUMBER($M62)),$M62=0),"",$C62/$M62-1) | Q62: =IF(NOT(ISNUMBER($P62)),"",IFERROR(PERCENTRANK($P$5:$P$1204,$P62),""))
A63: 45650 | B63: 1403/10/04 | C63: 87676229 | D63: 87824291 | E63: 87216855 | F63: 0 | G63: =IF($A63="","",IF(ISNUMBER($G62),$G62+1,1)) -> 59 | H63: =IF(OR(NOT(ISNUMBER($G63)),$G63<2,NOT(ISNUMBER($C62)),$C62=0),"",$C63/$C62-1) -> -0.0053869101 | I63: =IF(AND(ISNUMBER($G63),$G63>=MA_SHORT),AVERAGE(INDEX($C$5:$C63,60-MA_SHORT):$C63),"") -> 83778328 | J63: =IF(AND(ISNUMBER($G63),$G63>=MA_MED),AVERAGE(INDEX($C$5:$C63,60-MA_MED):$C63),"") -> 82072805 | K63: =IF(AND(ISNUMBER($G63),$G63>=MA_LONG2),AVERAGE(INDEX($C$5:$C63,60-MA_LONG2):$C63),"") | L63: =IF(AND(ISNUMBER($G63),$G63>=21),STDEV(INDEX($H$5:$H63,60-20):$H63)*SQRT(245),"") -> 0.1917956 | M63: =IF(AND(ISNUMBER($G63),$G63>=60),MAX(INDEX($D$5:$D63,60-60):$D63),"") | N63: =IF(AND(ISNUMBER($G63),$G63>=60),MIN(INDEX($E$5:$E63,60-60):$E63),"") | O63: =IF(OR(NOT(ISNUMBER($C63)),NOT(ISNUMBER($M63)),$M63=0),"",$C63/$M63-1) | Q63: =IF(NOT(ISNUMBER($P63)),"",IFERROR(PERCENTRANK($P$5:$P$1204,$P63),""))
A64: 45651 | B64: 1403/10/05 | C64: 87499977 | D64: 87650623 | E64: 87123055 | F64: 0 | G64: =IF($A64="","",IF(ISNUMBER($G63),$G63+1,1)) -> 60 | H64: =IF(OR(NOT(ISNUMBER($G64)),$G64<2,NOT(ISNUMBER($C63)),$C63=0),"",$C64/$C63-1) -> -0.0020102598 | I64: =IF(AND(ISNUMBER($G64),$G64>=MA_SHORT),AVERAGE(INDEX($C$5:$C64,61-MA_SHORT):$C64),"") -> 84003104 | J64: =IF(AND(ISNUMBER($G64),$G64>=MA_MED),AVERAGE(INDEX($C$5:$C64,61-MA_MED):$C64),"") -> 82274044 | K64: =IF(AND(ISNUMBER($G64),$G64>=MA_LONG2),AVERAGE(INDEX($C$5:$C64,61-MA_LONG2):$C64),"") | L64: =IF(AND(ISNUMBER($G64),$G64>=21),STDEV(INDEX($H$5:$H64,61-20):$H64)*SQRT(245),"") -> 0.18627567 | M64: =IF(AND(ISNUMBER($G64),$G64>=60),MAX(INDEX($D$5:$D64,61-60):$D64),"") -> 88209405 | N64: =IF(AND(ISNUMBER($G64),$G64>=60),MIN(INDEX($E$5:$E64,61-60):$E64),"") -> 75312654 | O64: =IF(OR(NOT(ISNUMBER($C64)),NOT(ISNUMBER($M64)),$M64=0),"",$C64/$M64-1) -> -0.0080425438 | Q64: =IF(NOT(ISNUMBER($P64)),"",IFERROR(PERCENTRANK($P$5:$P$1204,$P64),""))
A65: 45654 | B65: 1403/10/08 | C65: 85924321 | D65: 86151311 | E65: 85844060 | F65: 0 | G65: =IF($A65="","",IF(ISNUMBER($G64),$G64+1,1)) -> 61 | H65: =IF(OR(NOT(ISNUMBER($G65)),$G65<2,NOT(ISNUMBER($C64)),$C64=0),"",$C65/$C64-1) -> -0.018007502 | I65: =IF(AND(ISNUMBER($G65),$G65>=MA_SHORT),AVERAGE(INDEX($C$5:$C65,62-MA_SHORT):$C65),"") -> 84158550 | J65: =IF(AND(ISNUMBER($G65),$G65>=MA_MED),AVERAGE(INDEX($C$5:$C65,62-MA_MED):$C65),"") -> 82410655 | K65: =IF(AND(ISNUMBER($G65),$G65>=MA_LONG2),AVERAGE(INDEX($C$5:$C65,62-MA_LONG2):$C65),"") | L65: =IF(AND(ISNUMBER($G65),$G65>=21),STDEV(INDEX($H$5:$H65,62-20):$H65)*SQRT(245),"") -> 0.19937914 | M65: =IF(AND(ISNUMBER($G65),$G65>=60),MAX(INDEX($D$5:$D65,62-60):$D65),"") -> 88209405 | N65: =IF(AND(ISNUMBER($G65),$G65>=60),MIN(INDEX($E$5:$E65,62-60):$E65),"") -> 75312654 | O65: =IF(OR(NOT(ISNUMBER($C65)),NOT(ISNUMBER($M65)),$M65=0),"",$C65/$M65-1) -> -0.02590522 | Q65: =IF(NOT(ISNUMBER($P65)),"",IFERROR(PERCENTRANK($P$5:$P$1204,$P65),""))
A66: 45655 | B66: 1403/10/09 | C66: 86656611 | D66: 87234476 | E66: 86599994 | F66: 0 | G66: =IF($A66="","",IF(ISNUMBER($G65),$G65+1,1)) -> 62 | H66: =IF(OR(NOT(ISNUMBER($G66)),$G66<2,NOT(ISNUMBER($C65)),$C65=0),"",$C66/$C65-1) -> 0.0085224997 | I66: =IF(AND(ISNUMBER($G66),$G66>=MA_SHORT),AVERAGE(INDEX($C$5:$C66,63-MA_SHORT):$C66),"") -> 84318888 | J66: =IF(AND(ISNUMBER($G66),$G66>=MA_MED),AVERAGE(INDEX($C$5:$C66,63-MA_MED):$C66),"") -> 82613818 | K66: =IF(AND(ISNUMBER($G66),$G66>=MA_LONG2),AVERAGE(INDEX($C$5:$C66,63-MA_LONG2):$C66),"") | L66: =IF(AND(ISNUMBER($G66),$G66>=21),STDEV(INDEX($H$6:$H66,62-20):$H66)*SQRT(245),"") -> 0.19972151 | M66: =IF(AND(ISNUMBER($G66),$G66>=60),MAX(INDEX($D$5:$D66,63-60):$D66),"") -> 88209405 | N66: =IF(AND(ISNUMBER($G66),$G66>=60),MIN(INDEX($E$5:$E66,63-60):$E66),"") -> 75312654 | O66: =IF(OR(NOT(ISNUMBER($C66)),NOT(ISNUMBER($M66)),$M66=0),"",$C66/$M66-1) -> -0.017603497 | Q66: =IF(NOT(ISNUMBER($P66)),"",IFERROR(PERCENTRANK($P$5:$P$1204,$P66),""))
A67: 45656 | B67: 1403/10/10 | C67: 87453544 | D67: 88101594 | E67: 86940503 | F67: 0 | G67: =IF($A67="","",IF(ISNUMBER($G66),$G66+1,1)) -> 63 | H67: =IF(OR(NOT(ISNUMBER($G67)),$G67<2,NOT(ISNUMBER($C66)),$C66=0),"",$C67/$C66-1) -> 0.0091964478 | I67: =IF(AND(ISNUMBER($G67),$G67>=MA_SHORT),AVERAGE(INDEX($C$5:$C67,64-MA_SHORT):$C67),"") -> 84566291 | J67: =IF(AND(ISNUMBER($G67),$G67>=MA_MED),AVERAGE(INDEX($C$5:$C67,64-MA_MED):$C67),"") -> 82851402 | K67: =IF(AND(ISNUMBER($G67),$G67>=MA_LONG2),AVERAGE(INDEX($C$5:$C67,64-MA_LONG2):$C67),"") | L67: =IF(AND(ISNUMBER($G67),$G67>=21),STDEV(INDEX($H$7:$H67,62-20):$H67)*SQRT(245),"") -> 0.19498058 | M67: =IF(AND(ISNUMBER($G67),$G67>=60),MAX(INDEX($D$5:$D67,64-60):$D67),"") -> 88209405 | N67: =IF(AND(ISNUMBER($G67),$G67>=60),MIN(INDEX($E$5:$E67,64-60):$E67),"") -> 75312654 | O67: =IF(OR(NOT(ISNUMBER($C67)),NOT(ISNUMBER($M67)),$M67=0),"",$C67/$M67-1) -> -0.0085689389 | Q67: =IF(NOT(ISNUMBER($P67)),"",IFERROR(PERCENTRANK($P$5:$P$1204,$P67),""))
A68: 45657 | B68: 1403/10/11 | C68: 88205252 | D68: 88480285 | E68: 87988718 | F68: 0 | G68: =IF($A68="","",IF(ISNUMBER($G67),$G67+1,1)) -> 64 | H68: =IF(OR(NOT(ISNUMBER($G68)),$G68<2,NOT(ISNUMBER($C67)),$C67=0),"",$C68/$C67-1) -> 0.0085955121 | I68: =IF(AND(ISNUMBER($G68),$G68>=MA_SHORT),AVERAGE(INDEX($C$5:$C68,65-MA_SHORT):$C68),"") -> 84873135 | J68: =IF(AND(ISNUMBER($G68),$G68>=MA_MED),AVERAGE(INDEX($C$5:$C68,65-MA_MED):$C68),"") -> 83065248 | K68: =IF(AND(ISNUMBER($G68),$G68>=MA_LONG2),AVERAGE(INDEX($C$5:$C68,65-MA_LONG2):$C68),"") | L68: =IF(AND(ISNUMBER($G68),$G68>=21),STDEV(INDEX($H$8:$H68,62-20):$H68)*SQRT(245),"") -> 0.1934229 | M68: =IF(AND(ISNUMBER($G68),$G68>=60),MAX(INDEX($D$5:$D68,65-60):$D68),"") -> 88480285 | N68: =IF(AND(ISNUMBER($G68),$G68>=60),MIN(INDEX($E$5:$E68,65-60):$E68),"") -> 75312654 | O68: =IF(OR(NOT(ISNUMBER($C68)),NOT(ISNUMBER($M68)),$M68=0),"",$C68/$M68-1) -> -0.00310841 | Q68: =IF(NOT(ISNUMBER($P68)),"",IFERROR(PERCENTRANK($P$5:$P$1204,$P68),""))
A69: 45658 | B69: 1403/10/12 | C69: 90273457 | D69: 90552905 | E69: 89736010 | F69: 0 | G69: =IF($A69="","",IF(ISNUMBER($G68),$G68+1,1)) -> 65 | H69: =IF(OR(NOT(ISNUMBER($G69)),$G69<2,NOT(ISNUMBER($C68)),$C68=0),"",$C69/$C68-1) -> 0.02344764 | I69: =IF(AND(ISNUMBER($G69),$G69>=MA_SHORT),AVERAGE(INDEX($C$5:$C69,66-MA_SHORT):$C69),"") -> 85356215 | J69: =IF(AND(ISNUMBER($G69),$G69>=MA_MED),AVERAGE(INDEX($C$5:$C69,66-MA_MED):$C69),"") -> 83300862 | K69: =IF(AND(ISNUMBER($G69),$G69>=MA_LONG2),AVERAGE(INDEX($C$5:$C69,66-MA_LONG2):$C69),"") | L69: =IF(AND(ISNUMBER($G69),$G69>=21),STDEV(INDEX($H$9:$H69,62-20):$H69)*SQRT(245),"") -> 0.18823256 | M69: =IF(AND(ISNUMBER($G69),$G69>=60),MAX(INDEX($D$5:$D69,66-60):$D69),"") -> 90552905 | N69: =IF(AND(ISNUMBER($G69),$G69>=60),MIN(INDEX($E$5:$E69,66-60):$E69),"") -> 75312654 | O69: =IF(OR(NOT(ISNUMBER($C69)),NOT(ISNUMBER($M69)),$M69=0),"",$C69/$M69-1) -> -0.0030860192 | Q69: =IF(NOT(ISNUMBER($P69)),"",IFERROR(PERCENTRANK($P$5:$P$1204,$P69),""))
A70: 45661 | B70: 1403/10/15 | C70: 90352207 | D70: 90357585 | E70: 90003501 | F70: 0 | G70: =IF($A70="","",IF(ISNUMBER($G69),$G69+1,1)) -> 66 | H70: =IF(OR(NOT(ISNUMBER($G70)),$G70<2,NOT(ISNUMBER($C69)),$C69=0),"",$C70/$C69-1) -> 0.00087234944 | I70: =IF(AND(ISNUMBER($G70),$G70>=MA_SHORT),AVERAGE(INDEX($C$5:$C70,67-MA_SHORT):$C70),"") -> 85870724 | J70: =IF(AND(ISNUMBER($G70),$G70>=MA_MED),AVERAGE(INDEX($C$5:$C70,67-MA_MED):$C70),"") -> 83520057 | K70: =IF(AND(ISNUMBER($G70),$G70>=MA_LONG2),AVERAGE(INDEX($C$5:$C70,67-MA_LONG2):$C70),"") | L70: =IF(AND(ISNUMBER($G70),$G70>=21),STDEV(INDEX($H$10:$H70,62-20):$H70)*SQRT(245),"") -> 0.18347628 | M70: =IF(AND(ISNUMBER($G70),$G70>=60),MAX(INDEX($D$5:$D70,67-60):$D70),"") -> 90552905 | N70: =IF(AND(ISNUMBER($G70),$G70>=60),MIN(INDEX($E$5:$E70,67-60):$E70),"") -> 75312654 | O70: =IF(OR(NOT(ISNUMBER($C70)),NOT(ISNUMBER($M70)),$M70=0),"",$C70/$M70-1) -> -0.0022163618 | Q70: =IF(NOT(ISNUMBER($P70)),"",IFERROR(PERCENTRANK($P$5:$P$1204,$P70),""))
A71: 45662 | B71: 1403/10/16 | C71: 90571399 | D71: 90718083 | E71: 90339910 | F71: 0 | G71: =IF($A71="","",IF(ISNUMBER($G70),$G70+1,1)) -> 67 | H71: =IF(OR(NOT(ISNUMBER($G71)),$G71<2,NOT(ISNUMBER($C70)),$C70=0),"",$C71/$C70-1) -> 0.0024259728 | I71: =IF(AND(ISNUMBER($G71),$G71>=MA_SHORT),AVERAGE(INDEX($C$5:$C71,68-MA_SHORT):$C71),"") -> 86369124 | J71: =IF(AND(ISNUMBER($G71),$G71>=MA_MED),AVERAGE(INDEX($C$5:$C71,68-MA_MED):$C71),"") -> 83731195 | K71: =IF(AND(ISNUMBER($G71),$G71>=MA_LONG2),AVERAGE(INDEX($C$5:$C71,68-MA_LONG2):$C71),"") | L71: =IF(AND(ISNUMBER($G71),$G71>=21),STDEV(INDEX($H$11:$H71,62-20):$H71)*SQRT(245),"") -> 0.18391054 | M71: =IF(AND(ISNUMBER($G71),$G71>=60),MAX(INDEX($D$5:$D71,68-60):$D71),"") -> 90718083 | N71: =IF(AND(ISNUMBER($G71),$G71>=60),MIN(INDEX($E$5:$E71,68-60):$E71),"") -> 75312654 | O71: =IF(OR(NOT(ISNUMBER($C71)),NOT(ISNUMBER($M71)),$M71=0),"",$C71/$M71-1) -> -0.0016169213 | Q71: =IF(NOT(ISNUMBER($P71)),"",IFERROR(PERCENTRANK($P$5:$P$1204,$P71),""))
A72: 45663 | B72: 1403/10/17 | C72: 91447828 | D72: 91595783 | E72: 91277721 | F72: 0 | G72: =IF($A72="","",IF(ISNUMBER($G71),$G71+1,1)) -> 68 | H72: =IF(OR(NOT(ISNUMBER($G72)),$G72<2,NOT(ISNUMBER($C71)),$C71=0),"",$C72/$C71-1) -> 0.009676664 | I72: =IF(AND(ISNUMBER($G72),$G72>=MA_SHORT),AVERAGE(INDEX($C$5:$C72,69-MA_SHORT):$C72),"") -> 86846166 | J72: =IF(AND(ISNUMBER($G72),$G72>=MA_MED),AVERAGE(INDEX($C$5:$C72,69-MA_MED):$C72),"") -> 83949747 | K72: =IF(AND(ISNUMBER($G72),$G72>=MA_LONG2),AVERAGE(INDEX($C$5:$C72,69-MA_LONG2):$C72),"") | L72: =IF(AND(ISNUMBER($G72),$G72>=21),STDEV(INDEX($H$12:$H72,62-20):$H72)*SQRT(245),"") -> 0.18061289 | M72: =IF(AND(ISNUMBER($G72),$G72>=60),MAX(INDEX($D$5:$D72,69-60):$D72),"") -> 91595783 | N72: =IF(AND(ISNUMBER($G72),$G72>=60),MIN(INDEX($E$5:$E72,69-60):$E72),"") -> 75312654 | O72: =IF(OR(NOT(ISNUMBER($C72)),NOT(ISNUMBER($M72)),$M72=0),"",$C72/$M72-1) -> -0.0016153036 | Q72: =IF(NOT(ISNUMBER($P72)),"",IFERROR(PERCENTRANK($P$5:$P$1204,$P72),""))
A73: 45664 | B73: 1403/10/18 | C73: 91808155 | D73: 91941874 | E73: 91632035 | F73: 0 | G73: =IF($A73="","",IF(ISNUMBER($G72),$G72+1,1)) -> 69 | H73: =IF(OR(NOT(ISNUMBER($G73)),$G73<2,NOT(ISNUMBER($C72)),$C72=0),"",$C73/$C72-1) -> 0.0039402467 | I73: =IF(AND(ISNUMBER($G73),$G73>=MA_SHORT),AVERAGE(INDEX($C$5:$C73,70-MA_SHORT):$C73),"") -> 87312691 | J73: =IF(AND(ISNUMBER($G73),$G73>=MA_MED),AVERAGE(INDEX($C$5:$C73,70-MA_MED):$C73),"") -> 84215856 | K73: =IF(AND(ISNUMBER($G73),$G73>=MA_LONG2),AVERAGE(INDEX($C$5:$C73,70-MA_LONG2):$C73),"") | L73: =IF(AND(ISNUMBER($G73),$G73>=21),STDEV(INDEX($H$13:$H73,62-20):$H73)*SQRT(245),"") -> 0.18062548 | M73: =IF(AND(ISNUMBER($G73),$G73>=60),MAX(INDEX($D$5:$D73,70-60):$D73),"") -> 91941874 | N73: =IF(AND(ISNUMBER($G73),$G73>=60),MIN(INDEX($E$5:$E73,70-60):$E73),"") -> 75312654 | O73: =IF(OR(NOT(ISNUMBER($C73)),NOT(ISNUMBER($M73)),$M73=0),"",$C73/$M73-1) -> -0.0014543863 | Q73: =IF(NOT(ISNUMBER($P73)),"",IFERROR(PERCENTRANK($P$5:$P$1204,$P73),""))
A74: 45665 | B74: 1403/10/19 | C74: 91023649 | D74: 91282435 | E74: 90843193 | F74: 0 | G74: =IF($A74="","",IF(ISNUMBER($G73),$G73+1,1)) -> 70 | H74: =IF(OR(NOT(ISNUMBER($G74)),$G74<2,NOT(ISNUMBER($C73)),$C73=0),"",$C74/$C73-1) -> -0.0085450579 | I74: =IF(AND(ISNUMBER($G74),$G74>=MA_SHORT),AVERAGE(INDEX($C$5:$C74,71-MA_SHORT):$C74),"") -> 87708849 | J74: =IF(AND(ISNUMBER($G74),$G74>=MA_MED),AVERAGE(INDEX($C$5:$C74,71-MA_MED):$C74),"") -> 84479748 | K74: =IF(AND(ISNUMBER($G74),$G74>=MA_LONG2),AVERAGE(INDEX($C$5:$C74,71-MA_LONG2):$C74),"") | L74: =IF(AND(ISNUMBER($G74),$G74>=21),STDEV(INDEX($H$14:$H74,62-20):$H74)*SQRT(245),"") -> 0.18687263 | M74: =IF(AND(ISNUMBER($G74),$G74>=60),MAX(INDEX($D$5:$D74,71-60):$D74),"") -> 91941874 | N74: =IF(AND(ISNUMBER($G74),$G74>=60),MIN(INDEX($E$5:$E74,71-60):$E74),"") -> 75312654 | O74: =IF(OR(NOT(ISNUMBER($C74)),NOT(ISNUMBER($M74)),$M74=0),"",$C74/$M74-1) -> -0.0099870164 | Q74: =IF(NOT(ISNUMBER($P74)),"",IFERROR(PERCENTRANK($P$5:$P$1204,$P74),""))
A75: 45668 | B75: 1403/10/22 | C75: 91509430 | D75: 91715584 | E75: 90701798 | F75: 0 | G75: =IF($A75="","",IF(ISNUMBER($G74),$G74+1,1)) -> 71 | H75: =IF(OR(NOT(ISNUMBER($G75)),$G75<2,NOT(ISNUMBER($C74)),$C74=0),"",$C75/$C74-1) -> 0.0053368658 | I75: =IF(AND(ISNUMBER($G75),$G75>=MA_SHORT),AVERAGE(INDEX($C$5:$C75,72-MA_SHORT):$C75),"") -> 88030405 | J75: =IF(AND(ISNUMBER($G75),$G75>=MA_MED),AVERAGE(INDEX($C$5:$C75,72-MA_MED):$C75),"") -> 84712887 | K75: =IF(AND(ISNUMBER($G75),$G75>=MA_LONG2),AVERAGE(INDEX($C$5:$C75,72-MA_LONG2):$C75),"") | L75: =IF(AND(ISNUMBER($G75),$G75>=21),STDEV(INDEX($H$15:$H75,62-20):$H75)*SQRT(245),"") -> 0.17311812 | M75: =IF(AND(ISNUMBER($G75),$G75>=60),MAX(INDEX($D$5:$D75,72-60):$D75),"") -> 91941874 | N75: =IF(AND(ISNUMBER($G75),$G75>=60),MIN(INDEX($E$5:$E75,72-60):$E75),"") -> 75312654 | O75: =IF(OR(NOT(ISNUMBER($C75)),NOT(ISNUMBER($M75)),$M75=0),"",$C75/$M75-1) -> -0.0047034499 | Q75: =IF(NOT(ISNUMBER($P75)),"",IFERROR(PERCENTRANK($P$5:$P$1204,$P75),""))
A76: 45669 | B76: 1403/10/23 | C76: 89746883 | D76: 90144566 | E76: 89365735 | F76: 0 | G76: =IF($A76="","",IF(ISNUMBER($G75),$G75+1,1)) -> 72 | H76: =IF(OR(NOT(ISNUMBER($G76)),$G76<2,NOT(ISNUMBER($C75)),$C75=0),"",$C76/$C75-1) -> -0.019260824 | I76: =IF(AND(ISNUMBER($G76),$G76>=MA_SHORT),AVERAGE(INDEX($C$5:$C76,73-MA_SHORT):$C76),"") -> 88344878 | J76: =IF(AND(ISNUMBER($G76),$G76>=MA_MED),AVERAGE(INDEX($C$5:$C76,73-MA_MED):$C76),"") -> 84933894 | K76: =IF(AND(ISNUMBER($G76),$G76>=MA_LONG2),AVERAGE(INDEX($C$5:$C76,73-MA_LONG2):$C76),"") | L76: =IF(AND(ISNUMBER($G76),$G76>=21),STDEV(INDEX($H$16:$H76,62-20):$H76)*SQRT(245),"") -> 0.17347423 | M76: =IF(AND(ISNUMBER($G76),$G76>=60),MAX(INDEX($D$5:$D76,73-60):$D76),"") -> 91941874 | N76: =IF(AND(ISNUMBER($G76),$G76>=60),MIN(INDEX($E$5:$E76,73-60):$E76),"") -> 75312654 | O76: =IF(OR(NOT(ISNUMBER($C76)),NOT(ISNUMBER($M76)),$M76=0),"",$C76/$M76-1) -> -0.023873681 | Q76: =IF(NOT(ISNUMBER($P76)),"",IFERROR(PERCENTRANK($P$5:$P$1204,$P76),""))
A77: 45670 | B77: 1403/10/24 | C77: 91884757 | D77: 92378638 | E77: 91597332 | F77: 0 | G77: =IF($A77="","",IF(ISNUMBER($G76),$G76+1,1)) -> 73 | H77: =IF(OR(NOT(ISNUMBER($G77)),$G77<2,NOT(ISNUMBER($C76)),$C76=0),"",$C77/$C76-1) -> 0.02382115 | I77: =IF(AND(ISNUMBER($G77),$G77>=MA_SHORT),AVERAGE(INDEX($C$5:$C77,74-MA_SHORT):$C77),"") -> 88729614 | J77: =IF(AND(ISNUMBER($G77),$G77>=MA_MED),AVERAGE(INDEX($C$5:$C77,74-MA_MED):$C77),"") -> 85166411 | K77: =IF(AND(ISNUMBER($G77),$G77>=MA_LONG2),AVERAGE(INDEX($C$5:$C77,74-MA_LONG2):$C77),"") | L77: =IF(AND(ISNUMBER($G77),$G77>=21),STDEV(INDEX($H$17:$H77,62-20):$H77)*SQRT(245),"") -> 0.18664503 | M77: =IF(AND(ISNUMBER($G77),$G77>=60),MAX(INDEX($D$5:$D77,74-60):$D77),"") -> 92378638 | N77: =IF(AND(ISNUMBER($G77),$G77>=60),MIN(INDEX($E$5:$E77,74-60):$E77),"") -> 77297208 | O77: =IF(OR(NOT(ISNUMBER($C77)),NOT(ISNUMBER($M77)),$M77=0),"",$C77/$M77-1) -> -0.0053462685 | Q77: =IF(NOT(ISNUMBER($P77)),"",IFERROR(PERCENTRANK($P$5:$P$1204,$P77),""))
A78: 45671 | B78: 1403/10/25 | C78: 91751251 | D78: 92126092 | E78: 91234559 | F78: 0 | G78: =IF($A78="","",IF(ISNUMBER($G77),$G77+1,1)) -> 74 | H78: =IF(OR(NOT(ISNUMBER($G78)),$G78<2,NOT(ISNUMBER($C77)),$C77=0),"",$C78/$C77-1) -> -0.0014529722 | I78: =IF(AND(ISNUMBER($G78),$G78>=MA_SHORT),AVERAGE(INDEX($C$5:$C78,75-MA_SHORT):$C78),"") -> 89056910 | J78: =IF(AND(ISNUMBER($G78),$G78>=MA_MED),AVERAGE(INDEX($C$5:$C78,75-MA_MED):$C78),"") -> 85423590 | K78: =IF(AND(ISNUMBER($G78),$G78>=MA_LONG2),AVERAGE(INDEX($C$5:$C78,75-MA_LONG2):$C78),"") | L78: =IF(AND(ISNUMBER($G78),$G78>=21),STDEV(INDEX($H$18:$H78,62-20):$H78)*SQRT(245),"") -> 0.18552964 | M78: =IF(AND(ISNUMBER($G78),$G78>=60),MAX(INDEX($D$5:$D78,75-60):$D78),"") -> 92378638 | N78: =IF(AND(ISNUMBER($G78),$G78>=60),MIN(INDEX($E$5:$E78,75-60):$E78),"") -> 77741135 | O78: =IF(OR(NOT(ISNUMBER($C78)),NOT(ISNUMBER($M78)),$M78=0),"",$C78/$M78-1) -> -0.0067914727 | Q78: =IF(NOT(ISNUMBER($P78)),"",IFERROR(PERCENTRANK($P$5:$P$1204,$P78),""))
A79: 45672 | B79: 1403/10/26 | C79: 91423694 | D79: 91606564 | E79: 91089684 | F79: 0 | G79: =IF($A79="","",IF(ISNUMBER($G78),$G78+1,1)) -> 75 | H79: =IF(OR(NOT(ISNUMBER($G79)),$G79<2,NOT(ISNUMBER($C78)),$C78=0),"",$C79/$C78-1) -> -0.0035700549 | I79: =IF(AND(ISNUMBER($G79),$G79>=MA_SHORT),AVERAGE(INDEX($C$5:$C79,76-MA_SHORT):$C79),"") -> 89344181 | J79: =IF(AND(ISNUMBER($G79),$G79>=MA_MED),AVERAGE(INDEX($C$5:$C79,76-MA_MED):$C79),"") -> 85642430 | K79: =IF(AND(ISNUMBER($G79),$G79>=MA_LONG2),AVERAGE(INDEX($C$5:$C79,76-MA_LONG2):$C79),"") | L79: =IF(AND(ISNUMBER($G79),$G79>=21),STDEV(INDEX($H$19:$H79,62-20):$H79)*SQRT(245),"") -> 0.18714282 | M79: =IF(AND(ISNUMBER($G79),$G79>=60),MAX(INDEX($D$5:$D79,76-60):$D79),"") -> 92378638 | N79: =IF(AND(ISNUMBER($G79),$G79>=60),MIN(INDEX($E$5:$E79,76-60):$E79),"") -> 77741135 | O79: =IF(OR(NOT(ISNUMBER($C79)),NOT(ISNUMBER($M79)),$M79=0),"",$C79/$M79-1) -> -0.010337282 | Q79: =IF(NOT(ISNUMBER($P79)),"",IFERROR(PERCENTRANK($P$5:$P$1204,$P79),""))
A80: 45675 | B80: 1403/10/29 | C80: 90713553 | D80: 91457089 | E80: 90571204 | F80: 0 | G80: =IF($A80="","",IF(ISNUMBER($G79),$G79+1,1)) -> 76 | H80: =IF(OR(NOT(ISNUMBER($G80)),$G80<2,NOT(ISNUMBER($C79)),$C79=0),"",$C80/$C79-1) -> -0.0077675816 | I80: =IF(AND(ISNUMBER($G80),$G80>=MA_SHORT),AVERAGE(INDEX($C$5:$C80,77-MA_SHORT):$C80),"") -> 89594826 | J80: =IF(AND(ISNUMBER($G80),$G80>=MA_MED),AVERAGE(INDEX($C$5:$C80,77-MA_MED):$C80),"") -> 85823206 | K80: =IF(AND(ISNUMBER($G80),$G80>=MA_LONG2),AVERAGE(INDEX($C$5:$C80,77-MA_LONG2):$C80),"") | L80: =IF(AND(ISNUMBER($G80),$G80>=21),STDEV(INDEX($H$20:$H80,62-20):$H80)*SQRT(245),"") -> 0.1909059 | M80: =IF(AND(ISNUMBER($G80),$G80>=60),MAX(INDEX($D$5:$D80,77-60):$D80),"") -> 92378638 | N80: =IF(AND(ISNUMBER($G80),$G80>=60),MIN(INDEX($E$5:$E80,77-60):$E80),"") -> 77741135 | O80: =IF(OR(NOT(ISNUMBER($C80)),NOT(ISNUMBER($M80)),$M80=0),"",$C80/$M80-1) -> -0.018024568 | Q80: =IF(NOT(ISNUMBER($P80)),"",IFERROR(PERCENTRANK($P$5:$P$1204,$P80),""))
A81: 45676 | B81: 1403/10/30 | C81: 89900140 | D81: 89927941 | E81: 89726541 | F81: 0 | G81: =IF($A81="","",IF(ISNUMBER($G80),$G80+1,1)) -> 77 | H81: =IF(OR(NOT(ISNUMBER($G81)),$G81<2,NOT(ISNUMBER($C80)),$C80=0),"",$C81/$C80-1) -> -0.0089668299 | I81: =IF(AND(ISNUMBER($G81),$G81>=MA_SHORT),AVERAGE(INDEX($C$5:$C81,78-MA_SHORT):$C81),"") -> 89698671 | J81: =IF(AND(ISNUMBER($G81),$G81>=MA_MED),AVERAGE(INDEX($C$5:$C81,78-MA_MED):$C81),"") -> 86005897 | K81: =IF(AND(ISNUMBER($G81),$G81>=MA_LONG2),AVERAGE(INDEX($C$5:$C81,78-MA_LONG2):$C81),"") | L81: =IF(AND(ISNUMBER($G81),$G81>=21),STDEV(INDEX($H$21:$H81,62-20):$H81)*SQRT(245),"") -> 0.17713202 | M81: =IF(AND(ISNUMBER($G81),$G81>=60),MAX(INDEX($D$5:$D81,78-60):$D81),"") -> 92378638 | N81: =IF(AND(ISNUMBER($G81),$G81>=60),MIN(INDEX($E$5:$E81,78-60):$E81),"") -> 77741135 | O81: =IF(OR(NOT(ISNUMBER($C81)),NOT(ISNUMBER($M81)),$M81=0),"",$C81/$M81-1) -> -0.026829774 | Q81: =IF(NOT(ISNUMBER($P81)),"",IFERROR(PERCENTRANK($P$5:$P$1204,$P81),""))
A82: 45677 | B82: 1403/11/01 | C82: 88655241 | D82: 88731582 | E82: 88116350 | F82: 0 | G82: =IF($A82="","",IF(ISNUMBER($G81),$G81+1,1)) -> 78 | H82: =IF(OR(NOT(ISNUMBER($G82)),$G82<2,NOT(ISNUMBER($C81)),$C81=0),"",$C82/$C81-1) -> -0.013847576 | I82: =IF(AND(ISNUMBER($G82),$G82>=MA_SHORT),AVERAGE(INDEX($C$5:$C82,79-MA_SHORT):$C82),"") -> 89723879 | J82: =IF(AND(ISNUMBER($G82),$G82>=MA_MED),AVERAGE(INDEX($C$5:$C82,79-MA_MED):$C82),"") -> 86165645 | K82: =IF(AND(ISNUMBER($G82),$G82>=MA_LONG2),AVERAGE(INDEX($C$5:$C82,79-MA_LONG2):$C82),"") | L82: =IF(AND(ISNUMBER($G82),$G82>=21),STDEV(INDEX($H$22:$H82,62-20):$H82)*SQRT(245),"") -> 0.18446435 | M82: =IF(AND(ISNUMBER($G82),$G82>=60),MAX(INDEX($D$5:$D82,79-60):$D82),"") -> 92378638 | N82: =IF(AND(ISNUMBER($G82),$G82>=60),MIN(INDEX($E$5:$E82,79-60):$E82),"") -> 77741135 | O82: =IF(OR(NOT(ISNUMBER($C82)),NOT(ISNUMBER($M82)),$M82=0),"",$C82/$M82-1) -> -0.040305823 | Q82: =IF(NOT(ISNUMBER($P82)),"",IFERROR(PERCENTRANK($P$5:$P$1204,$P82),""))
A83: 45678 | B83: 1403/11/02 | C83: 89448309 | D83: 89600773 | E83: 89218255 | F83: 0 | G83: =IF($A83="","",IF(ISNUMBER($G82),$G82+1,1)) -> 79 | H83: =IF(OR(NOT(ISNUMBER($G83)),$G83<2,NOT(ISNUMBER($C82)),$C82=0),"",$C83/$C82-1) -> 0.0089455287 | I83: =IF(AND(ISNUMBER($G83),$G83>=MA_SHORT),AVERAGE(INDEX($C$5:$C83,80-MA_SHORT):$C83),"") -> 89812483 | J83: =IF(AND(ISNUMBER($G83),$G83>=MA_MED),AVERAGE(INDEX($C$5:$C83,80-MA_MED):$C83),"") -> 86347349 | K83: =IF(AND(ISNUMBER($G83),$G83>=MA_LONG2),AVERAGE(INDEX($C$5:$C83,80-MA_LONG2):$C83),"") | L83: =IF(AND(ISNUMBER($G83),$G83>=21),STDEV(INDEX($H$23:$H83,62-20):$H83)*SQRT(245),"") -> 0.18553328 | M83: =IF(AND(ISNUMBER($G83),$G83>=60),MAX(INDEX($D$5:$D83,80-60):$D83),"") -> 92378638 | N83: =IF(AND(ISNUMBER($G83),$G83>=60),MIN(INDEX($E$5:$E83,80-60):$E83),"") -> 77741135 | O83: =IF(OR(NOT(ISNUMBER($C83)),NOT(ISNUMBER($M83)),$M83=0),"",$C83/$M83-1) -> -0.031720851 | Q83: =IF(NOT(ISNUMBER($P83)),"",IFERROR(PERCENTRANK($P$5:$P$1204,$P83),""))
A84: 45679 | B84: 1403/11/03 | C84: 87731609 | D84: 87959320 | E84: 87699257 | F84: 0 | G84: =IF($A84="","",IF(ISNUMBER($G83),$G83+1,1)) -> 80 | H84: =IF(OR(NOT(ISNUMBER($G84)),$G84<2,NOT(ISNUMBER($C83)),$C83=0),"",$C84/$C83-1) -> -0.01919209 | I84: =IF(AND(ISNUMBER($G84),$G84>=MA_SHORT),AVERAGE(INDEX($C$5:$C84,81-MA_SHORT):$C84),"") -> 89824064 | J84: =IF(AND(ISNUMBER($G84),$G84>=MA_MED),AVERAGE(INDEX($C$5:$C84,81-MA_MED):$C84),"") -> 86451040 | K84: =IF(AND(ISNUMBER($G84),$G84>=MA_LONG2),AVERAGE(INDEX($C$5:$C84,81-MA_LONG2):$C84),"") | L84: =IF(AND(ISNUMBER($G84),$G84>=21),STDEV(INDEX($H$24:$H84,62-20):$H84)*SQRT(245),"") -> 0.19850144 | M84: =IF(AND(ISNUMBER($G84),$G84>=60),MAX(INDEX($D$5:$D84,81-60):$D84),"") -> 92378638 | N84: =IF(AND(ISNUMBER($G84),$G84>=60),MIN(INDEX($E$5:$E84,81-60):$E84),"") -> 78403111 | O84: =IF(OR(NOT(ISNUMBER($C84)),NOT(ISNUMBER($M84)),$M84=0),"",$C84/$M84-1) -> -0.050304151 | Q84: =IF(NOT(ISNUMBER($P84)),"",IFERROR(PERCENTRANK($P$5:$P$1204,$P84),""))
A85: 45682 | B85: 1403/11/06 | C85: 87338209 | D85: 87582605 | E85: 87334862 | F85: 0 | G85: =IF($A85="","",IF(ISNUMBER($G84),$G84+1,1)) -> 81 | H85: =IF(OR(NOT(ISNUMBER($G85)),$G85<2,NOT(ISNUMBER($C84)),$C84=0),"",$C85/$C84-1) -> -0.0044841307 | I85: =IF(AND(ISNUMBER($G85),$G85>=MA_SHORT),AVERAGE(INDEX($C$5:$C85,82-MA_SHORT):$C85),"") -> 89894759 | J85: =IF(AND(ISNUMBER($G85),$G85>=MA_MED),AVERAGE(INDEX($C$5:$C85,82-MA_MED):$C85),"") -> 86545131 | K85: =IF(AND(ISNUMBER($G85),$G85>=MA_LONG2),AVERAGE(INDEX($C$5:$C85,82-MA_LONG2):$C85),"") | L85: =IF(AND(ISNUMBER($G85),$G85>=21),STDEV(INDEX($H$25:$H85,62-20):$H85)*SQRT(245),"") -> 0.18785657 | M85: =IF(AND(ISNUMBER($G85),$G85>=60),MAX(INDEX($D$5:$D85,82-60):$D85),"") -> 92378638 | N85: =IF(AND(ISNUMBER($G85),$G85>=60),MIN(INDEX($E$5:$E85,82-60):$E85),"") -> 78403111 | O85: =IF(OR(NOT(ISNUMBER($C85)),NOT(ISNUMBER($M85)),$M85=0),"",$C85/$M85-1) -> -0.054562712 | Q85: =IF(NOT(ISNUMBER($P85)),"",IFERROR(PERCENTRANK($P$5:$P$1204,$P85),""))
A86: 45683 | B86: 1403/11/07 | C86: 89641821 | D86: 89662205 | E86: 89485186 | F86: 0 | G86: =IF($A86="","",IF(ISNUMBER($G85),$G85+1,1)) -> 82 | H86: =IF(OR(NOT(ISNUMBER($G86)),$G86<2,NOT(ISNUMBER($C85)),$C85=0),"",$C86/$C85-1) -> 0.026375764 | I86: =IF(AND(ISNUMBER($G86),$G86>=MA_SHORT),AVERAGE(INDEX($C$5:$C86,83-MA_SHORT):$C86),"") -> 90044019 | J86: =IF(AND(ISNUMBER($G86),$G86>=MA_MED),AVERAGE(INDEX($C$5:$C86,83-MA_MED):$C86),"") -> 86671259 | K86: =IF(AND(ISNUMBER($G86),$G86>=MA_LONG2),AVERAGE(INDEX($C$5:$C86,83-MA_LONG2):$C86),"") | L86: =IF(AND(ISNUMBER($G86),$G86>=21),STDEV(INDEX($H$26:$H86,62-20):$H86)*SQRT(245),"") -> 0.20666711 | M86: =IF(AND(ISNUMBER($G86),$G86>=60),MAX(INDEX($D$5:$D86,83-60):$D86),"") -> 92378638 | N86: =IF(AND(ISNUMBER($G86),$G86>=60),MIN(INDEX($E$5:$E86,83-60):$E86),"") -> 78684409 | O86: =IF(OR(NOT(ISNUMBER($C86)),NOT(ISNUMBER($M86)),$M86=0),"",$C86/$M86-1) -> -0.029626081 | Q86: =IF(NOT(ISNUMBER($P86)),"",IFERROR(PERCENTRANK($P$5:$P$1204,$P86),""))
A87: 45684 | B87: 1403/11/08 | C87: 91858948 | D87: 92843681 | E87: 91731313 | F87: 0 | G87: =IF($A87="","",IF(ISNUMBER($G86),$G86+1,1)) -> 83 | H87: =IF(OR(NOT(ISNUMBER($G87)),$G87<2,NOT(ISNUMBER($C86)),$C86=0),"",$C87/$C86-1) -> 0.024733177 | I87: =IF(AND(ISNUMBER($G87),$G87>=MA_SHORT),AVERAGE(INDEX($C$5:$C87,84-MA_SHORT):$C87),"") -> 90264290 | J87: =IF(AND(ISNUMBER($G87),$G87>=MA_MED),AVERAGE(INDEX($C$5:$C87,84-MA_MED):$C87),"") -> 86844186 | K87: =IF(AND(ISNUMBER($G87),$G87>=MA_LONG2),AVERAGE(INDEX($C$5:$C87,84-MA_LONG2):$C87),"") | L87: =IF(AND(ISNUMBER($G87),$G87>=21),STDEV(INDEX($H$27:$H87,62-20):$H87)*SQRT(245),"") -> 0.22054713 | M87: =IF(AND(ISNUMBER($G87),$G87>=60),MAX(INDEX($D$5:$D87,84-60):$D87),"") -> 92843681 | N87: =IF(AND(ISNUMBER($G87),$G87>=60),MIN(INDEX($E$5:$E87,84-60):$E87),"") -> 78684409 | O87: =IF(OR(NOT(ISNUMBER($C87)),NOT(ISNUMBER($M87)),$M87=0),"",$C87/$M87-1) -> -0.010606355 | Q87: =IF(NOT(ISNUMBER($P87)),"",IFERROR(PERCENTRANK($P$5:$P$1204,$P87),""))
A88: 45685 | B88: 1403/11/09 | C88: 93085547 | D88: 93683881 | E88: 92913647 | F88: 0 | G88: =IF($A88="","",IF(ISNUMBER($G87),$G87+1,1)) -> 84 | H88: =IF(OR(NOT(ISNUMBER($G88)),$G88<2,NOT(ISNUMBER($C87)),$C87=0),"",$C88/$C87-1) -> 0.01335307 | I88: =IF(AND(ISNUMBER($G88),$G88>=MA_SHORT),AVERAGE(INDEX($C$5:$C88,85-MA_SHORT):$C88),"") -> 90508304 | J88: =IF(AND(ISNUMBER($G88),$G88>=MA_MED),AVERAGE(INDEX($C$5:$C88,85-MA_MED):$C88),"") -> 87012244 | K88: =IF(AND(ISNUMBER($G88),$G88>=MA_LONG2),AVERAGE(INDEX($C$5:$C88,85-MA_LONG2):$C88),"") | L88: =IF(AND(ISNUMBER($G88),$G88>=21),STDEV(INDEX($H$28:$H88,62-20):$H88)*SQRT(245),"") -> 0.22284422 | M88: =IF(AND(ISNUMBER($G88),$G88>=60),MAX(INDEX($D$5:$D88,85-60):$D88),"") -> 93683881 | N88: =IF(AND(ISNUMBER($G88),$G88>=60),MIN(INDEX($E$5:$E88,85-60):$E88),"") -> 79919949 | O88: =IF(OR(NOT(ISNUMBER($C88)),NOT(ISNUMBER($M88)),$M88=0),"",$C88/$M88-1) -> -0.0063867337 | Q88: =IF(NOT(ISNUMBER($P88)),"",IFERROR(PERCENTRANK($P$5:$P$1204,$P88),""))
A89: 45686 | B89: 1403/11/10 | C89: 94912773 | D89: 94954825 | E89: 94823278 | F89: 0 | G89: =IF($A89="","",IF(ISNUMBER($G88),$G88+1,1)) -> 85 | H89: =IF(OR(NOT(ISNUMBER($G89)),$G89<2,NOT(ISNUMBER($C88)),$C88=0),"",$C89/$C88-1) -> 0.019629535 | I89: =IF(AND(ISNUMBER($G89),$G89>=MA_SHORT),AVERAGE(INDEX($C$5:$C89,86-MA_SHORT):$C89),"") -> 90740270 | J89: =IF(AND(ISNUMBER($G89),$G89>=MA_MED),AVERAGE(INDEX($C$5:$C89,86-MA_MED):$C89),"") -> 87210843 | K89: =IF(AND(ISNUMBER($G89),$G89>=MA_LONG2),AVERAGE(INDEX($C$5:$C89,86-MA_LONG2):$C89),"") | L89: =IF(AND(ISNUMBER($G89),$G89>=21),STDEV(INDEX($H$29:$H89,62-20):$H89)*SQRT(245),"") -> 0.21864179 | M89: =IF(AND(ISNUMBER($G89),$G89>=60),MAX(INDEX($D$5:$D89,86-60):$D89),"") -> 94954825 | N89: =IF(AND(ISNUMBER($G89),$G89>=60),MIN(INDEX($E$5:$E89,86-60):$E89),"") -> 79919949 | O89: =IF(OR(NOT(ISNUMBER($C89)),NOT(ISNUMBER($M89)),$M89=0),"",$C89/$M89-1) -> -0.00044286322 | Q89: =IF(NOT(ISNUMBER($P89)),"",IFERROR(PERCENTRANK($P$5:$P$1204,$P89),""))
A90: 45689 | B90: 1403/11/13 | C90: 97821664 | D90: 98629879 | E90: 97341265 | F90: 0 | G90: =IF($A90="","",IF(ISNUMBER($G89),$G89+1,1)) -> 86 | H90: =IF(OR(NOT(ISNUMBER($G90)),$G90<2,NOT(ISNUMBER($C89)),$C89=0),"",$C90/$C89-1) -> 0.030648046 | I90: =IF(AND(ISNUMBER($G90),$G90>=MA_SHORT),AVERAGE(INDEX($C$5:$C90,87-MA_SHORT):$C90),"") -> 91113743 | J90: =IF(AND(ISNUMBER($G90),$G90>=MA_MED),AVERAGE(INDEX($C$5:$C90,87-MA_MED):$C90),"") -> 87414215 | K90: =IF(AND(ISNUMBER($G90),$G90>=MA_LONG2),AVERAGE(INDEX($C$5:$C90,87-MA_LONG2):$C90),"") | L90: =IF(AND(ISNUMBER($G90),$G90>=21),STDEV(INDEX($H$30:$H90,62-20):$H90)*SQRT(245),"") -> 0.23945236 | M90: =IF(AND(ISNUMBER($G90),$G90>=60),MAX(INDEX($D$5:$D90,87-60):$D90),"") -> 98629879 | N90: =IF(AND(ISNUMBER($G90),$G90>=60),MIN(INDEX($E$5:$E90,87-60):$E90),"") -> 79919949 | O90: =IF(OR(NOT(ISNUMBER($C90)),NOT(ISNUMBER($M90)),$M90=0),"",$C90/$M90-1) -> -0.0081944235 | Q90: =IF(NOT(ISNUMBER($P90)),"",IFERROR(PERCENTRANK($P$5:$P$1204,$P90),""))
A91: 45690 | B91: 1403/11/14 | C91: 96144571 | D91: 96317447 | E91: 95893024 | F91: 0 | G91: =IF($A91="","",IF(ISNUMBER($G90),$G90+1,1)) -> 87 | H91: =IF(OR(NOT(ISNUMBER($G91)),$G91<2,NOT(ISNUMBER($C90)),$C90=0),"",$C91/$C90-1) -> -0.017144392 | I91: =IF(AND(ISNUMBER($G91),$G91>=MA_SHORT),AVERAGE(INDEX($C$5:$C91,88-MA_SHORT):$C91),"") -> 91392402 | J91: =IF(AND(ISNUMBER($G91),$G91>=MA_MED),AVERAGE(INDEX($C$5:$C91,88-MA_MED):$C91),"") -> 87607770 | K91: =IF(AND(ISNUMBER($G91),$G91>=MA_LONG2),AVERAGE(INDEX($C$5:$C91,88-MA_LONG2):$C91),"") | L91: =IF(AND(ISNUMBER($G91),$G91>=21),STDEV(INDEX($H$31:$H91,62-20):$H91)*SQRT(245),"") -> 0.25073691 | M91: =IF(AND(ISNUMBER($G91),$G91>=60),MAX(INDEX($D$5:$D91,88-60):$D91),"") -> 98629879 | N91: =IF(AND(ISNUMBER($G91),$G91>=60),MIN(INDEX($E$5:$E91,88-60):$E91),"") -> 79919949 | O91: =IF(OR(NOT(ISNUMBER($C91)),NOT(ISNUMBER($M91)),$M91=0),"",$C91/$M91-1) -> -0.025198328 | Q91: =IF(NOT(ISNUMBER($P91)),"",IFERROR(PERCENTRANK($P$5:$P$1204,$P91),""))
A92: 45691 | B92: 1403/11/15 | C92: 96429453 | D92: 96535549 | E92: 96074627 | F92: 0 | G92: =IF($A92="","",IF(ISNUMBER($G91),$G91+1,1)) -> 88 | H92: =IF(OR(NOT(ISNUMBER($G92)),$G92<2,NOT(ISNUMBER($C91)),$C91=0),"",$C92/$C91-1) -> 0.0029630586 | I92: =IF(AND(ISNUMBER($G92),$G92>=MA_SHORT),AVERAGE(INDEX($C$5:$C92,89-MA_SHORT):$C92),"") -> 91641483 | J92: =IF(AND(ISNUMBER($G92),$G92>=MA_MED),AVERAGE(INDEX($C$5:$C92,89-MA_MED):$C92),"") -> 87814185 | K92: =IF(AND(ISNUMBER($G92),$G92>=MA_LONG2),AVERAGE(INDEX($C$5:$C92,89-MA_LONG2):$C92),"") | L92: =IF(AND(ISNUMBER($G92),$G92>=21),STDEV(INDEX($H$32:$H92,62-20):$H92)*SQRT(245),"") -> 0.24956848 | M92: =IF(AND(ISNUMBER($G92),$G92>=60),MAX(INDEX($D$5:$D92,89-60):$D92),"") -> 98629879 | N92: =IF(AND(ISNUMBER($G92),$G92>=60),MIN(INDEX($E$5:$E92,89-60):$E92),"") -> 79919949 | O92: =IF(OR(NOT(ISNUMBER($C92)),NOT(ISNUMBER($M92)),$M92=0),"",$C92/$M92-1) -> -0.022309933 | Q92: =IF(NOT(ISNUMBER($P92)),"",IFERROR(PERCENTRANK($P$5:$P$1204,$P92),""))
A93: 45692 | B93: 1403/11/16 | C93: 97125369 | D93: 97485028 | E93: 96698234 | F93: 0 | G93: =IF($A93="","",IF(ISNUMBER($G92),$G92+1,1)) -> 89 | H93: =IF(OR(NOT(ISNUMBER($G93)),$G93<2,NOT(ISNUMBER($C92)),$C92=0),"",$C93/$C92-1) -> 0.0072168407 | I93: =IF(AND(ISNUMBER($G93),$G93>=MA_SHORT),AVERAGE(INDEX($C$5:$C93,90-MA_SHORT):$C93),"") -> 91907344 | J93: =IF(AND(ISNUMBER($G93),$G93>=MA_MED),AVERAGE(INDEX($C$5:$C93,90-MA_MED):$C93),"") -> 88078124 | K93: =IF(AND(ISNUMBER($G93),$G93>=MA_LONG2),AVERAGE(INDEX($C$5:$C93,90-MA_LONG2):$C93),"") | L93: =IF(AND(ISNUMBER($G93),$G93>=21),STDEV(INDEX($H$33:$H93,62-20):$H93)*SQRT(245),"") -> 0.25002869 | M93: =IF(AND(ISNUMBER($G93),$G93>=60),MAX(INDEX($D$5:$D93,90-60):$D93),"") -> 98629879 | N93: =IF(AND(ISNUMBER($G93),$G93>=60),MIN(INDEX($E$5:$E93,90-60):$E93),"") -> 79919949 | O93: =IF(OR(NOT(ISNUMBER($C93)),NOT(ISNUMBER($M93)),$M93=0),"",$C93/$M93-1) -> -0.0152541 | Q93: =IF(NOT(ISNUMBER($P93)),"",IFERROR(PERCENTRANK($P$5:$P$1204,$P93),""))
A94: 45693 | B94: 1403/11/17 | C94: 98070909 | D94: 98823969 | E94: 97892303 | F94: 0 | G94: =IF($A94="","",IF(ISNUMBER($G93),$G93+1,1)) -> 90 | H94: =IF(OR(NOT(ISNUMBER($G94)),$G94<2,NOT(ISNUMBER($C93)),$C93=0),"",$C94/$C93-1) -> 0.0097352526 | I94: =IF(AND(ISNUMBER($G94),$G94>=MA_SHORT),AVERAGE(INDEX($C$5:$C94,91-MA_SHORT):$C94),"") -> 92259707 | J94: =IF(AND(ISNUMBER($G94),$G94>=MA_MED),AVERAGE(INDEX($C$5:$C94,91-MA_MED):$C94),"") -> 88379453 | K94: =IF(AND(ISNUMBER($G94),$G94>=MA_LONG2),AVERAGE(INDEX($C$5:$C94,91-MA_LONG2):$C94),"") | L94: =IF(AND(ISNUMBER($G94),$G94>=21),STDEV(INDEX($H$34:$H94,62-20):$H94)*SQRT(245),"") -> 0.24737343 | M94: =IF(AND(ISNUMBER($G94),$G94>=60),MAX(INDEX($D$5:$D94,91-60):$D94),"") -> 98823969 | N94: =IF(AND(ISNUMBER($G94),$G94>=60),MIN(INDEX($E$5:$E94,91-60):$E94),"") -> 79919949 | O94: =IF(OR(NOT(ISNUMBER($C94)),NOT(ISNUMBER($M94)),$M94=0),"",$C94/$M94-1) -> -0.0076202161 | Q94: =IF(NOT(ISNUMBER($P94)),"",IFERROR(PERCENTRANK($P$5:$P$1204,$P94),""))
A95: 45696 | B95: 1403/11/20 | C95: 95559825 | D95: 96309825 | E95: 95486888 | F95: 0 | G95: =IF($A95="","",IF(ISNUMBER($G94),$G94+1,1)) -> 91 | H95: =IF(OR(NOT(ISNUMBER($G95)),$G95<2,NOT(ISNUMBER($C94)),$C94=0),"",$C95/$C94-1) -> -0.025604779 | I95: =IF(AND(ISNUMBER($G95),$G95>=MA_SHORT),AVERAGE(INDEX($C$5:$C95,92-MA_SHORT):$C95),"") -> 92462226 | J95: =IF(AND(ISNUMBER($G95),$G95>=MA_MED),AVERAGE(INDEX($C$5:$C95,92-MA_MED):$C95),"") -> 88634341 | K95: =IF(AND(ISNUMBER($G95),$G95>=MA_LONG2),AVERAGE(INDEX($C$5:$C95,92-MA_LONG2):$C95),"") | L95: =IF(AND(ISNUMBER($G95),$G95>=21),STDEV(INDEX($H$35:$H95,62-20):$H95)*SQRT(245),"") -> 0.26783947 | M95: =IF(AND(ISNUMBER($G95),$G95>=60),MAX(INDEX($D$5:$D95,92-60):$D95),"") -> 98823969 | N95: =IF(AND(ISNUMBER($G95),$G95>=60),MIN(INDEX($E$5:$E95,92-60):$E95),"") -> 79919949 | O95: =IF(OR(NOT(ISNUMBER($C95)),NOT(ISNUMBER($M95)),$M95=0),"",$C95/$M95-1) -> -0.033029882 | Q95: =IF(NOT(ISNUMBER($P95)),"",IFERROR(PERCENTRANK($P$5:$P$1204,$P95),""))
A96: 45697 | B96: 1403/11/21 | C96: 93899977 | D96: 94050114 | E96: 93858714 | F96: 0 | G96: =IF($A96="","",IF(ISNUMBER($G95),$G95+1,1)) -> 92 | H96: =IF(OR(NOT(ISNUMBER($G96)),$G96<2,NOT(ISNUMBER($C95)),$C95=0),"",$C96/$C95-1) -> -0.017369726 | I96: =IF(AND(ISNUMBER($G96),$G96>=MA_SHORT),AVERAGE(INDEX($C$5:$C96,93-MA_SHORT):$C96),"") -> 92669881 | J96: =IF(AND(ISNUMBER($G96),$G96>=MA_MED),AVERAGE(INDEX($C$5:$C96,93-MA_MED):$C96),"") -> 88843344 | K96: =IF(AND(ISNUMBER($G96),$G96>=MA_LONG2),AVERAGE(INDEX($C$5:$C96,93-MA_LONG2):$C96),"") | L96: =IF(AND(ISNUMBER($G96),$G96>=21),STDEV(INDEX($H$36:$H96,62-20):$H96)*SQRT(245),"") -> 0.26595101 | M96: =IF(AND(ISNUMBER($G96),$G96>=60),MAX(INDEX($D$5:$D96,93-60):$D96),"") -> 98823969 | N96: =IF(AND(ISNUMBER($G96),$G96>=60),MIN(INDEX($E$5:$E96,93-60):$E96),"") -> 79919949 | O96: =IF(OR(NOT(ISNUMBER($C96)),NOT(ISNUMBER($M96)),$M96=0),"",$C96/$M96-1) -> -0.049825888 | Q96: =IF(NOT(ISNUMBER($P96)),"",IFERROR(PERCENTRANK($P$5:$P$1204,$P96),""))
A97: 45698 | B97: 1403/11/22 | C97: 96019425 | D97: 96527740 | E97: 95821158 | F97: 0 | G97: =IF($A97="","",IF(ISNUMBER($G96),$G96+1,1)) -> 93 | H97: =IF(OR(NOT(ISNUMBER($G97)),$G97<2,NOT(ISNUMBER($C96)),$C96=0),"",$C97/$C96-1) -> 0.022571337 | I97: =IF(AND(ISNUMBER($G97),$G97>=MA_SHORT),AVERAGE(INDEX($C$5:$C97,94-MA_SHORT):$C97),"") -> 92876614 | J97: =IF(AND(ISNUMBER($G97),$G97>=MA_MED),AVERAGE(INDEX($C$5:$C97,94-MA_MED):$C97),"") -> 89113623 | K97: =IF(AND(ISNUMBER($G97),$G97>=MA_LONG2),AVERAGE(INDEX($C$5:$C97,94-MA_LONG2):$C97),"") | L97: =IF(AND(ISNUMBER($G97),$G97>=21),STDEV(INDEX($H$37:$H97,62-20):$H97)*SQRT(245),"") -> 0.26468597 | M97: =IF(AND(ISNUMBER($G97),$G97>=60),MAX(INDEX($D$5:$D97,94-60):$D97),"") -> 98823969 | N97: =IF(AND(ISNUMBER($G97),$G97>=60),MIN(INDEX($E$5:$E97,94-60):$E97),"") -> 79919949 | O97: =IF(OR(NOT(ISNUMBER($C97)),NOT(ISNUMBER($M97)),$M97=0),"",$C97/$M97-1) -> -0.028379188 | Q97: =IF(NOT(ISNUMBER($P97)),"",IFERROR(PERCENTRANK($P$5:$P$1204,$P97),""))
A98: 45699 | B98: 1403/11/23 | C98: 94310287 | D98: 94675610 | E98: 93431227 | F98: 0 | G98: =IF($A98="","",IF(ISNUMBER($G97),$G97+1,1)) -> 94 | H98: =IF(OR(NOT(ISNUMBER($G98)),$G98<2,NOT(ISNUMBER($C97)),$C97=0),"",$C98/$C97-1) -> -0.017799919 | I98: =IF(AND(ISNUMBER($G98),$G98>=MA_SHORT),AVERAGE(INDEX($C$5:$C98,95-MA_SHORT):$C98),"") -> 93004566 | J98: =IF(AND(ISNUMBER($G98),$G98>=MA_MED),AVERAGE(INDEX($C$5:$C98,95-MA_MED):$C98),"") -> 89358461 | K98: =IF(AND(ISNUMBER($G98),$G98>=MA_LONG2),AVERAGE(INDEX($C$5:$C98,95-MA_LONG2):$C98),"") | L98: =IF(AND(ISNUMBER($G98),$G98>=21),STDEV(INDEX($H$38:$H98,62-20):$H98)*SQRT(245),"") -> 0.2737345 | M98: =IF(AND(ISNUMBER($G98),$G98>=60),MAX(INDEX($D$5:$D98,95-60):$D98),"") -> 98823969 | N98: =IF(AND(ISNUMBER($G98),$G98>=60),MIN(INDEX($E$5:$E98,95-60):$E98),"") -> 79919949 | O98: =IF(OR(NOT(ISNUMBER($C98)),NOT(ISNUMBER($M98)),$M98=0),"",$C98/$M98-1) -> -0.04567396 | Q98: =IF(NOT(ISNUMBER($P98)),"",IFERROR(PERCENTRANK($P$5:$P$1204,$P98),""))
