Workbook

Sheet Dashboard
A1: داشبورد سیگنال بازار سرمایه ایران
A2: ⚠️ داده‌های این فایل نمونه (DEMO) و ساختگی‌اند — واقعی نیستند. برای استفاده واقعی با scripts/tse_updater.py از tsetmc جایگزین کنید.
A4: ۱) وضعیت کلی بازار
A5: تاریخ آخرین داده | B5: =IFERROR(INDEX(Market_Index!$C$1:$C$5000,MI_LASTROW),"—") -> 1405/06/11 | D5: تعداد نمادهای تحت نظر | E5: =COUNTA(Watchlist!$A$5:$A$12) -> 8
A6: شاخص کل | B6: =IFERROR(INDEX(Market_Index!$D$1:$D$5000,MI_LASTROW),"—") -> 2159994.4 | D6: ارزش معاملات نمادهای تحت نظر (م.ریال) | E6: =IFERROR(SUM(Calculations!$G$5:$G$64),0) -> 2784.8215
A7: تغییر روزانه شاخص کل | B7: =IFERROR(INDEX(Market_Index!$E$1:$E$5000,MI_LASTROW),"—") | D7: خالص ورود پول حقیقی امروز (م.ریال) | E7: =IFERROR(SUM(Calculations!$AC$5:$AC$64),0) -> -101.65453
A8: شاخص کل هم‌وزن | B8: =IFERROR(INDEX(Market_Index!$I$1:$I$5000,MI_LASTROW),"—") -> 796843.24 | D8: خالص ورود پول حقیقی ۵ روزه (م.ریال) | E8: =IFERROR(SUM(Calculations!$AH$5:$AH$64),0) -> 881.00999
A9: تغییر روزانه هم‌وزن | B9: =IFERROR(INDEX(Market_Index!$J$1:$J$5000,MI_LASTROW),"—") | D9: میانگین امتیاز کل نمادها | E9: =IFERROR(AVERAGE(Signals!$T$4:$T$63),0) -> -1.259375
A10: امتیاز رژیم بازار (−۱۰ تا +۱۰) | B10: =MARKET_SCORE -> -7 | D10: نسبت سیگنال خرید به فروش | E10: =IFERROR((COUNTIF(Signals!$U$4:$U$63,"خرید قوی")+COUNTIF(Signals!$U$4:$U$63,"خرید"))/(COUNTIF(Signals!$U$4:$U$63,"فروش قوی")+COUNTIF(Signals!$U$4:$U$63,"فروش")),"—") -> 0.5
A11: وضعیت بازار | B11: =MARKET_LABEL -> نزولی قوی | D11: جمع وزن‌های سیستم | E11: =W_SUM -> 1
A13: ۲) خلاصه سیگنال‌ها
A14: خرید قوی | B14: خرید | C14: نگهداری | D14: فروش | E14: فروش قوی
A15: =COUNTIF(Signals!$U$4:$U$63,"خرید قوی") -> 1 | B15: =COUNTIF(Signals!$U$4:$U$63,"خرید") -> 1 | C15: =COUNTIF(Signals!$U$4:$U$63,"نگهداری") -> 2 | D15: =COUNTIF(Signals!$U$4:$U$63,"فروش") -> 1 | E15: =COUNTIF(Signals!$U$4:$U$63,"فروش قوی") -> 3
A16: سیگنال‌های «کم‌اعتبار» (نقدشوندگی پایین): | B16: =COUNTIF(Signals!$Z$4:$Z$63,"کم‌اعتبار") -> 0
A18: ۳) ده نماد برتر برای خرید (فقط امتیاز ≥ حد خرید)
A19: رتبه | B19: نماد | C19: نام شرکت | D19: آخرین قیمت | E19: امتیاز کل | F19: سیگنال | G19: قدرت | H19: جریان پول هوشمند
A20: 1 | B20: =IFERROR(IF(INDEX(Calculations!$AP$5:$AP$64,MATCH(1,Calculations!$AT$5:$AT$64,0))>=TH_BUY,INDEX(Calculations!$A$5:$A$64,MATCH(1,Calculations!$AT$5:$AT$64,0)),""),"") -> شستا | C20: =IF($B20="","",IFERROR(INDEX(Signals!$B$4:$B$63,MATCH($B20,Signals!$A$4:$A$63,0)),"")) -> سرمايه گذاري تامين اجتماعي | D20: =IF($B20="","",IFERROR(INDEX(Signals!$E$4:$E$63,MATCH($B20,Signals!$A$4:$A$63,0)),"")) -> 2007 | E20: =IF($B20="","",IFERROR(INDEX(Signals!$T$4:$T$63,MATCH($B20,Signals!$A$4:$A$63,0)),"")) -> 6.35 | F20: =IF($B20="","",IFERROR(INDEX(Signals!$U$4:$U$63,MATCH($B20,Signals!$A$4:$A$63,0)),"")) -> خرید قوی | G20: =IF($B20="","",IFERROR(INDEX(Signals!$V$4:$V$63,MATCH($B20,Signals!$A$4:$A$63,0)),"")) -> 4 | H20: =IF($B20="","",IFERROR(INDEX(Signals!$J$4:$J$63,MATCH($B20,Signals!$A$4:$A$63,0)),"")) -> ورود قوی پول حقیقی
A21: 2 | B21: =IFERROR(IF(INDEX(Calculations!$AP$5:$AP$64,MATCH(2,Calculations!$AT$5:$AT$64,0))>=TH_BUY,INDEX(Calculations!$A$5:$A$64,MATCH(2,Calculations!$AT$5:$AT$64,0)),""),"") -> اخابر | C21: =IF($B21="","",IFERROR(INDEX(Signals!$B$4:$B$63,MATCH($B21,Signals!$A$4:$A$63,0)),"")) -> مخابرات ايران | D21: =IF($B21="","",IFERROR(INDEX(Signals!$E$4:$E$63,MATCH($B21,Signals!$A$4:$A$63,0)),"")) -> 1194 | E21: =IF($B21="","",IFERROR(INDEX(Signals!$T$4:$T$63,MATCH($B21,Signals!$A$4:$A$63,0)),"")) -> 3.95 | F21: =IF($B21="","",IFERROR(INDEX(Signals!$U$4:$U$63,MATCH($B21,Signals!$A$4:$A$63,0)),"")) -> خرید | G21: =IF($B21="","",IFERROR(INDEX(Signals!$V$4:$V$63,MATCH($B21,Signals!$A$4:$A$63,0)),"")) -> 3 | H21: =IF($B21="","",IFERROR(INDEX(Signals!$J$4:$J$63,MATCH($B21,Signals!$A$4:$A$63,0)),"")) -> ورود قوی پول حقیقی
A22: 3 | B22: =IFERROR(IF(INDEX(Calculations!$AP$5:$AP$64,MATCH(3,Calculations!$AT$5:$AT$64,0))>=TH_BUY,INDEX(Calculations!$A$5:$A$64,MATCH(3,Calculations!$AT$5:$AT$64,0)),""),"") | C22: =IF($B22="","",IFERROR(INDEX(Signals!$B$4:$B$63,MATCH($B22,Signals!$A$4:$A$63,0)),"")) | D22: =IF($B22="","",IFERROR(INDEX(Signals!$E$4:$E$63,MATCH($B22,Signals!$A$4:$A$63,0)),"")) | E22: =IF($B22="","",IFERROR(INDEX(Signals!$T$4:$T$63,MATCH($B22,Signals!$A$4:$A$63,0)),"")) | F22: =IF($B22="","",IFERROR(INDEX(Signals!$U$4:$U$63,MATCH($B22,Signals!$A$4:$A$63,0)),"")) | G22: =IF($B22="","",IFERROR(INDEX(Signals!$V$4:$V$63,MATCH($B22,Signals!$A$4:$A$63,0)),"")) | H22: =IF($B22="","",IFERROR(INDEX(Signals!$J$4:$J$63,MATCH($B22,Signals!$A$4:$A$63,0)),""))
A23: 4 | B23: =IFERROR(IF(INDEX(Calculations!$AP$5:$AP$64,MATCH(4,Calculations!$AT$5:$AT$64,0))>=TH_BUY,INDEX(Calculations!$A$5:$A$64,MATCH(4,Calculations!$AT$5:$AT$64,0)),""),"") | C23: =IF($B23="","",IFERROR(INDEX(Signals!$B$4:$B$63,MATCH($B23,Signals!$A$4:$A$63,0)),"")) | D23: =IF($B23="","",IFERROR(INDEX(Signals!$E$4:$E$63,MATCH($B23,Signals!$A$4:$A$63,0)),"")) | E23: =IF($B23="","",IFERROR(INDEX(Signals!$T$4:$T$63,MATCH($B23,Signals!$A$4:$A$63,0)),"")) | F23: =IF($B23="","",IFERROR(INDEX(Signals!$U$4:$U$63,MATCH($B23,Signals!$A$4:$A$63,0)),"")) | G23: =IF($B23="","",IFERROR(INDEX(Signals!$V$4:$V$63,MATCH($B23,Signals!$A$4:$A$63,0)),"")) | H23: =IF($B23="","",IFERROR(INDEX(Signals!$J$4:$J$63,MATCH($B23,Signals!$A$4:$A$63,0)),""))
A24: 5 | B24: =IFERROR(IF(INDEX(Calculations!$AP$5:$AP$64,MATCH(5,Calculations!$AT$5:$AT$64,0))>=TH_BUY,INDEX(Calculations!$A$5:$A$64,MATCH(5,Calculations!$AT$5:$AT$64,0)),""),"") | C24: =IF($B24="","",IFERROR(INDEX(Signals!$B$4:$B$63,MATCH($B24,Signals!$A$4:$A$63,0)),"")) | D24: =IF($B24="","",IFERROR(INDEX(Signals!$E$4:$E$63,MATCH($B24,Signals!$A$4:$A$63,0)),"")) | E24: =IF($B24="","",IFERROR(INDEX(Signals!$T$4:$T$63,MATCH($B24,Signals!$A$4:$A$63,0)),"")) | F24: =IF($B24="","",IFERROR(INDEX(Signals!$U$4:$U$63,MATCH($B24,Signals!$A$4:$A$63,0)),"")) | G24: =IF($B24="","",IFERROR(INDEX(Signals!$V$4:$V$63,MATCH($B24,Signals!$A$4:$A$63,0)),"")) | H24: =IF($B24="","",IFERROR(INDEX(Signals!$J$4:$J$63,MATCH($B24,Signals!$A$4:$A$63,0)),""))
A25: 6 | B25: =IFERROR(IF(INDEX(Calculations!$AP$5:$AP$64,MATCH(6,Calculations!$AT$5:$AT$64,0))>=TH_BUY,INDEX(Calculations!$A$5:$A$64,MATCH(6,Calculations!$AT$5:$AT$64,0)),""),"") | C25: =IF($B25="","",IFERROR(INDEX(Signals!$B$4:$B$63,MATCH($B25,Signals!$A$4:$A$63,0)),"")) | D25: =IF($B25="","",IFERROR(INDEX(Signals!$E$4:$E$63,MATCH($B25,Signals!$A$4:$A$63,0)),"")) | E25: =IF($B25="","",IFERROR(INDEX(Signals!$T$4:$T$63,MATCH($B25,Signals!$A$4:$A$63,0)),"")) | F25: =IF($B25="","",IFERROR(INDEX(Signals!$U$4:$U$63,MATCH($B25,Signals!$A$4:$A$63,0)),"")) | G25: =IF($B25="","",IFERROR(INDEX(Signals!$V$4:$V$63,MATCH($B25,Signals!$A$4:$A$63,0)),"")) | H25: =IF($B25="","",IFERROR(INDEX(Signals!$J$4:$J$63,MATCH($B25,Signals!$A$4:$A$63,0)),""))
A26: 7 | B26: =IFERROR(IF(INDEX(Calculations!$AP$5:$AP$64,MATCH(7,Calculations!$AT$5:$AT$64,0))>=TH_BUY,INDEX(Calculations!$A$5:$A$64,MATCH(7,Calculations!$AT$5:$AT$64,0)),""),"") | C26: =IF($B26="","",IFERROR(INDEX(Signals!$B$4:$B$63,MATCH($B26,Signals!$A$4:$A$63,0)),"")) | D26: =IF($B26="","",IFERROR(INDEX(Signals!$E$4:$E$63,MATCH($B26,Signals!$A$4:$A$63,0)),"")) | E26: =IF($B26="","",IFERROR(INDEX(Signals!$T$4:$T$63,MATCH($B26,Signals!$A$4:$A$63,0)),"")) | F26: =IF($B26="","",IFERROR(INDEX(Signals!$U$4:$U$63,MATCH($B26,Signals!$A$4:$A$63,0)),"")) | G26: =IF($B26="","",IFERROR(INDEX(Signals!$V$4:$V$63,MATCH($B26,Signals!$A$4:$A$63,0)),"")) | H26: =IF($B26="","",IFERROR(INDEX(Signals!$J$4:$J$63,MATCH($B26,Signals!$A$4:$A$63,0)),""))
A27: 8 | B27: =IFERROR(IF(INDEX(Calculations!$AP$5:$AP$64,MATCH(8,Calculations!$AT$5:$AT$64,0))>=TH_BUY,INDEX(Calculations!$A$5:$A$64,MATCH(8,Calculations!$AT$5:$AT$64,0)),""),"") | C27: =IF($B27="","",IFERROR(INDEX(Signals!$B$4:$B$63,MATCH($B27,Signals!$A$4:$A$63,0)),"")) | D27: =IF($B27="","",IFERROR(INDEX(Signals!$E$4:$E$63,MATCH($B27,Signals!$A$4:$A$63,0)),"")) | E27: =IF($B27="","",IFERROR(INDEX(Signals!$T$4:$T$63,MATCH($B27,Signals!$A$4:$A$63,0)),"")) | F27: =IF($B27="","",IFERROR(INDEX(Signals!$U$4:$U$63,MATCH($B27,Signals!$A$4:$A$63,0)),"")) | G27: =IF($B27="","",IFERROR(INDEX(Signals!$V$4:$V$63,MATCH($B27,Signals!$A$4:$A$63,0)),"")) | H27: =IF($B27="","",IFERROR(INDEX(Signals!$J$4:$J$63,MATCH($B27,Signals!$A$4:$A$63,0)),""))
A28: 9 | B28: =IFERROR(IF(INDEX(Calculations!$AP$5:$AP$64,MATCH(9,Calculations!$AT$5:$AT$64,0))>=TH_BUY,INDEX(Calculations!$A$5:$A$64,MATCH(9,Calculations!$AT$5:$AT$64,0)),""),"") | C28: =IF($B28="","",IFERROR(INDEX(Signals!$B$4:$B$63,MATCH($B28,Signals!$A$4:$A$63,0)),"")) | D28: =IF($B28="","",IFERROR(INDEX(Signals!$E$4:$E$63,MATCH($B28,Signals!$A$4:$A$63,0)),"")) | E28: =IF($B28="","",IFERROR(INDEX(Signals!$T$4:$T$63,MATCH($B28,Signals!$A$4:$A$63,0)),"")) | F28: =IF($B28="","",IFERROR(INDEX(Signals!$U$4:$U$63,MATCH($B28,Signals!$A$4:$A$63,0)),"")) | G28: =IF($B28="","",IFERROR(INDEX(Signals!$V$4:$V$63,MATCH($B28,Signals!$A$4:$A$63,0)),"")) | H28: =IF($B28="","",IFERROR(INDEX(Signals!$J$4:$J$63,MATCH($B28,Signals!$A$4:$A$63,0)),""))
A29: 10 | B29: =IFERROR(IF(INDEX(Calculations!$AP$5:$AP$64,MATCH(10,Calculations!$AT$5:$AT$64,0))>=TH_BUY,INDEX(Calculations!$A$5:$A$64,MATCH(10,Calculations!$AT$5:$AT$64,0)),""),"") | C29: =IF($B29="","",IFERROR(INDEX(Signals!$B$4:$B$63,MATCH($B29,Signals!$A$4:$A$63,0)),"")) | D29: =IF($B29="","",IFERROR(INDEX(Signals!$E$4:$E$63,MATCH($B29,Signals!$A$4:$A$63,0)),"")) | E29: =IF($B29="","",IFERROR(INDEX(Signals!$T$4:$T$63,MATCH($B29,Signals!$A$4:$A$63,0)),"")) | F29: =IF($B29="","",IFERROR(INDEX(Signals!$U$4:$U$63,MATCH($B29,Signals!$A$4:$A$63,0)),"")) | G29: =IF($B29="","",IFERROR(INDEX(Signals!$V$4:$V$63,MATCH($B29,Signals!$A$4:$A$63,0)),"")) | H29: =IF($B29="","",IFERROR(INDEX(Signals!$J$4:$J$63,MATCH($B29,Signals!$A$4:$A$63,0)),""))
A31: ۴) ده نماد برتر برای فروش (فقط امتیاز ≤ حد فروش)
A32: رتبه | B32: نماد | C32: نام شرکت | D32: آخرین قیمت | E32: امتیاز کل | F32: سیگنال | G32: قدرت | H32: جریان پول هوشمند
A33: 1 | B33: =IFERROR(IF(INDEX(Calculations!$AP$5:$AP$64,MATCH(1,Calculations!$AU$5:$AU$64,0))<=TH_SELL,INDEX(Calculations!$A$5:$A$64,MATCH(1,Calculations!$AU$5:$AU$64,0)),""),"") -> وبملت | C33: =IF($B33="","",IFERROR(INDEX(Signals!$B$4:$B$63,MATCH($B33,Signals!$A$4:$A$63,0)),"")) -> بانك ملت | D33: =IF($B33="","",IFERROR(INDEX(Signals!$E$4:$E$63,MATCH($B33,Signals!$A$4:$A$63,0)),"")) -> 4483 | E33: =IF($B33="","",IFERROR(INDEX(Signals!$T$4:$T$63,MATCH($B33,Signals!$A$4:$A$63,0)),"")) -> -7.45 | F33: =IF($B33="","",IFERROR(INDEX(Signals!$U$4:$U$63,MATCH($B33,Signals!$A$4:$A$63,0)),"")) -> فروش قوی | G33: =IF($B33="","",IFERROR(INDEX(Signals!$V$4:$V$63,MATCH($B33,Signals!$A$4:$A$63,0)),"")) -> 4 | H33: =IF($B33="","",IFERROR(INDEX(Signals!$J$4:$J$63,MATCH($B33,Signals!$A$4:$A$63,0)),"")) -> خروج قوی پول حقیقی
A34: 2 | B34: =IFERROR(IF(INDEX(Calculations!$AP$5:$AP$64,MATCH(2,Calculations!$AU$5:$AU$64,0))<=TH_SELL,INDEX(Calculations!$A$5:$A$64,MATCH(2,Calculations!$AU$5:$AU$64,0)),""),"") -> شپنا | C34: =IF($B34="","",IFERROR(INDEX(Signals!$B$4:$B$63,MATCH($B34,Signals!$A$4:$A$63,0)),"")) -> پالايش نفت اصفهان | D34: =IF($B34="","",IFERROR(INDEX(Signals!$E$4:$E$63,MATCH($B34,Signals!$A$4:$A$63,0)),"")) -> 3784 | E34: =IF($B34="","",IFERROR(INDEX(Signals!$T$4:$T$63,MATCH($B34,Signals!$A$4:$A$63,0)),"")) -> -6.175 | F34: =IF($B34="","",IFERROR(INDEX(Signals!$U$4:$U$63,MATCH($B34,Signals!$A$4:$A$63,0)),"")) -> فروش قوی | G34: =IF($B34="","",IFERROR(INDEX(Signals!$V$4:$V$63,MATCH($B34,Signals!$A$4:$A$63,0)),"")) -> 4 | H34: =IF($B34="","",IFERROR(INDEX(Signals!$J$4:$J$63,MATCH($B34,Signals!$A$4:$A$63,0)),"")) -> خروج پول حقیقی
A35: 3 | B35: =IFERROR(IF(INDEX(Calculations!$AP$5:$AP$64,MATCH(3,Calculations!$AU$5:$AU$64,0))<=TH_SELL,INDEX(Calculations!$A$5:$A$64,MATCH(3,Calculations!$AU$5:$AU$64,0)),""),"") -> فملي | C35: =IF($B35="","",IFERROR(INDEX(Signals!$B$4:$B$63,MATCH($B35,Signals!$A$4:$A$63,0)),"")) -> ملي صنايع مس ايران | D35: =IF($B35="","",IFERROR(INDEX(Signals!$E$4:$E$63,MATCH($B35,Signals!$A$4:$A$63,0)),"")) -> 6713 | E35: =IF($B35="","",IFERROR(INDEX(Signals!$T$4:$T$63,MATCH($B35,Signals!$A$4:$A$63,0)),"")) -> -5.2 | F35: =IF($B35="","",IFERROR(INDEX(Signals!$U$4:$U$63,MATCH($B35,Signals!$A$4:$A$63,0)),"")) -> فروش قوی | G35: =IF($B35="","",IFERROR(INDEX(Signals!$V$4:$V$63,MATCH($B35,Signals!$A$4:$A$63,0)),"")) -> 4 | H35: =IF($B35="","",IFERROR(INDEX(Signals!$J$4:$J$63,MATCH($B35,Signals!$A$4:$A$63,0)),"")) -> خروج پول حقیقی
A36: 4 | B36: =IFERROR(IF(INDEX(Calculations!$AP$5:$AP$64,MATCH(4,Calculations!$AU$5:$AU$64,0))<=TH_SELL,INDEX(Calculations!$A$5:$A$64,MATCH(4,Calculations!$AU$5:$AU$64,0)),""),"") -> كگل | C36: =IF($B36="","",IFERROR(INDEX(Signals!$B$4:$B$63,MATCH($B36,Signals!$A$4:$A$63,0)),"")) -> معدني و صنعتي گل گهر | D36: =IF($B36="","",IFERROR(INDEX(Signals!$E$4:$E$63,MATCH($B36,Signals!$A$4:$A$63,0)),"")) -> 11194 | E36: =IF($B36="","",IFERROR(INDEX(Signals!$T$4:$T$63,MATCH($B36,Signals!$A$4:$A$63,0)),"")) -> -4 | F36: =IF($B36="","",IFERROR(INDEX(Signals!$U$4:$U$63,MATCH($B36,Signals!$A$4:$A$63,0)),"")) -> فروش | G36: =IF($B36="","",IFERROR(INDEX(Signals!$V$4:$V$63,MATCH($B36,Signals!$A$4:$A$63,0)),"")) -> 3 | H36: =IF($B36="","",IFERROR(INDEX(Signals!$J$4:$J$63,MATCH($B36,Signals!$A$4:$A$63,0)),"")) -> ورود پول حقیقی
A37: 5 | B37: =IFERROR(IF(INDEX(Calculations!$AP$5:$AP$64,MATCH(5,Calculations!$AU$5:$AU$64,0))<=TH_SELL,INDEX(Calculations!$A$5:$A$64,MATCH(5,Calculations!$AU$5:$AU$64,0)),""),"") | C37: =IF($B37="","",IFERROR(INDEX(Signals!$B$4:$B$63,MATCH($B37,Signals!$A$4:$A$63,0)),"")) | D37: =IF($B37="","",IFERROR(INDEX(Signals!$E$4:$E$63,MATCH($B37,Signals!$A$4:$A$63,0)),"")) | E37: =IF($B37="","",IFERROR(INDEX(Signals!$T$4:$T$63,MATCH($B37,Signals!$A$4:$A$63,0)),"")) | F37: =IF($B37="","",IFERROR(INDEX(Signals!$U$4:$U$63,MATCH($B37,Signals!$A$4:$A$63,0)),"")) | G37: =IF($B37="","",IFERROR(INDEX(Signals!$V$4:$V$63,MATCH($B37,Signals!$A$4:$A$63,0)),"")) | H37: =IF($B37="","",IFERROR(INDEX(Signals!$J$4:$J$63,MATCH($B37,Signals!$A$4:$A$63,0)),""))
A38: 6 | B38: =IFERROR(IF(INDEX(Calculations!$AP$5:$AP$64,MATCH(6,Calculations!$AU$5:$AU$64,0))<=TH_SELL,INDEX(Calculations!$A$5:$A$64,MATCH(6,Calculations!$AU$5:$AU$64,0)),""),"") | C38: =IF($B38="","",IFERROR(INDEX(Signals!$B$4:$B$63,MATCH($B38,Signals!$A$4:$A$63,0)),"")) | D38: =IF($B38="","",IFERROR(INDEX(Signals!$E$4:$E$63,MATCH($B38,Signals!$A$4:$A$63,0)),"")) | E38: =IF($B38="","",IFERROR(INDEX(Signals!$T$4:$T$63,MATCH($B38,Signals!$A$4:$A$63,0)),"")) | F38: =IF($B38="","",IFERROR(INDEX(Signals!$U$4:$U$63,MATCH($B38,Signals!$A$4:$A$63,0)),"")) | G38: =IF($B38="","",IFERROR(INDEX(Signals!$V$4:$V$63,MATCH($B38,Signals!$A$4:$A$63,0)),"")) | H38: =IF($B38="","",IFERROR(INDEX(Signals!$J$4:$J$63,MATCH($B38,Signals!$A$4:$A$63,0)),""))
A39: 7 | B39: =IFERROR(IF(INDEX(Calculations!$AP$5:$AP$64,MATCH(7,Calculations!$AU$5:$AU$64,0))<=TH_SELL,INDEX(Calculations!$A$5:$A$64,MATCH(7,Calculations!$AU$5:$AU$64,0)),""),"") | C39: =IF($B39="","",IFERROR(INDEX(Signals!$B$4:$B$63,MATCH($B39,Signals!$A$4:$A$63,0)),"")) | D39: =IF($B39="","",IFERROR(INDEX(Signals!$E$4:$E$63,MATCH($B39,Signals!$A$4:$A$63,0)),"")) | E39: =IF($B39="","",IFERROR(INDEX(Signals!$T$4:$T$63,MATCH($B39,Signals!$A$4:$A$63,0)),"")) | F39: =IF($B39="","",IFERROR(INDEX(Signals!$U$4:$U$63,MATCH($B39,Signals!$A$4:$A$63,0)),"")) | G39: =IF($B39="","",IFERROR(INDEX(Signals!$V$4:$V$63,MATCH($B39,Signals!$A$4:$A$63,0)),"")) | H39: =IF($B39="","",IFERROR(INDEX(Signals!$J$4:$J$63,MATCH($B39,Signals!$A$4:$A$63,0)),""))
A40: 8 | B40: =IFERROR(IF(INDEX(Calculations!$AP$5:$AP$64,MATCH(8,Calculations!$AU$5:$AU$64,0))<=TH_SELL,INDEX(Calculations!$A$5:$A$64,MATCH(8,Calculations!$AU$5:$AU$64,0)),""),"") | C40: =IF($B40="","",IFERROR(INDEX(Signals!$B$4:$B$63,MATCH($B40,Signals!$A$4:$A$63,0)),"")) | D40: =IF($B40="","",IFERROR(INDEX(Signals!$E$4:$E$63,MATCH($B40,Signals!$A$4:$A$63,0)),"")) | E40: =IF($B40="","",IFERROR(INDEX(Signals!$T$4:$T$63,MATCH($B40,Signals!$A$4:$A$63,0)),"")) | F40: =IF($B40="","",IFERROR(INDEX(Signals!$U$4:$U$63,MATCH($B40,Signals!$A$4:$A$63,0)),"")) | G40: =IF($B40="","",IFERROR(INDEX(Signals!$V$4:$V$63,MATCH($B40,Signals!$A$4:$A$63,0)),"")) | H40: =IF($B40="","",IFERROR(INDEX(Signals!$J$4:$J$63,MATCH($B40,Signals!$A$4:$A$63,0)),""))
A41: 9 | B41: =IFERROR(IF(INDEX(Calculations!$AP$5:$AP$64,MATCH(9,Calculations!$AU$5:$AU$64,0))<=TH_SELL,INDEX(Calculations!$A$5:$A$64,MATCH(9,Calculations!$AU$5:$AU$64,0)),""),"") | C41: =IF($B41="","",IFERROR(INDEX(Signals!$B$4:$B$63,MATCH($B41,Signals!$A$4:$A$63,0)),"")) | D41: =IF($B41="","",IFERROR(INDEX(Signals!$E$4:$E$63,MATCH($B41,Signals!$A$4:$A$63,0)),"")) | E41: =IF($B41="","",IFERROR(INDEX(Signals!$T$4:$T$63,MATCH($B41,Signals!$A$4:$A$63,0)),"")) | F41: =IF($B41="","",IFERROR(INDEX(Signals!$U$4:$U$63,MATCH($B41,Signals!$A$4:$A$63,0)),"")) | G41: =IF($B41="","",IFERROR(INDEX(Signals!$V$4:$V$63,MATCH($B41,Signals!$A$4:$A$63,0)),"")) | H41: =IF($B41="","",IFERROR(INDEX(Signals!$J$4:$J$63,MATCH($B41,Signals!$A$4:$A$63,0)),""))
A42: 10 | B42: =IFERROR(IF(INDEX(Calculations!$AP$5:$AP$64,MATCH(10,Calculations!$AU$5:$AU$64,0))<=TH_SELL,INDEX(Calculations!$A$5:$A$64,MATCH(10,Calculations!$AU$5:$AU$64,0)),""),"") | C42: =IF($B42="","",IFERROR(INDEX(Signals!$B$4:$B$63,MATCH($B42,Signals!$A$4:$A$63,0)),"")) | D42: =IF($B42="","",IFERROR(INDEX(Signals!$E$4:$E$63,MATCH($B42,Signals!$A$4:$A$63,0)),"")) | E42: =IF($B42="","",IFERROR(INDEX(Signals!$T$4:$T$63,MATCH($B42,Signals!$A$4:$A$63,0)),"")) | F42: =IF($B42="","",IFERROR(INDEX(Signals!$U$4:$U$63,MATCH($B42,Signals!$A$4:$A$63,0)),"")) | G42: =IF($B42="","",IFERROR(INDEX(Signals!$V$4:$V$63,MATCH($B42,Signals!$A$4:$A$63,0)),"")) | H42: =IF($B42="","",IFERROR(INDEX(Signals!$J$4:$J$63,MATCH($B42,Signals!$A$4:$A$63,0)),""))
A44: خواندن این داشبورد از راست به چپ و از بالا به پایین: اول «امتیاز رژیم بازار» را ببینید.
A45: اگر رژیم بازار نزولی قوی است، سیگنال‌های خرید تک‌سهم را با احتیاط بیشتری بخوانید — سیستم این را با وزن W_MARKET لحاظ کرده ولی جایگزین قضاوت شما نیست.
A46: ردیف‌هایی که در ستون «اعتبار» شیت Signals «کم‌اعتبار» خورده‌اند، ارزش معاملات‌شان از حد MIN_LIQ_B کمتر است و سیگنالشان قابل اجرا نیست.

Sheet Signals
A1: جدول سیگنال نهایی (Signals)
A2: قابل فیلتر و مرتب‌سازی. امتیاز کل بین −۱۰ تا +۱۰ است و آستانه‌های برچسب در Settings تعریف شده‌اند.
A3: نماد | B3: نام شرکت | C3: صنعت | D3: بازار | E3: آخرین قیمت | F3: درصد تغییر | G3: روند کل بازار | H3: روند سهم | I3: ساختار روند | J3: جریان پول هوشمند | K3: قدرت خریدار | L3: وضعیت میانگین‌ها | M3: نسبت حجم | N3: امتیاز روند | O3: امتیاز پول هوشمند | P3: امتیاز میانگین‌ها | Q3: امتیاز حجم | R3: امتیاز بازار | S3: امتیاز زمان | T3: امتیاز کل | U3: سیگنال نهایی | V3: قدرت سیگنال | W3: دلیل سیگنال | X3: حد ضرر پیشنهادی | Y3: ریسک تا حد ضرر | Z3: اعتبار
A4: =IF(Calculations!$A$5="","",Calculations!$A$5) -> فولاد | B4: =IF($A4="","",IFERROR(INDEX(Watchlist!$B$1:$B$5000,MATCH($A4,Watchlist!$A$1:$A$5000,0)),"")) -> فولاد مباركه اصفهان | C4: =IF($A4="","",IFERROR(INDEX(Watchlist!$F$1:$F$5000,MATCH($A4,Watchlist!$A$1:$A$5000,0)),"")) -> فلزات اساسي | D4: =IF($A4="","",IFERROR(INDEX(Watchlist!$E$1:$E$5000,MATCH($A4,Watchlist!$A$1:$A$5000,0)),"")) -> بورس | E4: =IF($A4="","",IFERROR(Calculations!$D$5,"")) -> 8466 | F4: =IF($A4="","",IFERROR(Calculations!$F$5,"")) -> -0.012787118 | G4: =IF($A4="","",MARKET_LABEL) -> نزولی قوی | H4: =IF($A4="","",IF($N4>=6,"صعودی قوی",IF($N4>=2,"صعودی",IF($N4<=-6,"نزولی قوی",IF($N4<=-2,"نزولی","خنثی"))))) -> صعودی قوی | I4: =IF($A4="","",IFERROR(Calculations!$U$5,"")) -> درون محدوده | J4: =IF($A4="","",IF($O4>=6,"ورود قوی پول حقیقی",IF($O4>=2,"ورود پول حقیقی",IF($O4<=-6,"خروج قوی پول حقیقی",IF($O4<=-2,"خروج پول حقیقی","متعادل"))))) -> خروج پول حقیقی | K4: =IF($A4="","",IFERROR(Calculations!$AG$5,"")) -> 0.41356994 | L4: =IF($A4="","",IFERROR(Calculations!$O$5,"")) -> آرایش صعودی کامل | M4: =IF($A4="","",IFERROR(Calculations!$AA$5,"")) -> 0.95599626 | N4: =IF($A4="","",IFERROR(Calculations!$AJ$5,0)) -> 8 | O4: =IF($A4="","",IFERROR(Calculations!$AK$5,0)) -> -4 | P4: =IF($A4="","",IFERROR(Calculations!$AL$5,0)) -> 5 | Q4: =IF($A4="","",IFERROR(Calculations!$AM$5,0)) -> -2 | R4: =IF($A4="","",IFERROR(Calculations!$AN$5,0)) -> -7 | S4: =IF($A4="","",IFERROR(Calculations!$AO$5,0)) -> 0 | T4: =IF($A4="","",IFERROR(Calculations!$AP$5,0)) -> 1.45 | U4: =IF($A4="","",IF($T4>=TH_SBUY,"خرید قوی",IF($T4>=TH_BUY,"خرید",IF($T4<=TH_SSELL,"فروش قوی",IF($T4<=TH_SELL,"فروش","نگهداری"))))) -> نگهداری | V4: =IF($A4="","",IFERROR(Calculations!$AQ$5,1)) -> 1 | W4: =IF($A4="","","روند: "&$H4&" | ساختار: "&$I4&" | پول هوشمند: "&$J4&" | قدرت خریدار: "&IFERROR(TEXT($K4,"0.00"),"—")&"x"&" | میانگین‌ها: "&IFERROR(TEXT(Calculations!$N$5,"0"),"—")&"/4 ("&$L4&")"&" | حجم: "&IFERROR(TEXT($M4,"0.00"),"—")&"x"&" | بازار: "&$G4) -> روند: صعودی قوی | ساختار: درون محدوده | پول هوشمند: خروج پول حقیقی | قدرت خریدار: 0.41x | میانگین‌ها: 3/4 (آرایش صعودی کامل) | حجم: 0.96x | بازار: نزولی قوی | X4: =IF($A4="","",IFERROR(Calculations!$X$5,"")) -> 7979.2857 | Y4: =IF($A4="","",IFERROR(($E4-$X4)/$E4,"")) -> 0.057490466 | Z4: =IF($A4="","",IFERROR(Calculations!$AR$5,"")) -> معتبر
A5: =IF(Calculations!$A$6="","",Calculations!$A$6) -> فملي | B5: =IF($A5="","",IFERROR(INDEX(Watchlist!$B$1:$B$5000,MATCH($A5,Watchlist!$A$1:$A$5000,0)),"")) -> ملي صنايع مس ايران | C5: =IF($A5="","",IFERROR(INDEX(Watchlist!$F$1:$F$5000,MATCH($A5,Watchlist!$A$1:$A$5000,0)),"")) -> فلزات اساسي | D5: =IF($A5="","",IFERROR(INDEX(Watchlist!$E$1:$E$5000,MATCH($A5,Watchlist!$A$1:$A$5000,0)),"")) -> بورس | E5: =IF($A5="","",IFERROR(Calculations!$D$6,"")) -> 6713 | F5: =IF($A5="","",IFERROR(Calculations!$F$6,"")) -> -0.0065369187 | G5: =IF($A5="","",MARKET_LABEL) -> نزولی قوی | H5: =IF($A5="","",IF($N5>=6,"صعودی قوی",IF($N5>=2,"صعودی",IF($N5<=-6,"نزولی قوی",IF($N5<=-2,"نزولی","خنثی"))))) -> نزولی قوی | I5: =IF($A5="","",IFERROR(Calculations!$U$6,"")) -> درون محدوده | J5: =IF($A5="","",IF($O5>=6,"ورود قوی پول حقیقی",IF($O5>=2,"ورود پول حقیقی",IF($O5<=-6,"خروج قوی پول حقیقی",IF($O5<=-2,"خروج پول حقیقی","متعادل"))))) -> خروج پول حقیقی | K5: =IF($A5="","",IFERROR(Calculations!$AG$6,"")) -> 0.6050356 | L5: =IF($A5="","",IFERROR(Calculations!$O$6,"")) -> آرایش نزولی کامل | M5: =IF($A5="","",IFERROR(Calculations!$AA$6,"")) -> 0.98405018 | N5: =IF($A5="","",IFERROR(Calculations!$AJ$6,0)) -> -8 | O5: =IF($A5="","",IFERROR(Calculations!$AK$6,0)) -> -2.5 | P5: =IF($A5="","",IFERROR(Calculations!$AL$6,0)) -> -5 | Q5: =IF($A5="","",IFERROR(Calculations!$AM$6,0)) -> -2 | R5: =IF($A5="","",IFERROR(Calculations!$AN$6,0)) -> -7 | S5: =IF($A5="","",IFERROR(Calculations!$AO$6,0)) -> 0 | T5: =IF($A5="","",IFERROR(Calculations!$AP$6,0)) -> -5.2 | U5: =IF($A5="","",IF($T5>=TH_SBUY,"خرید قوی",IF($T5>=TH_BUY,"خرید",IF($T5<=TH_SSELL,"فروش قوی",IF($T5<=TH_SELL,"فروش","نگهداری"))))) -> فروش قوی | V5: =IF($A5="","",IFERROR(Calculations!$AQ$6,1)) -> 4 | W5: =IF($A5="","","روند: "&$H5&" | ساختار: "&$I5&" | پول هوشمند: "&$J5&" | قدرت خریدار: "&IFERROR(TEXT($K5,"0.00"),"—")&"x"&" | میانگین‌ها: "&IFERROR(TEXT(Calculations!$N$6,"0"),"—")&"/4 ("&$L5&")"&" | حجم: "&IFERROR(TEXT($M5,"0.00"),"—")&"x"&" | بازار: "&$G5) -> روند: نزولی قوی | ساختار: درون محدوده | پول هوشمند: خروج پول حقیقی | قدرت خریدار: 0.61x | میانگین‌ها: 1/4 (آرایش نزولی کامل) | حجم: 0.98x | بازار: نزولی قوی | X5: =IF($A5="","",IFERROR(Calculations!$X$6,"")) -> 6119.4286 | Y5: =IF($A5="","",IFERROR(($E5-$X5)/$E5,"")) -> 0.088421187 | Z5: =IF($A5="","",IFERROR(Calculations!$AR$6,"")) -> معتبر
A6: =IF(Calculations!$A$7="","",Calculations!$A$7) -> شپنا | B6: =IF($A6="","",IFERROR(INDEX(Watchlist!$B$1:$B$5000,MATCH($A6,Watchlist!$A$1:$A$5000,0)),"")) -> پالايش نفت اصفهان | C6: =IF($A6="","",IFERROR(INDEX(Watchlist!$F$1:$F$5000,MATCH($A6,Watchlist!$A$1:$A$5000,0)),"")) -> فرآورده‌هاي نفتي | D6: =IF($A6="","",IFERROR(INDEX(Watchlist!$E$1:$E$5000,MATCH($A6,Watchlist!$A$1:$A$5000,0)),"")) -> بورس | E6: =IF($A6="","",IFERROR(Calculations!$D$7,"")) -> 3784 | F6: =IF($A6="","",IFERROR(Calculations!$F$7,"")) -> -0.011667993 | G6: =IF($A6="","",MARKET_LABEL) -> نزولی قوی | H6: =IF($A6="","",IF($N6>=6,"صعودی قوی",IF($N6>=2,"صعودی",IF($N6<=-6,"نزولی قوی",IF($N6<=-2,"نزولی","خنثی"))))) -> نزولی قوی | I6: =IF($A6="","",IFERROR(Calculations!$U$7,"")) -> درون محدوده | J6: =IF($A6="","",IF($O6>=6,"ورود قوی پول حقیقی",IF($O6>=2,"ورود پول حقیقی",IF($O6<=-6,"خروج قوی پول حقیقی",IF($O6<=-2,"خروج پول حقیقی","متعادل"))))) -> خروج پول حقیقی | K6: =IF($A6="","",IFERROR(Calculations!$AG$7,"")) -> 0.70028009 | L6: =IF($A6="","",IFERROR(Calculations!$O$7,"")) -> تقاطع مرگ | M6: =IF($A6="","",IFERROR(Calculations!$AA$7,"")) -> 0.82825728 | N6: =IF($A6="","",IFERROR(Calculations!$AJ$7,0)) -> -6.5 | O6: =IF($A6="","",IFERROR(Calculations!$AK$7,0)) -> -5 | P6: =IF($A6="","",IFERROR(Calculations!$AL$7,0)) -> -10 | Q6: =IF($A6="","",IFERROR(Calculations!$AM$7,0)) -> -2 | R6: =IF($A6="","",IFERROR(Calculations!$AN$7,0)) -> -7 | S6: =IF($A6="","",IFERROR(Calculations!$AO$7,0)) -> 0 | T6: =IF($A6="","",IFERROR(Calculations!$AP$7,0)) -> -6.175 | U6: =IF($A6="","",IF($T6>=TH_SBUY,"خرید قوی",IF($T6>=TH_BUY,"خرید",IF($T6<=TH_SSELL,"فروش قوی",IF($T6<=TH_SELL,"فروش","نگهداری"))))) -> فروش قوی | V6: =IF($A6="","",IFERROR(Calculations!$AQ$7,1)) -> 4 | W6: =IF($A6="","","روند: "&$H6&" | ساختار: "&$I6&" | پول هوشمند: "&$J6&" | قدرت خریدار: "&IFERROR(TEXT($K6,"0.00"),"—")&"x"&" | میانگین‌ها: "&IFERROR(TEXT(Calculations!$N$7,"0"),"—")&"/4 ("&$L6&")"&" | حجم: "&IFERROR(TEXT($M6,"0.00"),"—")&"x"&" | بازار: "&$G6) -> روند: نزولی قوی | ساختار: درون محدوده | پول هوشمند: خروج پول حقیقی | قدرت خریدار: 0.70x | میانگین‌ها: 0/4 (تقاطع مرگ) | حجم: 0.83x | بازار: نزولی قوی | X6: =IF($A6="","",IFERROR(Calculations!$X$7,"")) -> 3537.1429 | Y6: =IF($A6="","",IFERROR(($E6-$X6)/$E6,"")) -> 0.065237088 | Z6: =IF($A6="","",IFERROR(Calculations!$AR$7,"")) -> معتبر
A7: =IF(Calculations!$A$8="","",Calculations!$A$8) -> خودرو | B7: =IF($A7="","",IFERROR(INDEX(Watchlist!$B$1:$B$5000,MATCH($A7,Watchlist!$A$1:$A$5000,0)),"")) -> ايران خودرو | C7: =IF($A7="","",IFERROR(INDEX(Watchlist!$F$1:$F$5000,MATCH($A7,Watchlist!$A$1:$A$5000,0)),"")) -> خودرو و ساخت قطعات | D7: =IF($A7="","",IFERROR(INDEX(Watchlist!$E$1:$E$5000,MATCH($A7,Watchlist!$A$1:$A$5000,0)),"")) -> بورس | E7: =IF($A7="","",IFERROR(Calculations!$D$8,"")) -> 3785 | F7: =IF($A7="","",IFERROR(Calculations!$F$8,"")) -> -0.035021416 | G7: =IF($A7="","",MARKET_LABEL) -> نزولی قوی | H7: =IF($A7="","",IF($N7>=6,"صعودی قوی",IF($N7>=2,"صعودی",IF($N7<=-6,"نزولی قوی",IF($N7<=-2,"نزولی","خنثی"))))) -> صعودی قوی | I7: =IF($A7="","",IFERROR(Calculations!$U$8,"")) -> درون محدوده | J7: =IF($A7="","",IF($O7>=6,"ورود قوی پول حقیقی",IF($O7>=2,"ورود پول حقیقی",IF($O7<=-6,"خروج قوی پول حقیقی",IF($O7<=-2,"خروج پول حقیقی","متعادل"))))) -> خروج قوی پول حقیقی | K7: =IF($A7="","",IFERROR(Calculations!$AG$8,"")) -> 0.68813814 | L7: =IF($A7="","",IFERROR(Calculations!$O$8,"")) -> آرایش صعودی کامل | M7: =IF($A7="","",IFERROR(Calculations!$AA$8,"")) -> 0.98071145 | N7: =IF($A7="","",IFERROR(Calculations!$AJ$8,0)) -> 8 | O7: =IF($A7="","",IFERROR(Calculations!$AK$8,0)) -> -8 | P7: =IF($A7="","",IFERROR(Calculations!$AL$8,0)) -> 10 | Q7: =IF($A7="","",IFERROR(Calculations!$AM$8,0)) -> -2 | R7: =IF($A7="","",IFERROR(Calculations!$AN$8,0)) -> -7 | S7: =IF($A7="","",IFERROR(Calculations!$AO$8,0)) -> 0 | T7: =IF($A7="","",IFERROR(Calculations!$AP$8,0)) -> 1 | U7: =IF($A7="","",IF($T7>=TH_SBUY,"خرید قوی",IF($T7>=TH_BUY,"خرید",IF($T7<=TH_SSELL,"فروش قوی",IF($T7<=TH_SELL,"فروش","نگهداری"))))) -> نگهداری | V7: =IF($A7="","",IFERROR(Calculations!$AQ$8,1)) -> 1 | W7: =IF($A7="","","روند: "&$H7&" | ساختار: "&$I7&" | پول هوشمند: "&$J7&" | قدرت خریدار: "&IFERROR(TEXT($K7,"0.00"),"—")&"x"&" | میانگین‌ها: "&IFERROR(TEXT(Calculations!$N$8,"0"),"—")&"/4 ("&$L7&")"&" | حجم: "&IFERROR(TEXT($M7,"0.00"),"—")&"x"&" | بازار: "&$G7) -> روند: صعودی قوی | ساختار: درون محدوده | پول هوشمند: خروج قوی پول حقیقی | قدرت خریدار: 0.69x | میانگین‌ها: 4/4 (آرایش صعودی کامل) | حجم: 0.98x | بازار: نزولی قوی | X7: =IF($A7="","",IFERROR(Calculations!$X$8,"")) -> 3402.1429 | Y7: =IF($A7="","",IFERROR(($E7-$X7)/$E7,"")) -> 0.10115116 | Z7: =IF($A7="","",IFERROR(Calculations!$AR$8,"")) -> معتبر
A8: =IF(Calculations!$A$9="","",Calculations!$A$9) -> وبملت | B8: =IF($A8="","",IFERROR(INDEX(Watchlist!$B$1:$B$5000,MATCH($A8,Watchlist!$A$1:$A$5000,0)),"")) -> بانك ملت | C8: =IF($A8="","",IFERROR(INDEX(Watchlist!$F$1:$F$5000,MATCH($A8,Watchlist!$A$1:$A$5000,0)),"")) -> بانكها و موسسات اعتباري | D8: =IF($A8="","",IFERROR(INDEX(Watchlist!$E$1:$E$5000,MATCH($A8,Watchlist!$A$1:$A$5000,0)),"")) -> بورس | E8: =IF($A8="","",IFERROR(Calculations!$D$9,"")) -> 4483 | F8: =IF($A8="","",IFERROR(Calculations!$F$9,"")) -> -0.03592552 | G8: =IF($A8="","",MARKET_LABEL) -> نزولی قوی | H8: =IF($A8="","",IF($N8>=6,"صعودی قوی",IF($N8>=2,"صعودی",IF($N8<=-6,"نزولی قوی",IF($N8<=-2,"نزولی","خنثی"))))) -> نزولی قوی | I8: =IF($A8="","",IFERROR(Calculations!$U$9,"")) -> درون محدوده | J8: =IF($A8="","",IF($O8>=6,"ورود قوی پول حقیقی",IF($O8>=2,"ورود پول حقیقی",IF($O8<=-6,"خروج قوی پول حقیقی",IF($O8<=-2,"خروج پول حقیقی","متعادل"))))) -> خروج قوی پول حقیقی | K8: =IF($A8="","",IFERROR(Calculations!$AG$9,"")) -> 0.42631044 | L8: =IF($A8="","",IFERROR(Calculations!$O$9,"")) -> آرایش نزولی کامل | M8: =IF($A8="","",IFERROR(Calculations!$AA$9,"")) -> 0.86800613 | N8: =IF($A8="","",IFERROR(Calculations!$AJ$9,0)) -> -8 | O8: =IF($A8="","",IFERROR(Calculations!$AK$9,0)) -> -10 | P8: =IF($A8="","",IFERROR(Calculations!$AL$9,0)) -> -5 | Q8: =IF($A8="","",IFERROR(Calculations!$AM$9,0)) -> -2 | R8: =IF($A8="","",IFERROR(Calculations!$AN$9,0)) -> -7 | S8: =IF($A8="","",IFERROR(Calculations!$AO$9,0)) -> 0 | T8: =IF($A8="","",IFERROR(Calculations!$AP$9,0)) -> -7.45 | U8: =IF($A8="","",IF($T8>=TH_SBUY,"خرید قوی",IF($T8>=TH_BUY,"خرید",IF($T8<=TH_SSELL,"فروش قوی",IF($T8<=TH_SELL,"فروش","نگهداری"))))) -> فروش قوی | V8: =IF($A8="","",IFERROR(Calculations!$AQ$9,1)) -> 4 | W8: =IF($A8="","","روند: "&$H8&" | ساختار: "&$I8&" | پول هوشمند: "&$J8&" | قدرت خریدار: "&IFERROR(TEXT($K8,"0.00"),"—")&"x"&" | میانگین‌ها: "&IFERROR(TEXT(Calculations!$N$9,"0"),"—")&"/4 ("&$L8&")"&" | حجم: "&IFERROR(TEXT($M8,"0.00"),"—")&"x"&" | بازار: "&$G8) -> روند: نزولی قوی | ساختار: درون محدوده | پول هوشمند: خروج قوی پول حقیقی | قدرت خریدار: 0.43x | میانگین‌ها: 1/4 (آرایش نزولی کامل) | حجم: 0.87x | بازار: نزولی قوی | X8: =IF($A8="","",IFERROR(Calculations!$X$9,"")) -> 4208.2857 | Y8: =IF($A8="","",IFERROR(($E8-$X8)/$E8,"")) -> 0.061279118 | Z8: =IF($A8="","",IFERROR(Calculations!$AR$9,"")) -> معتبر
A9: =IF(Calculations!$A$10="","",Calculations!$A$10) -> شستا | B9: =IF($A9="","",IFERROR(INDEX(Watchlist!$B$1:$B$5000,MATCH($A9,Watchlist!$A$1:$A$5000,0)),"")) -> سرمايه گذاري تامين اجتماعي | C9: =IF($A9="","",IFERROR(INDEX(Watchlist!$F$1:$F$5000,MATCH($A9,Watchlist!$A$1:$A$5000,0)),"")) -> چند رشته‌اي صنعتي | D9: =IF($A9="","",IFERROR(INDEX(Watchlist!$E$1:$E$5000,MATCH($A9,Watchlist!$A$1:$A$5000,0)),"")) -> بورس | E9: =IF($A9="","",IFERROR(Calculations!$D$10,"")) -> 2007 | F9: =IF($A9="","",IFERROR(Calculations!$F$10,"")) -> 0.0060392552 | G9: =IF($A9="","",MARKET_LABEL) -> نزولی قوی | H9: =IF($A9="","",IF($N9>=6,"صعودی قوی",IF($N9>=2,"صعودی",IF($N9<=-6,"نزولی قوی",IF($N9<=-2,"نزولی","خنثی"))))) -> صعودی قوی | I9: =IF($A9="","",IFERROR(Calculations!$U$10,"")) -> درون محدوده | J9: =IF($A9="","",IF($O9>=6,"ورود قوی پول حقیقی",IF($O9>=2,"ورود پول حقیقی",IF($O9<=-6,"خروج قوی پول حقیقی",IF($O9<=-2,"خروج پول حقیقی","متعادل"))))) -> ورود قوی پول حقیقی | K9: =IF($A9="","",IFERROR(Calculations!$AG$10,"")) -> 1.5489763 | L9: =IF($A9="","",IFERROR(Calculations!$O$10,"")) -> آرایش صعودی کامل | M9: =IF($A9="","",IFERROR(Calculations!$AA$10,"")) -> 0.73931876 | N9: =IF($A9="","",IFERROR(Calculations!$AJ$10,0)) -> 8 | O9: =IF($A9="","",IFERROR(Calculations!$AK$10,0)) -> 8.5 | P9: =IF($A9="","",IFERROR(Calculations!$AL$10,0)) -> 10 | Q9: =IF($A9="","",IFERROR(Calculations!$AM$10,0)) -> 2 | R9: =IF($A9="","",IFERROR(Calculations!$AN$10,0)) -> -7 | S9: =IF($A9="","",IFERROR(Calculations!$AO$10,0)) -> 0 | T9: =IF($A9="","",IFERROR(Calculations!$AP$10,0)) -> 6.35 | U9: =IF($A9="","",IF($T9>=TH_SBUY,"خرید قوی",IF($T9>=TH_BUY,"خرید",IF($T9<=TH_SSELL,"فروش قوی",IF($T9<=TH_SELL,"فروش","نگهداری"))))) -> خرید قوی | V9: =IF($A9="","",IFERROR(Calculations!$AQ$10,1)) -> 4 | W9: =IF($A9="","","روند: "&$H9&" | ساختار: "&$I9&" | پول هوشمند: "&$J9&" | قدرت خریدار: "&IFERROR(TEXT($K9,"0.00"),"—")&"x"&" | میانگین‌ها: "&IFERROR(TEXT(Calculations!$N$10,"0"),"—")&"/4 ("&$L9&")"&" | حجم: "&IFERROR(TEXT($M9,"0.00"),"—")&"x"&" | بازار: "&$G9) -> روند: صعودی قوی | ساختار: درون محدوده | پول هوشمند: ورود قوی پول حقیقی | قدرت خریدار: 1.55x | میانگین‌ها: 4/4 (آرایش صعودی کامل) | حجم: 0.74x | بازار: نزولی قوی | X9: =IF($A9="","",IFERROR(Calculations!$X$10,"")) -> 1850.1429 | Y9: =IF($A9="","",IFERROR(($E9-$X9)/$E9,"")) -> 0.078155029 | Z9: =IF($A9="","",IFERROR(Calculations!$AR$10,"")) -> معتبر
A10: =IF(Calculations!$A$11="","",Calculations!$A$11) -> اخابر | B10: =IF($A10="","",IFERROR(INDEX(Watchlist!$B$1:$B$5000,MATCH($A10,Watchlist!$A$1:$A$5000,0)),"")) -> مخابرات ايران | C10: =IF($A10="","",IFERROR(INDEX(Watchlist!$F$1:$F$5000,MATCH($A10,Watchlist!$A$1:$A$5000,0)),"")) -> مخابرات | D10: =IF($A10="","",IFERROR(INDEX(Watchlist!$E$1:$E$5000,MATCH($A10,Watchlist!$A$1:$A$5000,0)),"")) -> بورس | E10: =IF($A10="","",IFERROR(Calculations!$D$11,"")) -> 1194 | F10: =IF($A10="","",IFERROR(Calculations!$F$11,"")) -> 0.013179572 | G10: =IF($A10="","",MARKET_LABEL) -> نزولی قوی | H10: =IF($A10="","",IF($N10>=6,"صعودی قوی",IF($N10>=2,"صعودی",IF($N10<=-6,"نزولی قوی",IF($N10<=-2,"نزولی","خنثی"))))) -> صعودی | I10: =IF($A10="","",IFERROR(Calculations!$U$11,"")) -> درون محدوده | J10: =IF($A10="","",IF($O10>=6,"ورود قوی پول حقیقی",IF($O10>=2,"ورود پول حقیقی",IF($O10<=-6,"خروج قوی پول حقیقی",IF($O10<=-2,"خروج پول حقیقی","متعادل"))))) -> ورود قوی پول حقیقی | K10: =IF($A10="","",IFERROR(Calculations!$AG$11,"")) -> 1.7285201 | L10: =IF($A10="","",IFERROR(Calculations!$O$11,"")) -> تقاطع مرگ | M10: =IF($A10="","",IFERROR(Calculations!$AA$11,"")) -> 0.87115483 | N10: =IF($A10="","",IFERROR(Calculations!$AJ$11,0)) -> 2 | O10: =IF($A10="","",IFERROR(Calculations!$AK$11,0)) -> 10 | P10: =IF($A10="","",IFERROR(Calculations!$AL$11,0)) -> 5 | Q10: =IF($A10="","",IFERROR(Calculations!$AM$11,0)) -> 2 | R10: =IF($A10="","",IFERROR(Calculations!$AN$11,0)) -> -7 | S10: =IF($A10="","",IFERROR(Calculations!$AO$11,0)) -> 0 | T10: =IF($A10="","",IFERROR(Calculations!$AP$11,0)) -> 3.95 | U10: =IF($A10="","",IF($T10>=TH_SBUY,"خرید قوی",IF($T10>=TH_BUY,"خرید",IF($T10<=TH_SSELL,"فروش قوی",IF($T10<=TH_SELL,"فروش","نگهداری"))))) -> خرید | V10: =IF($A10="","",IFERROR(Calculations!$AQ$11,1)) -> 3 | W10: =IF($A10="","","روند: "&$H10&" | ساختار: "&$I10&" | پول هوشمند: "&$J10&" | قدرت خریدار: "&IFERROR(TEXT($K10,"0.00"),"—")&"x"&" | میانگین‌ها: "&IFERROR(TEXT(Calculations!$N$11,"0"),"—")&"/4 ("&$L10&")"&" | حجم: "&IFERROR(TEXT($M10,"0.00"),"—")&"x"&" | بازار: "&$G10) -> روند: صعودی | ساختار: درون محدوده | پول هوشمند: ورود قوی پول حقیقی | قدرت خریدار: 1.73x | میانگین‌ها: 3/4 (تقاطع مرگ) | حجم: 0.87x | بازار: نزولی قوی | X10: =IF($A10="","",IFERROR(Calculations!$X$11,"")) -> 1117.8571 | Y10: =IF($A10="","",IFERROR(($E10-$X10)/$E10,"")) -> 0.063771237 | Z10: =IF($A10="","",IFERROR(Calculations!$AR$11,"")) -> معتبر
A11: =IF(Calculations!$A$12="","",Calculations!$A$12) -> كگل | B11: =IF($A11="","",IFERROR(INDEX(Watchlist!$B$1:$B$5000,MATCH($A11,Watchlist!$A$1:$A$5000,0)),"")) -> معدني و صنعتي گل گهر | C11: =IF($A11="","",IFERROR(INDEX(Watchlist!$F$1:$F$5000,MATCH($A11,Watchlist!$A$1:$A$5000,0)),"")) -> استخراج كانه‌هاي فلزي | D11: =IF($A11="","",IFERROR(INDEX(Watchlist!$E$1:$E$5000,MATCH($A11,Watchlist!$A$1:$A$5000,0)),"")) -> بورس | E11: =IF($A11="","",IFERROR(Calculations!$D$12,"")) -> 11194 | F11: =IF($A11="","",IFERROR(Calculations!$F$12,"")) -> -0.018377131 | G11: =IF($A11="","",MARKET_LABEL) -> نزولی قوی | H11: =IF($A11="","",IF($N11>=6,"صعودی قوی",IF($N11>=2,"صعودی",IF($N11<=-6,"نزولی قوی",IF($N11<=-2,"نزولی","خنثی"))))) -> نزولی قوی | I11: =IF($A11="","",IFERROR(Calculations!$U$12,"")) -> درون محدوده | J11: =IF($A11="","",IF($O11>=6,"ورود قوی پول حقیقی",IF($O11>=2,"ورود پول حقیقی",IF($O11<=-6,"خروج قوی پول حقیقی",IF($O11<=-2,"خروج پول حقیقی","متعادل"))))) -> ورود پول حقیقی | K11: =IF($A11="","",IFERROR(Calculations!$AG$12,"")) -> 0.65343634 | L11: =IF($A11="","",IFERROR(Calculations!$O$12,"")) -> تقاطع مرگ | M11: =IF($A11="","",IFERROR(Calculations!$AA$12,"")) -> 0.99200282 | N11: =IF($A11="","",IFERROR(Calculations!$AJ$12,0)) -> -8 | O11: =IF($A11="","",IFERROR(Calculations!$AK$12,0)) -> 4 | P11: =IF($A11="","",IFERROR(Calculations!$AL$12,0)) -> -10 | Q11: =IF($A11="","",IFERROR(Calculations!$AM$12,0)) -> -2 | R11: =IF($A11="","",IFERROR(Calculations!$AN$12,0)) -> -7 | S11: =IF($A11="","",IFERROR(Calculations!$AO$12,0)) -> 0 | T11: =IF($A11="","",IFERROR(Calculations!$AP$12,0)) -> -4 | U11: =IF($A11="","",IF($T11>=TH_SBUY,"خرید قوی",IF($T11>=TH_BUY,"خرید",IF($T11<=TH_SSELL,"فروش قوی",IF($T11<=TH_SELL,"فروش","نگهداری"))))) -> فروش | V11: =IF($A11="","",IFERROR(Calculations!$AQ$12,1)) -> 3 | W11: =IF($A11="","","روند: "&$H11&" | ساختار: "&$I11&" | پول هوشمند: "&$J11&" | قدرت خریدار: "&IFERROR(TEXT($K11,"0.00"),"—")&"x"&" | میانگین‌ها: "&IFERROR(TEXT(Calculations!$N$12,"0"),"—")&"/4 ("&$L11&")"&" | حجم: "&IFERROR(TEXT($M11,"0.00"),"—")&"x"&" | بازار: "&$G11) -> روند: نزولی قوی | ساختار: درون محدوده | پول هوشمند: ورود پول حقیقی | قدرت خریدار: 0.65x | میانگین‌ها: 0/4 (تقاطع مرگ) | حجم: 0.99x | بازار: نزولی قوی | X11: =IF($A11="","",IFERROR(Calculations!$X$12,"")) -> 10534.286 | Y11: =IF($A11="","",IFERROR(($E11-$X11)/$E11,"")) -> 0.058934633 | Z11: =IF($A11="","",IFERROR(Calculations!$AR$12,"")) -> معتبر
A12: =IF(Calculations!$A$13="","",Calculations!$A$13) | B12: =IF($A12="","",IFERROR(INDEX(Watchlist!$B$1:$B$5000,MATCH($A12,Watchlist!$A$1:$A$5000,0)),"")) | C12: =IF($A12="","",IFERROR(INDEX(Watchlist!$F$1:$F$5000,MATCH($A12,Watchlist!$A$1:$A$5000,0)),"")) | D12: =IF($A12="","",IFERROR(INDEX(Watchlist!$E$1:$E$5000,MATCH($A12,Watchlist!$A$1:$A$5000,0)),"")) | E12: =IF($A12="","",IFERROR(Calculations!$D$13,"")) | F12: =IF($A12="","",IFERROR(Calculations!$F$13,"")) | G12: =IF($A12="","",MARKET_LABEL) | H12: =IF($A12="","",IF($N12>=6,"صعودی قوی",IF($N12>=2,"صعودی",IF($N12<=-6,"نزولی قوی",IF($N12<=-2,"نزولی","خنثی"))))) | I12: =IF($A12="","",IFERROR(Calculations!$U$13,"")) | J12: =IF($A12="","",IF($O12>=6,"ورود قوی پول حقیقی",IF($O12>=2,"ورود پول حقیقی",IF($O12<=-6,"خروج قوی پول حقیقی",IF($O12<=-2,"خروج پول حقیقی","متعادل"))))) | K12: =IF($A12="","",IFERROR(Calculations!$AG$13,"")) | L12: =IF($A12="","",IFERROR(Calculations!$O$13,"")) | M12: =IF($A12="","",IFERROR(Calculations!$AA$13,"")) | N12: =IF($A12="","",IFERROR(Calculations!$AJ$13,0)) | O12: =IF($A12="","",IFERROR(Calculations!$AK$13,0)) | P12: =IF($A12="","",IFERROR(Calculations!$AL$13,0)) | Q12: =IF($A12="","",IFERROR(Calculations!$AM$13,0)) | R12: =IF($A12="","",IFERROR(Calculations!$AN$13,0)) | S12: =IF($A12="","",IFERROR(Calculations!$AO$13,0)) | T12: =IF($A12="","",IFERROR(Calculations!$AP$13,0)) | U12: =IF($A12="","",IF($T12>=TH_SBUY,"خرید قوی",IF($T12>=TH_BUY,"خرید",IF($T12<=TH_SSELL,"فروش قوی",IF($T12<=TH_SELL,"فروش","نگهداری"))))) | V12: =IF($A12="","",IFERROR(Calculations!$AQ$13,1)) | W12: =IF($A12="","","روند: "&$H12&" | ساختار: "&$I12&" | پول هوشمند: "&$J12&" | قدرت خریدار: "&IFERROR(TEXT($K12,"0.00"),"—")&"x"&" | میانگین‌ها: "&IFERROR(TEXT(Calculations!$N$13,"0"),"—")&"/4 ("&$L12&")"&" | حجم: "&IFERROR(TEXT($M12,"0.00"),"—")&"x"&" | بازار: "&$G12) | X12: =IF($A12="","",IFERROR(Calculations!$X$13,"")) | Y12: =IF($A12="","",IFERROR(($E12-$X12)/$E12,"")) | Z12: =IF($A12="","",IFERROR(Calculations!$AR$13,""))
A13: =IF(Calculations!$A$14="","",Calculations!$A$14) | B13: =IF($A13="","",IFERROR(INDEX(Watchlist!$B$1:$B$5000,MATCH($A13,Watchlist!$A$1:$A$5000,0)),"")) | C13: =IF($A13="","",IFERROR(INDEX(Watchlist!$F$1:$F$5000,MATCH($A13,Watchlist!$A$1:$A$5000,0)),"")) | D13: =IF($A13="","",IFERROR(INDEX(Watchlist!$E$1:$E$5000,MATCH($A13,Watchlist!$A$1:$A$5000,0)),"")) | E13: =IF($A13="","",IFERROR(Calculations!$D$14,"")) | F13: =IF($A13="","",IFERROR(Calculations!$F$14,"")) | G13: =IF($A13="","",MARKET_LABEL) | H13: =IF($A13="","",IF($N13>=6,"صعودی قوی",IF($N13>=2,"صعودی",IF($N13<=-6,"نزولی قوی",IF($N13<=-2,"نزولی","خنثی"))))) | I13: =IF($A13="","",IFERROR(Calculations!$U$14,"")) | J13: =IF($A13="","",IF($O13>=6,"ورود قوی پول حقیقی",IF($O13>=2,"ورود پول حقیقی",IF($O13<=-6,"خروج قوی پول حقیقی",IF($O13<=-2,"خروج پول حقیقی","متعادل"))))) | K13: =IF($A13="","",IFERROR(Calculations!$AG$14,"")) | L13: =IF($A13="","",IFERROR(Calculations!$O$14,"")) | M13: =IF($A13="","",IFERROR(Calculations!$AA$14,"")) | N13: =IF($A13="","",IFERROR(Calculations!$AJ$14,0)) | O13: =IF($A13="","",IFERROR(Calculations!$AK$14,0)) | P13: =IF($A13="","",IFERROR(Calculations!$AL$14,0)) | Q13: =IF($A13="","",IFERROR(Calculations!$AM$14,0)) | R13: =IF($A13="","",IFERROR(Calculations!$AN$14,0)) | S13: =IF($A13="","",IFERROR(Calculations!$AO$14,0)) | T13: =IF($A13="","",IFERROR(Calculations!$AP$14,0)) | U13: =IF($A13="","",IF($T13>=TH_SBUY,"خرید قوی",IF($T13>=TH_BUY,"خرید",IF($T13<=TH_SSELL,"فروش قوی",IF($T13<=TH_SELL,"فروش","نگهداری"))))) | V13: =IF($A13="","",IFERROR(Calculations!$AQ$14,1)) | W13: =IF($A13="","","روند: "&$H13&" | ساختار: "&$I13&" | پول هوشمند: "&$J13&" | قدرت خریدار: "&IFERROR(TEXT($K13,"0.00"),"—")&"x"&" | میانگین‌ها: "&IFERROR(TEXT(Calculations!$N$14,"0"),"—")&"/4 ("&$L13&")"&" | حجم: "&IFERROR(TEXT($M13,"0.00"),"—")&"x"&" | بازار: "&$G13) | X13: =IF($A13="","",IFERROR(Calculations!$X$14,"")) | Y13: =IF($A13="","",IFERROR(($E13-$X13)/$E13,"")) | Z13: =IF($A13="","",IFERROR(Calculations!$AR$14,""))
A14: =IF(Calculations!$A$15="","",Calculations!$A$15) | B14: =IF($A14="","",IFERROR(INDEX(Watchlist!$B$1:$B$5000,MATCH($A14,Watchlist!$A$1:$A$5000,0)),"")) | C14: =IF($A14="","",IFERROR(INDEX(Watchlist!$F$1:$F$5000,MATCH($A14,Watchlist!$A$1:$A$5000,0)),"")) | D14: =IF($A14="","",IFERROR(INDEX(Watchlist!$E$1:$E$5000,MATCH($A14,Watchlist!$A$1:$A$5000,0)),"")) | E14: =IF($A14="","",IFERROR(Calculations!$D$15,"")) | F14: =IF($A14="","",IFERROR(Calculations!$F$15,"")) | G14: =IF($A14="","",MARKET_LABEL) | H14: =IF($A14="","",IF($N14>=6,"صعودی قوی",IF($N14>=2,"صعودی",IF($N14<=-6,"نزولی قوی",IF($N14<=-2,"نزولی","خنثی"))))) | I14: =IF($A14="","",IFERROR(Calculations!$U$15,"")) | J14: =IF($A14="","",IF($O14>=6,"ورود قوی پول حقیقی",IF($O14>=2,"ورود پول حقیقی",IF($O14<=-6,"خروج قوی پول حقیقی",IF($O14<=-2,"خروج پول حقیقی","متعادل"))))) | K14: =IF($A14="","",IFERROR(Calculations!$AG$15,"")) | L14: =IF($A14="","",IFERROR(Calculations!$O$15,"")) | M14: =IF($A14="","",IFERROR(Calculations!$AA$15,"")) | N14: =IF($A14="","",IFERROR(Calculations!$AJ$15,0)) | O14: =IF($A14="","",IFERROR(Calculations!$AK$15,0)) | P14: =IF($A14="","",IFERROR(Calculations!$AL$15,0)) | Q14: =IF($A14="","",IFERROR(Calculations!$AM$15,0)) | R14: =IF($A14="","",IFERROR(Calculations!$AN$15,0)) | S14: =IF($A14="","",IFERROR(Calculations!$AO$15,0)) | T14: =IF($A14="","",IFERROR(Calculations!$AP$15,0)) | U14: =IF($A14="","",IF($T14>=TH_SBUY,"خرید قوی",IF($T14>=TH_BUY,"خرید",IF($T14<=TH_SSELL,"فروش قوی",IF($T14<=TH_SELL,"فروش","نگهداری"))))) | V14: =IF($A14="","",IFERROR(Calculations!$AQ$15,1)) | W14: =IF($A14="","","روند: "&$H14&" | ساختار: "&$I14&" | پول هوشمند: "&$J14&" | قدرت خریدار: "&IFERROR(TEXT($K14,"0.00"),"—")&"x"&" | میانگین‌ها: "&IFERROR(TEXT(Calculations!$N$15,"0"),"—")&"/4 ("&$L14&")"&" | حجم: "&IFERROR(TEXT($M14,"0.00"),"—")&"x"&" | بازار: "&$G14) | X14: =IF($A14="","",IFERROR(Calculations!$X$15,"")) | Y14: =IF($A14="","",IFERROR(($E14-$X14)/$E14,"")) | Z14: =IF($A14="","",IFERROR(Calculations!$AR$15,""))
A15: =IF(Calculations!$A$16="","",Calculations!$A$16) | B15: =IF($A15="","",IFERROR(INDEX(Watchlist!$B$1:$B$5000,MATCH($A15,Watchlist!$A$1:$A$5000,0)),"")) | C15: =IF($A15="","",IFERROR(INDEX(Watchlist!$F$1:$F$5000,MATCH($A15,Watchlist!$A$1:$A$5000,0)),"")) | D15: =IF($A15="","",IFERROR(INDEX(Watchlist!$E$1:$E$5000,MATCH($A15,Watchlist!$A$1:$A$5000,0)),"")) | E15: =IF($A15="","",IFERROR(Calculations!$D$16,"")) | F15: =IF($A15="","",IFERROR(Calculations!$F$16,"")) | G15: =IF($A15="","",MARKET_LABEL) | H15: =IF($A15="","",IF($N15>=6,"صعودی قوی",IF($N15>=2,"صعودی",IF($N15<=-6,"نزولی قوی",IF($N15<=-2,"نزولی","خنثی"))))) | I15: =IF($A15="","",IFERROR(Calculations!$U$16,"")) | J15: =IF($A15="","",IF($O15>=6,"ورود قوی پول حقیقی",IF($O15>=2,"ورود پول حقیقی",IF($O15<=-6,"خروج قوی پول حقیقی",IF($O15<=-2,"خروج پول حقیقی","متعادل"))))) | K15: =IF($A15="","",IFERROR(Calculations!$AG$16,"")) | L15: =IF($A15="","",IFERROR(Calculations!$O$16,"")) | M15: =IF($A15="","",IFERROR(Calculations!$AA$16,"")) | N15: =IF($A15="","",IFERROR(Calculations!$AJ$16,0)) | O15: =IF($A15="","",IFERROR(Calculations!$AK$16,0)) | P15: =IF($A15="","",IFERROR(Calculations!$AL$16,0)) | Q15: =IF($A15="","",IFERROR(Calculations!$AM$16,0)) | R15: =IF($A15="","",IFERROR(Calculations!$AN$16,0)) | S15: =IF($A15="","",IFERROR(Calculations!$AO$16,0)) | T15: =IF($A15="","",IFERROR(Calculations!$AP$16,0)) | U15: =IF($A15="","",IF($T15>=TH_SBUY,"خرید قوی",IF($T15>=TH_BUY,"خرید",IF($T15<=TH_SSELL,"فروش قوی",IF($T15<=TH_SELL,"فروش","نگهداری"))))) | V15: =IF($A15="","",IFERROR(Calculations!$AQ$16,1)) | W15: =IF($A15="","","روند: "&$H15&" | ساختار: "&$I15&" | پول هوشمند: "&$J15&" | قدرت خریدار: "&IFERROR(TEXT($K15,"0.00"),"—")&"x"&" | میانگین‌ها: "&IFERROR(TEXT(Calculations!$N$16,"0"),"—")&"/4 ("&$L15&")"&" | حجم: "&IFERROR(TEXT($M15,"0.00"),"—")&"x"&" | بازار: "&$G15) | X15: =IF($A15="","",IFERROR(Calculations!$X$16,"")) | Y15: =IF($A15="","",IFERROR(($E15-$X15)/$E15,"")) | Z15: =IF($A15="","",IFERROR(Calculations!$AR$16,""))
A16: =IF(Calculations!$A$17="","",Calculations!$A$17) | B16: =IF($A16="","",IFERROR(INDEX(Watchlist!$B$1:$B$5000,MATCH($A16,Watchlist!$A$1:$A$5000,0)),"")) | C16: =IF($A16="","",IFERROR(INDEX(Watchlist!$F$1:$F$5000,MATCH($A16,Watchlist!$A$1:$A$5000,0)),"")) | D16: =IF($A16="","",IFERROR(INDEX(Watchlist!$E$1:$E$5000,MATCH($A16,Watchlist!$A$1:$A$5000,0)),"")) | E16: =IF($A16="","",IFERROR(Calculations!$D$17,"")) | F16: =IF($A16="","",IFERROR(Calculations!$F$17,"")) | G16: =IF($A16="","",MARKET_LABEL) | H16: =IF($A16="","",IF($N16>=6,"صعودی قوی",IF($N16>=2,"صعودی",IF($N16<=-6,"نزولی قوی",IF($N16<=-2,"نزولی","خنثی"))))) | I16: =IF($A16="","",IFERROR(Calculations!$U$17,"")) | J16: =IF($A16="","",IF($O16>=6,"ورود قوی پول حقیقی",IF($O16>=2,"ورود پول حقیقی",IF($O16<=-6,"خروج قوی پول حقیقی",IF($O16<=-2,"خروج پول حقیقی","متعادل"))))) | K16: =IF($A16="","",IFERROR(Calculations!$AG$17,"")) | L16: =IF($A16="","",IFERROR(Calculations!$O$17,"")) | M16: =IF($A16="","",IFERROR(Calculations!$AA$17,"")) | N16: =IF($A16="","",IFERROR(Calculations!$AJ$17,0)) | O16: =IF($A16="","",IFERROR(Calculations!$AK$17,0)) | P16: =IF($A16="","",IFERROR(Calculations!$AL$17,0)) | Q16: =IF($A16="","",IFERROR(Calculations!$AM$17,0)) | R16: =IF($A16="","",IFERROR(Calculations!$AN$17,0)) | S16: =IF($A16="","",IFERROR(Calculations!$AO$17,0)) | T16: =IF($A16="","",IFERROR(Calculations!$AP$17,0)) | U16: =IF($A16="","",IF($T16>=TH_SBUY,"خرید قوی",IF($T16>=TH_BUY,"خرید",IF($T16<=TH_SSELL,"فروش قوی",IF($T16<=TH_SELL,"فروش","نگهداری"))))) | V16: =IF($A16="","",IFERROR(Calculations!$AQ$17,1)) | W16: =IF($A16="","","روند: "&$H16&" | ساختار: "&$I16&" | پول هوشمند: "&$J16&" | قدرت خریدار: "&IFERROR(TEXT($K16,"0.00"),"—")&"x"&" | میانگین‌ها: "&IFERROR(TEXT(Calculations!$N$17,"0"),"—")&"/4 ("&$L16&")"&" | حجم: "&IFERROR(TEXT($M16,"0.00"),"—")&"x"&" | بازار: "&$G16) | X16: =IF($A16="","",IFERROR(Calculations!$X$17,"")) | Y16: =IF($A16="","",IFERROR(($E16-$X16)/$E16,"")) | Z16: =IF($A16="","",IFERROR(Calculations!$AR$17,""))
A17: =IF(Calculations!$A$18="","",Calculations!$A$18) | B17: =IF($A17="","",IFERROR(INDEX(Watchlist!$B$1:$B$5000,MATCH($A17,Watchlist!$A$1:$A$5000,0)),"")) | C17: =IF($A17="","",IFERROR(INDEX(Watchlist!$F$1:$F$5000,MATCH($A17,Watchlist!$A$1:$A$5000,0)),"")) | D17: =IF($A17="","",IFERROR(INDEX(Watchlist!$E$1:$E$5000,MATCH($A17,Watchlist!$A$1:$A$5000,0)),"")) | E17: =IF($A17="","",IFERROR(Calculations!$D$18,"")) | F17: =IF($A17="","",IFERROR(Calculations!$F$18,"")) | G17: =IF($A17="","",MARKET_LABEL) | H17: =IF($A17="","",IF($N17>=6,"صعودی قوی",IF($N17>=2,"صعودی",IF($N17<=-6,"نزولی قوی",IF($N17<=-2,"نزولی","خنثی"))))) | I17: =IF($A17="","",IFERROR(Calculations!$U$18,"")) | J17: =IF($A17="","",IF($O17>=6,"ورود قوی پول حقیقی",IF($O17>=2,"ورود پول حقیقی",IF($O17<=-6,"خروج قوی پول حقیقی",IF($O17<=-2,"خروج پول حقیقی","متعادل"))))) | K17: =IF($A17="","",IFERROR(Calculations!$AG$18,"")) | L17: =IF($A17="","",IFERROR(Calculations!$O$18,"")) | M17: =IF($A17="","",IFERROR(Calculations!$AA$18,"")) | N17: =IF($A17="","",IFERROR(Calculations!$AJ$18,0)) | O17: =IF($A17="","",IFERROR(Calculations!$AK$18,0)) | P17: =IF($A17="","",IFERROR(Calculations!$AL$18,0)) | Q17: =IF($A17="","",IFERROR(Calculations!$AM$18,0)) | R17: =IF($A17="","",IFERROR(Calculations!$AN$18,0)) | S17: =IF($A17="","",IFERROR(Calculations!$AO$18,0)) | T17: =IF($A17="","",IFERROR(Calculations!$AP$18,0)) | U17: =IF($A17="","",IF($T17>=TH_SBUY,"خرید قوی",IF($T17>=TH_BUY,"خرید",IF($T17<=TH_SSELL,"فروش قوی",IF($T17<=TH_SELL,"فروش","نگهداری"))))) | V17: =IF($A17="","",IFERROR(Calculations!$AQ$18,1)) | W17: =IF($A17="","","روند: "&$H17&" | ساختار: "&$I17&" | پول هوشمند: "&$J17&" | قدرت خریدار: "&IFERROR(TEXT($K17,"0.00"),"—")&"x"&" | میانگین‌ها: "&IFERROR(TEXT(Calculations!$N$18,"0"),"—")&"/4 ("&$L17&")"&" | حجم: "&IFERROR(TEXT($M17,"0.00"),"—")&"x"&" | بازار: "&$G17) | X17: =IF($A17="","",IFERROR(Calculations!$X$18,"")) | Y17: =IF($A17="","",IFERROR(($E17-$X17)/$E17,"")) | Z17: =IF($A17="","",IFERROR(Calculations!$AR$18,""))
A18: =IF(Calculations!$A$19="","",Calculations!$A$19) | B18: =IF($A18="","",IFERROR(INDEX(Watchlist!$B$1:$B$5000,MATCH($A18,Watchlist!$A$1:$A$5000,0)),"")) | C18: =IF($A18="","",IFERROR(INDEX(Watchlist!$F$1:$F$5000,MATCH($A18,Watchlist!$A$1:$A$5000,0)),"")) | D18: =IF($A18="","",IFERROR(INDEX(Watchlist!$E$1:$E$5000,MATCH($A18,Watchlist!$A$1:$A$5000,0)),"")) | E18: =IF($A18="","",IFERROR(Calculations!$D$19,"")) | F18: =IF($A18="","",IFERROR(Calculations!$F$19,"")) | G18: =IF($A18="","",MARKET_LABEL) | H18: =IF($A18="","",IF($N18>=6,"صعودی قوی",IF($N18>=2,"صعودی",IF($N18<=-6,"نزولی قوی",IF($N18<=-2,"نزولی","خنثی"))))) | I18: =IF($A18="","",IFERROR(Calculations!$U$19,"")) | J18: =IF($A18="","",IF($O18>=6,"ورود قوی پول حقیقی",IF($O18>=2,"ورود پول حقیقی",IF($O18<=-6,"خروج قوی پول حقیقی",IF($O18<=-2,"خروج پول حقیقی","متعادل"))))) | K18: =IF($A18="","",IFERROR(Calculations!$AG$19,"")) | L18: =IF($A18="","",IFERROR(Calculations!$O$19,"")) | M18: =IF($A18="","",IFERROR(Calculations!$AA$19,"")) | N18: =IF($A18="","",IFERROR(Calculations!$AJ$19,0)) | O18: =IF($A18="","",IFERROR(Calculations!$AK$19,0)) | P18: =IF($A18="","",IFERROR(Calculations!$AL$19,0)) | Q18: =IF($A18="","",IFERROR(Calculations!$AM$19,0)) | R18: =IF($A18="","",IFERROR(Calculations!$AN$19,0)) | S18: =IF($A18="","",IFERROR(Calculations!$AO$19,0)) | T18: =IF($A18="","",IFERROR(Calculations!$AP$19,0)) | U18: =IF($A18="","",IF($T18>=TH_SBUY,"خرید قوی",IF($T18>=TH_BUY,"خرید",IF($T18<=TH_SSELL,"فروش قوی",IF($T18<=TH_SELL,"فروش","نگهداری"))))) | V18: =IF($A18="","",IFERROR(Calculations!$AQ$19,1)) | W18: =IF($A18="","","روند: "&$H18&" | ساختار: "&$I18&" | پول هوشمند: "&$J18&" | قدرت خریدار: "&IFERROR(TEXT($K18,"0.00"),"—")&"x"&" | میانگین‌ها: "&IFERROR(TEXT(Calculations!$N$19,"0"),"—")&"/4 ("&$L18&")"&" | حجم: "&IFERROR(TEXT($M18,"0.00"),"—")&"x"&" | بازار: "&$G18) | X18: =IF($A18="","",IFERROR(Calculations!$X$19,"")) | Y18: =IF($A18="","",IFERROR(($E18-$X18)/$E18,"")) | Z18: =IF($A18="","",IFERROR(Calculations!$AR$19,""))
A19: =IF(Calculations!$A$20="","",Calculations!$A$20) | B19: =IF($A19="","",IFERROR(INDEX(Watchlist!$B$1:$B$5000,MATCH($A19,Watchlist!$A$1:$A$5000,0)),"")) | C19: =IF($A19="","",IFERROR(INDEX(Watchlist!$F$1:$F$5000,MATCH($A19,Watchlist!$A$1:$A$5000,0)),"")) | D19: =IF($A19="","",IFERROR(INDEX(Watchlist!$E$1:$E$5000,MATCH($A19,Watchlist!$A$1:$A$5000,0)),"")) | E19: =IF($A19="","",IFERROR(Calculations!$D$20,"")) | F19: =IF($A19="","",IFERROR(Calculations!$F$20,"")) | G19: =IF($A19="","",MARKET_LABEL) | H19: =IF($A19="","",IF($N19>=6,"صعودی قوی",IF($N19>=2,"صعودی",IF($N19<=-6,"نزولی قوی",IF($N19<=-2,"نزولی","خنثی"))))) | I19: =IF($A19="","",IFERROR(Calculations!$U$20,"")) | J19: =IF($A19="","",IF($O19>=6,"ورود قوی پول حقیقی",IF($O19>=2,"ورود پول حقیقی",IF($O19<=-6,"خروج قوی پول حقیقی",IF($O19<=-2,"خروج پول حقیقی","متعادل"))))) | K19: =IF($A19="","",IFERROR(Calculations!$AG$20,"")) | L19: =IF($A19="","",IFERROR(Calculations!$O$20,"")) | M19: =IF($A19="","",IFERROR(Calculations!$AA$20,"")) | N19: =IF($A19="","",IFERROR(Calculations!$AJ$20,0)) | O19: =IF($A19="","",IFERROR(Calculations!$AK$20,0)) | P19: =IF($A19="","",IFERROR(Calculations!$AL$20,0)) | Q19: =IF($A19="","",IFERROR(Calculations!$AM$20,0)) | R19: =IF($A19="","",IFERROR(Calculations!$AN$20,0)) | S19: =IF($A19="","",IFERROR(Calculations!$AO$20,0)) | T19: =IF($A19="","",IFERROR(Calculations!$AP$20,0)) | U19: =IF($A19="","",IF($T19>=TH_SBUY,"خرید قوی",IF($T19>=TH_BUY,"خرید",IF($T19<=TH_SSELL,"فروش قوی",IF($T19<=TH_SELL,"فروش","نگهداری"))))) | V19: =IF($A19="","",IFERROR(Calculations!$AQ$20,1)) | W19: =IF($A19="","","روند: "&$H19&" | ساختار: "&$I19&" | پول هوشمند: "&$J19&" | قدرت خریدار: "&IFERROR(TEXT($K19,"0.00"),"—")&"x"&" | میانگین‌ها: "&IFERROR(TEXT(Calculations!$N$20,"0"),"—")&"/4 ("&$L19&")"&" | حجم: "&IFERROR(TEXT($M19,"0.00"),"—")&"x"&" | بازار: "&$G19) | X19: =IF($A19="","",IFERROR(Calculations!$X$20,"")) | Y19: =IF($A19="","",IFERROR(($E19-$X19)/$E19,"")) | Z19: =IF($A19="","",IFERROR(Calculations!$AR$20,""))
A20: =IF(Calculations!$A$21="","",Calculations!$A$21) | B20: =IF($A20="","",IFERROR(INDEX(Watchlist!$B$1:$B$5000,MATCH($A20,Watchlist!$A$1:$A$5000,0)),"")) | C20: =IF($A20="","",IFERROR(INDEX(Watchlist!$F$1:$F$5000,MATCH($A20,Watchlist!$A$1:$A$5000,0)),"")) | D20: =IF($A20="","",IFERROR(INDEX(Watchlist!$E$1:$E$5000,MATCH($A20,Watchlist!$A$1:$A$5000,0)),"")) | E20: =IF($A20="","",IFERROR(Calculations!$D$21,"")) | F20: =IF($A20="","",IFERROR(Calculations!$F$21,"")) | G20: =IF($A20="","",MARKET_LABEL) | H20: =IF($A20="","",IF($N20>=6,"صعودی قوی",IF($N20>=2,"صعودی",IF($N20<=-6,"نزولی قوی",IF($N20<=-2,"نزولی","خنثی"))))) | I20: =IF($A20="","",IFERROR(Calculations!$U$21,"")) | J20: =IF($A20="","",IF($O20>=6,"ورود قوی پول حقیقی",IF($O20>=2,"ورود پول حقیقی",IF($O20<=-6,"خروج قوی پول حقیقی",IF($O20<=-2,"خروج پول حقیقی","متعادل"))))) | K20: =IF($A20="","",IFERROR(Calculations!$AG$21,"")) | L20: =IF($A20="","",IFERROR(Calculations!$O$21,"")) | M20: =IF($A20="","",IFERROR(Calculations!$AA$21,"")) | N20: =IF($A20="","",IFERROR(Calculations!$AJ$21,0)) | O20: =IF($A20="","",IFERROR(Calculations!$AK$21,0)) | P20: =IF($A20="","",IFERROR(Calculations!$AL$21,0)) | Q20: =IF($A20="","",IFERROR(Calculations!$AM$21,0)) | R20: =IF($A20="","",IFERROR(Calculations!$AN$21,0)) | S20: =IF($A20="","",IFERROR(Calculations!$AO$21,0)) | T20: =IF($A20="","",IFERROR(Calculations!$AP$21,0)) | U20: =IF($A20="","",IF($T20>=TH_SBUY,"خرید قوی",IF($T20>=TH_BUY,"خرید",IF($T20<=TH_SSELL,"فروش قوی",IF($T20<=TH_SELL,"فروش","نگهداری"))))) | V20: =IF($A20="","",IFERROR(Calculations!$AQ$21,1)) | W20: =IF($A20="","","روند: "&$H20&" | ساختار: "&$I20&" | پول هوشمند: "&$J20&" | قدرت خریدار: "&IFERROR(TEXT($K20,"0.00"),"—")&"x"&" | میانگین‌ها: "&IFERROR(TEXT(Calculations!$N$21,"0"),"—")&"/4 ("&$L20&")"&" | حجم: "&IFERROR(TEXT($M20,"0.00"),"—")&"x"&" | بازار: "&$G20) | X20: =IF($A20="","",IFERROR(Calculations!$X$21,"")) | Y20: =IF($A20="","",IFERROR(($E20-$X20)/$E20,"")) | Z20: =IF($A20="","",IFERROR(Calculations!$AR$21,""))
A21: =IF(Calculations!$A$22="","",Calculations!$A$22) | B21: =IF($A21="","",IFERROR(INDEX(Watchlist!$B$1:$B$5000,MATCH($A21,Watchlist!$A$1:$A$5000,0)),"")) | C21: =IF($A21="","",IFERROR(INDEX(Watchlist!$F$1:$F$5000,MATCH($A21,Watchlist!$A$1:$A$5000,0)),"")) | D21: =IF($A21="","",IFERROR(INDEX(Watchlist!$E$1:$E$5000,MATCH($A21,Watchlist!$A$1:$A$5000,0)),"")) | E21: =IF($A21="","",IFERROR(Calculations!$D$22,"")) | F21: =IF($A21="","",IFERROR(Calculations!$F$22,"")) | G21: =IF($A21="","",MARKET_LABEL) | H21: =IF($A21="","",IF($N21>=6,"صعودی قوی",IF($N21>=2,"صعودی",IF($N21<=-6,"نزولی قوی",IF($N21<=-2,"نزولی","خنثی"))))) | I21: =IF($A21="","",IFERROR(Calculations!$U$22,"")) | J21: =IF($A21="","",IF($O21>=6,"ورود قوی پول حقیقی",IF($O21>=2,"ورود پول حقیقی",IF($O21<=-6,"خروج قوی پول حقیقی",IF($O21<=-2,"خروج پول حقیقی","متعادل"))))) | K21: =IF($A21="","",IFERROR(Calculations!$AG$22,"")) | L21: =IF($A21="","",IFERROR(Calculations!$O$22,"")) | M21: =IF($A21="","",IFERROR(Calculations!$AA$22,"")) | N21: =IF($A21="","",IFERROR(Calculations!$AJ$22,0)) | O21: =IF($A21="","",IFERROR(Calculations!$AK$22,0)) | P21: =IF($A21="","",IFERROR(Calculations!$AL$22,0)) | Q21: =IF($A21="","",IFERROR(Calculations!$AM$22,0)) | R21: =IF($A21="","",IFERROR(Calculations!$AN$22,0)) | S21: =IF($A21="","",IFERROR(Calculations!$AO$22,0)) | T21: =IF($A21="","",IFERROR(Calculations!$AP$22,0)) | U21: =IF($A21="","",IF($T21>=TH_SBUY,"خرید قوی",IF($T21>=TH_BUY,"خرید",IF($T21<=TH_SSELL,"فروش قوی",IF($T21<=TH_SELL,"فروش","نگهداری"))))) | V21: =IF($A21="","",IFERROR(Calculations!$AQ$22,1)) | W21: =IF($A21="","","روند: "&$H21&" | ساختار: "&$I21&" | پول هوشمند: "&$J21&" | قدرت خریدار: "&IFERROR(TEXT($K21,"0.00"),"—")&"x"&" | میانگین‌ها: "&IFERROR(TEXT(Calculations!$N$22,"0"),"—")&"/4 ("&$L21&")"&" | حجم: "&IFERROR(TEXT($M21,"0.00"),"—")&"x"&" | بازار: "&$G21) | X21: =IF($A21="","",IFERROR(Calculations!$X$22,"")) | Y21: =IF($A21="","",IFERROR(($E21-$X21)/$E21,"")) | Z21: =IF($A21="","",IFERROR(Calculations!$AR$22,""))
A22: =IF(Calculations!$A$23="","",Calculations!$A$23) | B22: =IF($A22="","",IFERROR(INDEX(Watchlist!$B$1:$B$5000,MATCH($A22,Watchlist!$A$1:$A$5000,0)),"")) | C22: =IF($A22="","",IFERROR(INDEX(Watchlist!$F$1:$F$5000,MATCH($A22,Watchlist!$A$1:$A$5000,0)),"")) | D22: =IF($A22="","",IFERROR(INDEX(Watchlist!$E$1:$E$5000,MATCH($A22,Watchlist!$A$1:$A$5000,0)),"")) | E22: =IF($A22="","",IFERROR(Calculations!$D$23,"")) | F22: =IF($A22="","",IFERROR(Calculations!$F$23,"")) | G22: =IF($A22="","",MARKET_LABEL) | H22: =IF($A22="","",IF($N22>=6,"صعودی قوی",IF($N22>=2,"صعودی",IF($N22<=-6,"نزولی قوی",IF($N22<=-2,"نزولی","خنثی"))))) | I22: =IF($A22="","",IFERROR(Calculations!$U$23,"")) | J22: =IF($A22="","",IF($O22>=6,"ورود قوی پول حقیقی",IF($O22>=2,"ورود پول حقیقی",IF($O22<=-6,"خروج قوی پول حقیقی",IF($O22<=-2,"خروج پول حقیقی","متعادل"))))) | K22: =IF($A22="","",IFERROR(Calculations!$AG$23,"")) | L22: =IF($A22="","",IFERROR(Calculations!$O$23,"")) | M22: =IF($A22="","",IFERROR(Calculations!$AA$23,"")) | N22: =IF($A22="","",IFERROR(Calculations!$AJ$23,0)) | O22: =IF($A22="","",IFERROR(Calculations!$AK$23,0)) | P22: =IF($A22="","",IFERROR(Calculations!$AL$23,0)) | Q22: =IF($A22="","",IFERROR(Calculations!$AM$23,0)) | R22: =IF($A22="","",IFERROR(Calculations!$AN$23,0)) | S22: =IF($A22="","",IFERROR(Calculations!$AO$23,0)) | T22: =IF($A22="","",IFERROR(Calculations!$AP$23,0)) | U22: =IF($A22="","",IF($T22>=TH_SBUY,"خرید قوی",IF($T22>=TH_BUY,"خرید",IF($T22<=TH_SSELL,"فروش قوی",IF($T22<=TH_SELL,"فروش","نگهداری"))))) | V22: =IF($A22="","",IFERROR(Calculations!$AQ$23,1)) | W22: =IF($A22="","","روند: "&$H22&" | ساختار: "&$I22&" | پول هوشمند: "&$J22&" | قدرت خریدار: "&IFERROR(TEXT($K22,"0.00"),"—")&"x"&" | میانگین‌ها: "&IFERROR(TEXT(Calculations!$N$23,"0"),"—")&"/4 ("&$L22&")"&" | حجم: "&IFERROR(TEXT($M22,"0.00"),"—")&"x"&" | بازار: "&$G22) | X22: =IF($A22="","",IFERROR(Calculations!$X$23,"")) | Y22: =IF($A22="","",IFERROR(($E22-$X22)/$E22,"")) | Z22: =IF($A22="","",IFERROR(Calculations!$AR$23,""))
A23: =IF(Calculations!$A$24="","",Calculations!$A$24) | B23: =IF($A23="","",IFERROR(INDEX(Watchlist!$B$1:$B$5000,MATCH($A23,Watchlist!$A$1:$A$5000,0)),"")) | C23: =IF($A23="","",IFERROR(INDEX(Watchlist!$F$1:$F$5000,MATCH($A23,Watchlist!$A$1:$A$5000,0)),"")) | D23: =IF($A23="","",IFERROR(INDEX(Watchlist!$E$1:$E$5000,MATCH($A23,Watchlist!$A$1:$A$5000,0)),"")) | E23: =IF($A23="","",IFERROR(Calculations!$D$24,"")) | F23: =IF($A23="","",IFERROR(Calculations!$F$24,"")) | G23: =IF($A23="","",MARKET_LABEL) | H23: =IF($A23="","",IF($N23>=6,"صعودی قوی",IF($N23>=2,"صعودی",IF($N23<=-6,"نزولی قوی",IF($N23<=-2,"نزولی","خنثی"))))) | I23: =IF($A23="","",IFERROR(Calculations!$U$24,"")) | J23: =IF($A23="","",IF($O23>=6,"ورود قوی پول حقیقی",IF($O23>=2,"ورود پول حقیقی",IF($O23<=-6,"خروج قوی پول حقیقی",IF($O23<=-2,"خروج پول حقیقی","متعادل"))))) | K23: =IF($A23="","",IFERROR(Calculations!$AG$24,"")) | L23: =IF($A23="","",IFERROR(Calculations!$O$24,"")) | M23: =IF($A23="","",IFERROR(Calculations!$AA$24,"")) | N23: =IF($A23="","",IFERROR(Calculations!$AJ$24,0)) | O23: =IF($A23="","",IFERROR(Calculations!$AK$24,0)) | P23: =IF($A23="","",IFERROR(Calculations!$AL$24,0)) | Q23: =IF($A23="","",IFERROR(Calculations!$AM$24,0)) | R23: =IF($A23="","",IFERROR(Calculations!$AN$24,0)) | S23: =IF($A23="","",IFERROR(Calculations!$AO$24,0)) | T23: =IF($A23="","",IFERROR(Calculations!$AP$24,0)) | U23: =IF($A23="","",IF($T23>=TH_SBUY,"خرید قوی",IF($T23>=TH_BUY,"خرید",IF($T23<=TH_SSELL,"فروش قوی",IF($T23<=TH_SELL,"فروش","نگهداری"))))) | V23: =IF($A23="","",IFERROR(Calculations!$AQ$24,1)) | W23: =IF($A23="","","روند: "&$H23&" | ساختار: "&$I23&" | پول هوشمند: "&$J23&" | قدرت خریدار: "&IFERROR(TEXT($K23,"0.00"),"—")&"x"&" | میانگین‌ها: "&IFERROR(TEXT(Calculations!$N$24,"0"),"—")&"/4 ("&$L23&")"&" | حجم: "&IFERROR(TEXT($M23,"0.00"),"—")&"x"&" | بازار: "&$G23) | X23: =IF($A23="","",IFERROR(Calculations!$X$24,"")) | Y23: =IF($A23="","",IFERROR(($E23-$X23)/$E23,"")) | Z23: =IF($A23="","",IFERROR(Calculations!$AR$24,""))
A24: =IF(Calculations!$A$25="","",Calculations!$A$25) | B24: =IF($A24="","",IFERROR(INDEX(Watchlist!$B$1:$B$5000,MATCH($A24,Watchlist!$A$1:$A$5000,0)),"")) | C24: =IF($A24="","",IFERROR(INDEX(Watchlist!$F$1:$F$5000,MATCH($A24,Watchlist!$A$1:$A$5000,0)),"")) | D24: =IF($A24="","",IFERROR(INDEX(Watchlist!$E$1:$E$5000,MATCH($A24,Watchlist!$A$1:$A$5000,0)),"")) | E24: =IF($A24="","",IFERROR(Calculations!$D$25,"")) | F24: =IF($A24="","",IFERROR(Calculations!$F$25,"")) | G24: =IF($A24="","",MARKET_LABEL) | H24: =IF($A24="","",IF($N24>=6,"صعودی قوی",IF($N24>=2,"صعودی",IF($N24<=-6,"نزولی قوی",IF($N24<=-2,"نزولی","خنثی"))))) | I24: =IF($A24="","",IFERROR(Calculations!$U$25,"")) | J24: =IF($A24="","",IF($O24>=6,"ورود قوی پول حقیقی",IF($O24>=2,"ورود پول حقیقی",IF($O24<=-6,"خروج قوی پول حقیقی",IF($O24<=-2,"خروج پول حقیقی","متعادل"))))) | K24: =IF($A24="","",IFERROR(Calculations!$AG$25,"")) | L24: =IF($A24="","",IFERROR(Calculations!$O$25,"")) | M24: =IF($A24="","",IFERROR(Calculations!$AA$25,"")) | N24: =IF($A24="","",IFERROR(Calculations!$AJ$25,0)) | O24: =IF($A24="","",IFERROR(Calculations!$AK$25,0)) | P24: =IF($A24="","",IFERROR(Calculations!$AL$25,0)) | Q24: =IF($A24="","",IFERROR(Calculations!$AM$25,0)) | R24: =IF($A24="","",IFERROR(Calculations!$AN$25,0)) | S24: =IF($A24="","",IFERROR(Calculations!$AO$25,0)) | T24: =IF($A24="","",IFERROR(Calculations!$AP$25,0)) | U24: =IF($A24="","",IF($T24>=TH_SBUY,"خرید قوی",IF($T24>=TH_BUY,"خرید",IF($T24<=TH_SSELL,"فروش قوی",IF($T24<=TH_SELL,"فروش","نگهداری"))))) | V24: =IF($A24="","",IFERROR(Calculations!$AQ$25,1)) | W24: =IF($A24="","","روند: "&$H24&" | ساختار: "&$I24&" | پول هوشمند: "&$J24&" | قدرت خریدار: "&IFERROR(TEXT($K24,"0.00"),"—")&"x"&" | میانگین‌ها: "&IFERROR(TEXT(Calculations!$N$25,"0"),"—")&"/4 ("&$L24&")"&" | حجم: "&IFERROR(TEXT($M24,"0.00"),"—")&"x"&" | بازار: "&$G24) | X24: =IF($A24="","",IFERROR(Calculations!$X$25,"")) | Y24: =IF($A24="","",IFERROR(($E24-$X24)/$E24,"")) | Z24: =IF($A24="","",IFERROR(Calculations!$AR$25,""))
A25: =IF(Calculations!$A$26="","",Calculations!$A$26) | B25: =IF($A25="","",IFERROR(INDEX(Watchlist!$B$1:$B$5000,MATCH($A25,Watchlist!$A$1:$A$5000,0)),"")) | C25: =IF($A25="","",IFERROR(INDEX(Watchlist!$F$1:$F$5000,MATCH($A25,Watchlist!$A$1:$A$5000,0)),"")) | D25: =IF($A25="","",IFERROR(INDEX(Watchlist!$E$1:$E$5000,MATCH($A25,Watchlist!$A$1:$A$5000,0)),"")) | E25: =IF($A25="","",IFERROR(Calculations!$D$26,"")) | F25: =IF($A25="","",IFERROR(Calculations!$F$26,"")) | G25: =IF($A25="","",MARKET_LABEL) | H25: =IF($A25="","",IF($N25>=6,"صعودی قوی",IF($N25>=2,"صعودی",IF($N25<=-6,"نزولی قوی",IF($N25<=-2,"نزولی","خنثی"))))) | I25: =IF($A25="","",IFERROR(Calculations!$U$26,"")) | J25: =IF($A25="","",IF($O25>=6,"ورود قوی پول حقیقی",IF($O25>=2,"ورود پول حقیقی",IF($O25<=-6,"خروج قوی پول حقیقی",IF($O25<=-2,"خروج پول حقیقی","متعادل"))))) | K25: =IF($A25="","",IFERROR(Calculations!$AG$26,"")) | L25: =IF($A25="","",IFERROR(Calculations!$O$26,"")) | M25: =IF($A25="","",IFERROR(Calculations!$AA$26,"")) | N25: =IF($A25="","",IFERROR(Calculations!$AJ$26,0)) | O25: =IF($A25="","",IFERROR(Calculations!$AK$26,0)) | P25: =IF($A25="","",IFERROR(Calculations!$AL$26,0)) | Q25: =IF($A25="","",IFERROR(Calculations!$AM$26,0)) | R25: =IF($A25="","",IFERROR(Calculations!$AN$26,0)) | S25: =IF($A25="","",IFERROR(Calculations!$AO$26,0)) | T25: =IF($A25="","",IFERROR(Calculations!$AP$26,0)) | U25: =IF($A25="","",IF($T25>=TH_SBUY,"خرید قوی",IF($T25>=TH_BUY,"خرید",IF($T25<=TH_SSELL,"فروش قوی",IF($T25<=TH_SELL,"فروش","نگهداری"))))) | V25: =IF($A25="","",IFERROR(Calculations!$AQ$26,1)) | W25: =IF($A25="","","روند: "&$H25&" | ساختار: "&$I25&" | پول هوشمند: "&$J25&" | قدرت خریدار: "&IFERROR(TEXT($K25,"0.00"),"—")&"x"&" | میانگین‌ها: "&IFERROR(TEXT(Calculations!$N$26,"0"),"—")&"/4 ("&$L25&")"&" | حجم: "&IFERROR(TEXT($M25,"0.00"),"—")&"x"&" | بازار: "&$G25) | X25: =IF($A25="","",IFERROR(Calculations!$X$26,"")) | Y25: =IF($A25="","",IFERROR(($E25-$X25)/$E25,"")) | Z25: =IF($A25="","",IFERROR(Calculations!$AR$26,""))
A26: =IF(Calculations!$A$27="","",Calculations!$A$27) | B26: =IF($A26="","",IFERROR(INDEX(Watchlist!$B$1:$B$5000,MATCH($A26,Watchlist!$A$1:$A$5000,0)),"")) | C26: =IF($A26="","",IFERROR(INDEX(Watchlist!$F$1:$F$5000,MATCH($A26,Watchlist!$A$1:$A$5000,0)),"")) | D26: =IF($A26="","",IFERROR(INDEX(Watchlist!$E$1:$E$5000,MATCH($A26,Watchlist!$A$1:$A$5000,0)),"")) | E26: =IF($A26="","",IFERROR(Calculations!$D$27,"")) | F26: =IF($A26="","",IFERROR(Calculations!$F$27,"")) | G26: =IF($A26="","",MARKET_LABEL) | H26: =IF($A26="","",IF($N26>=6,"صعودی قوی",IF($N26>=2,"صعودی",IF($N26<=-6,"نزولی قوی",IF($N26<=-2,"نزولی","خنثی"))))) | I26: =IF($A26="","",IFERROR(Calculations!$U$27,"")) | J26: =IF($A26="","",IF($O26>=6,"ورود قوی پول حقیقی",IF($O26>=2,"ورود پول حقیقی",IF($O26<=-6,"خروج قوی پول حقیقی",IF($O26<=-2,"خروج پول حقیقی","متعادل"))))) | K26: =IF($A26="","",IFERROR(Calculations!$AG$27,"")) | L26: =IF($A26="","",IFERROR(Calculations!$O$27,"")) | M26: =IF($A26="","",IFERROR(Calculations!$AA$27,"")) | N26: =IF($A26="","",IFERROR(Calculations!$AJ$27,0)) | O26: =IF($A26="","",IFERROR(Calculations!$AK$27,0)) | P26: =IF($A26="","",IFERROR(Calculations!$AL$27,0)) | Q26: =IF($A26="","",IFERROR(Calculations!$AM$27,0)) | R26: =IF($A26="","",IFERROR(Calculations!$AN$27,0)) | S26: =IF($A26="","",IFERROR(Calculations!$AO$27,0)) | T26: =IF($A26="","",IFERROR(Calculations!$AP$27,0)) | U26: =IF($A26="","",IF($T26>=TH_SBUY,"خرید قوی",IF($T26>=TH_BUY,"خرید",IF($T26<=TH_SSELL,"فروش قوی",IF($T26<=TH_SELL,"فروش","نگهداری"))))) | V26: =IF($A26="","",IFERROR(Calculations!$AQ$27,1)) | W26: =IF($A26="","","روند: "&$H26&" | ساختار: "&$I26&" | پول هوشمند: "&$J26&" | قدرت خریدار: "&IFERROR(TEXT($K26,"0.00"),"—")&"x"&" | میانگین‌ها: "&IFERROR(TEXT(Calculations!$N$27,"0"),"—")&"/4 ("&$L26&")"&" | حجم: "&IFERROR(TEXT($M26,"0.00"),"—")&"x"&" | بازار: "&$G26) | X26: =IF($A26="","",IFERROR(Calculations!$X$27,"")) | Y26: =IF($A26="","",IFERROR(($E26-$X26)/$E26,"")) | Z26: =IF($A26="","",IFERROR(Calculations!$AR$27,""))
A27: =IF(Calculations!$A$28="","",Calculations!$A$28) | B27: =IF($A27="","",IFERROR(INDEX(Watchlist!$B$1:$B$5000,MATCH($A27,Watchlist!$A$1:$A$5000,0)),"")) | C27: =IF($A27="","",IFERROR(INDEX(Watchlist!$F$1:$F$5000,MATCH($A27,Watchlist!$A$1:$A$5000,0)),"")) | D27: =IF($A27="","",IFERROR(INDEX(Watchlist!$E$1:$E$5000,MATCH($A27,Watchlist!$A$1:$A$5000,0)),"")) | E27: =IF($A27="","",IFERROR(Calculations!$D$28,"")) | F27: =IF($A27="","",IFERROR(Calculations!$F$28,"")) | G27: =IF($A27="","",MARKET_LABEL) | H27: =IF($A27="","",IF($N27>=6,"صعودی قوی",IF($N27>=2,"صعودی",IF($N27<=-6,"نزولی قوی",IF($N27<=-2,"نزولی","خنثی"))))) | I27: =IF($A27="","",IFERROR(Calculations!$U$28,"")) | J27: =IF($A27="","",IF($O27>=6,"ورود قوی پول حقیقی",IF($O27>=2,"ورود پول حقیقی",IF($O27<=-6,"خروج قوی پول حقیقی",IF($O27<=-2,"خروج پول حقیقی","متعادل"))))) | K27: =IF($A27="","",IFERROR(Calculations!$AG$28,"")) | L27: =IF($A27="","",IFERROR(Calculations!$O$28,"")) | M27: =IF($A27="","",IFERROR(Calculations!$AA$28,"")) | N27: =IF($A27="","",IFERROR(Calculations!$AJ$28,0)) | O27: =IF($A27="","",IFERROR(Calculations!$AK$28,0)) | P27: =IF($A27="","",IFERROR(Calculations!$AL$28,0)) | Q27: =IF($A27="","",IFERROR(Calculations!$AM$28,0)) | R27: =IF($A27="","",IFERROR(Calculations!$AN$28,0)) | S27: =IF($A27="","",IFERROR(Calculations!$AO$28,0)) | T27: =IF($A27="","",IFERROR(Calculations!$AP$28,0)) | U27: =IF($A27="","",IF($T27>=TH_SBUY,"خرید قوی",IF($T27>=TH_BUY,"خرید",IF($T27<=TH_SSELL,"فروش قوی",IF($T27<=TH_SELL,"فروش","نگهداری"))))) | V27: =IF($A27="","",IFERROR(Calculations!$AQ$28,1)) | W27: =IF($A27="","","روند: "&$H27&" | ساختار: "&$I27&" | پول هوشمند: "&$J27&" | قدرت خریدار: "&IFERROR(TEXT($K27,"0.00"),"—")&"x"&" | میانگین‌ها: "&IFERROR(TEXT(Calculations!$N$28,"0"),"—")&"/4 ("&$L27&")"&" | حجم: "&IFERROR(TEXT($M27,"0.00"),"—")&"x"&" | بازار: "&$G27) | X27: =IF($A27="","",IFERROR(Calculations!$X$28,"")) | Y27: =IF($A27="","",IFERROR(($E27-$X27)/$E27,"")) | Z27: =IF($A27="","",IFERROR(Calculations!$AR$28,""))
A28: =IF(Calculations!$A$29="","",Calculations!$A$29) | B28: =IF($A28="","",IFERROR(INDEX(Watchlist!$B$1:$B$5000,MATCH($A28,Watchlist!$A$1:$A$5000,0)),"")) | C28: =IF($A28="","",IFERROR(INDEX(Watchlist!$F$1:$F$5000,MATCH($A28,Watchlist!$A$1:$A$5000,0)),"")) | D28: =IF($A28="","",IFERROR(INDEX(Watchlist!$E$1:$E$5000,MATCH($A28,Watchlist!$A$1:$A$5000,0)),"")) | E28: =IF($A28="","",IFERROR(Calculations!$D$29,"")) | F28: =IF($A28="","",IFERROR(Calculations!$F$29,"")) | G28: =IF($A28="","",MARKET_LABEL) | H28: =IF($A28="","",IF($N28>=6,"صعودی قوی",IF($N28>=2,"صعودی",IF($N28<=-6,"نزولی قوی",IF($N28<=-2,"نزولی","خنثی"))))) | I28: =IF($A28="","",IFERROR(Calculations!$U$29,"")) | J28: =IF($A28="","",IF($O28>=6,"ورود قوی پول حقیقی",IF($O28>=2,"ورود پول حقیقی",IF($O28<=-6,"خروج قوی پول حقیقی",IF($O28<=-2,"خروج پول حقیقی","متعادل"))))) | K28: =IF($A28="","",IFERROR(Calculations!$AG$29,"")) | L28: =IF($A28="","",IFERROR(Calculations!$O$29,"")) | M28: =IF($A28="","",IFERROR(Calculations!$AA$29,"")) | N28: =IF($A28="","",IFERROR(Calculations!$AJ$29,0)) | O28: =IF($A28="","",IFERROR(Calculations!$AK$29,0)) | P28: =IF($A28="","",IFERROR(Calculations!$AL$29,0)) | Q28: =IF($A28="","",IFERROR(Calculations!$AM$29,0)) | R28: =IF($A28="","",IFERROR(Calculations!$AN$29,0)) | S28: =IF($A28="","",IFERROR(Calculations!$AO$29,0)) | T28: =IF($A28="","",IFERROR(Calculations!$AP$29,0)) | U28: =IF($A28="","",IF($T28>=TH_SBUY,"خرید قوی",IF($T28>=TH_BUY,"خرید",IF($T28<=TH_SSELL,"فروش قوی",IF($T28<=TH_SELL,"فروش","نگهداری"))))) | V28: =IF($A28="","",IFERROR(Calculations!$AQ$29,1)) | W28: =IF($A28="","","روند: "&$H28&" | ساختار: "&$I28&" | پول هوشمند: "&$J28&" | قدرت خریدار: "&IFERROR(TEXT($K28,"0.00"),"—")&"x"&" | میانگین‌ها: "&IFERROR(TEXT(Calculations!$N$29,"0"),"—")&"/4 ("&$L28&")"&" | حجم: "&IFERROR(TEXT($M28,"0.00"),"—")&"x"&" | بازار: "&$G28) | X28: =IF($A28="","",IFERROR(Calculations!$X$29,"")) | Y28: =IF($A28="","",IFERROR(($E28-$X28)/$E28,"")) | Z28: =IF($A28="","",IFERROR(Calculations!$AR$29,""))
A29: =IF(Calculations!$A$30="","",Calculations!$A$30) | B29: =IF($A29="","",IFERROR(INDEX(Watchlist!$B$1:$B$5000,MATCH($A29,Watchlist!$A$1:$A$5000,0)),"")) | C29: =IF($A29="","",IFERROR(INDEX(Watchlist!$F$1:$F$5000,MATCH($A29,Watchlist!$A$1:$A$5000,0)),"")) | D29: =IF($A29="","",IFERROR(INDEX(Watchlist!$E$1:$E$5000,MATCH($A29,Watchlist!$A$1:$A$5000,0)),"")) | E29: =IF($A29="","",IFERROR(Calculations!$D$30,"")) | F29: =IF($A29="","",IFERROR(Calculations!$F$30,"")) | G29: =IF($A29="","",MARKET_LABEL) | H29: =IF($A29="","",IF($N29>=6,"صعودی قوی",IF($N29>=2,"صعودی",IF($N29<=-6,"نزولی قوی",IF($N29<=-2,"نزولی","خنثی"))))) | I29: =IF($A29="","",IFERROR(Calculations!$U$30,"")) | J29: =IF($A29="","",IF($O29>=6,"ورود قوی پول حقیقی",IF($O29>=2,"ورود پول حقیقی",IF($O29<=-6,"خروج قوی پول حقیقی",IF($O29<=-2,"خروج پول حقیقی","متعادل"))))) | K29: =IF($A29="","",IFERROR(Calculations!$AG$30,"")) | L29: =IF($A29="","",IFERROR(Calculations!$O$30,"")) | M29: =IF($A29="","",IFERROR(Calculations!$AA$30,"")) | N29: =IF($A29="","",IFERROR(Calculations!$AJ$30,0)) | O29: =IF($A29="","",IFERROR(Calculations!$AK$30,0)) | P29: =IF($A29="","",IFERROR(Calculations!$AL$30,0)) | Q29: =IF($A29="","",IFERROR(Calculations!$AM$30,0)) | R29: =IF($A29="","",IFERROR(Calculations!$AN$30,0)) | S29: =IF($A29="","",IFERROR(Calculations!$AO$30,0)) | T29: =IF($A29="","",IFERROR(Calculations!$AP$30,0)) | U29: =IF($A29="","",IF($T29>=TH_SBUY,"خرید قوی",IF($T29>=TH_BUY,"خرید",IF($T29<=TH_SSELL,"فروش قوی",IF($T29<=TH_SELL,"فروش","نگهداری"))))) | V29: =IF($A29="","",IFERROR(Calculations!$AQ$30,1)) | W29: =IF($A29="","","روند: "&$H29&" | ساختار: "&$I29&" | پول هوشمند: "&$J29&" | قدرت خریدار: "&IFERROR(TEXT($K29,"0.00"),"—")&"x"&" | میانگین‌ها: "&IFERROR(TEXT(Calculations!$N$30,"0"),"—")&"/4 ("&$L29&")"&" | حجم: "&IFERROR(TEXT($M29,"0.00"),"—")&"x"&" | بازار: "&$G29) | X29: =IF($A29="","",IFERROR(Calculations!$X$30,"")) | Y29: =IF($A29="","",IFERROR(($E29-$X29)/$E29,"")) | Z29: =IF($A29="","",IFERROR(Calculations!$AR$30,""))
A30: =IF(Calculations!$A$31="","",Calculations!$A$31) | B30: =IF($A30="","",IFERROR(INDEX(Watchlist!$B$1:$B$5000,MATCH($A30,Watchlist!$A$1:$A$5000,0)),"")) | C30: =IF($A30="","",IFERROR(INDEX(Watchlist!$F$1:$F$5000,MATCH($A30,Watchlist!$A$1:$A$5000,0)),"")) | D30: =IF($A30="","",IFERROR(INDEX(Watchlist!$E$1:$E$5000,MATCH($A30,Watchlist!$A$1:$A$5000,0)),"")) | E30: =IF($A30="","",IFERROR(Calculations!$D$31,"")) | F30: =IF($A30="","",IFERROR(Calculations!$F$31,"")) | G30: =IF($A30="","",MARKET_LABEL) | H30: =IF($A30="","",IF($N30>=6,"صعودی قوی",IF($N30>=2,"صعودی",IF($N30<=-6,"نزولی قوی",IF($N30<=-2,"نزولی","خنثی"))))) | I30: =IF($A30="","",IFERROR(Calculations!$U$31,"")) | J30: =IF($A30="","",IF($O30>=6,"ورود قوی پول حقیقی",IF($O30>=2,"ورود پول حقیقی",IF($O30<=-6,"خروج قوی پول حقیقی",IF($O30<=-2,"خروج پول حقیقی","متعادل"))))) | K30: =IF($A30="","",IFERROR(Calculations!$AG$31,"")) | L30: =IF($A30="","",IFERROR(Calculations!$O$31,"")) | M30: =IF($A30="","",IFERROR(Calculations!$AA$31,"")) | N30: =IF($A30="","",IFERROR(Calculations!$AJ$31,0)) | O30: =IF($A30="","",IFERROR(Calculations!$AK$31,0)) | P30: =IF($A30="","",IFERROR(Calculations!$AL$31,0)) | Q30: =IF($A30="","",IFERROR(Calculations!$AM$31,0)) | R30: =IF($A30="","",IFERROR(Calculations!$AN$31,0)) | S30: =IF($A30="","",IFERROR(Calculations!$AO$31,0)) | T30: =IF($A30="","",IFERROR(Calculations!$AP$31,0)) | U30: =IF($A30="","",IF($T30>=TH_SBUY,"خرید قوی",IF($T30>=TH_BUY,"خرید",IF($T30<=TH_SSELL,"فروش قوی",IF($T30<=TH_SELL,"فروش","نگهداری"))))) | V30: =IF($A30="","",IFERROR(Calculations!$AQ$31,1)) | W30: =IF($A30="","","روند: "&$H30&" | ساختار: "&$I30&" | پول هوشمند: "&$J30&" | قدرت خریدار: "&IFERROR(TEXT($K30,"0.00"),"—")&"x"&" | میانگین‌ها: "&IFERROR(TEXT(Calculations!$N$31,"0"),"—")&"/4 ("&$L30&")"&" | حجم: "&IFERROR(TEXT($M30,"0.00"),"—")&"x"&" | بازار: "&$G30) | X30: =IF($A30="","",IFERROR(Calculations!$X$31,"")) | Y30: =IF($A30="","",IFERROR(($E30-$X30)/$E30,"")) | Z30: =IF($A30="","",IFERROR(Calculations!$AR$31,""))
A31: =IF(Calculations!$A$32="","",Calculations!$A$32) | B31: =IF($A31="","",IFERROR(INDEX(Watchlist!$B$1:$B$5000,MATCH($A31,Watchlist!$A$1:$A$5000,0)),"")) | C31: =IF($A31="","",IFERROR(INDEX(Watchlist!$F$1:$F$5000,MATCH($A31,Watchlist!$A$1:$A$5000,0)),"")) | D31: =IF($A31="","",IFERROR(INDEX(Watchlist!$E$1:$E$5000,MATCH($A31,Watchlist!$A$1:$A$5000,0)),"")) | E31: =IF($A31="","",IFERROR(Calculations!$D$32,"")) | F31: =IF($A31="","",IFERROR(Calculations!$F$32,"")) | G31: =IF($A31="","",MARKET_LABEL) | H31: =IF($A31="","",IF($N31>=6,"صعودی قوی",IF($N31>=2,"صعودی",IF($N31<=-6,"نزولی قوی",IF($N31<=-2,"نزولی","خنثی"))))) | I31: =IF($A31="","",IFERROR(Calculations!$U$32,"")) | J31: =IF($A31="","",IF($O31>=6,"ورود قوی پول حقیقی",IF($O31>=2,"ورود پول حقیقی",IF($O31<=-6,"خروج قوی پول حقیقی",IF($O31<=-2,"خروج پول حقیقی","متعادل"))))) | K31: =IF($A31="","",IFERROR(Calculations!$AG$32,"")) | L31: =IF($A31="","",IFERROR(Calculations!$O$32,"")) | M31: =IF($A31="","",IFERROR(Calculations!$AA$32,"")) | N31: =IF($A31="","",IFERROR(Calculations!$AJ$32,0)) | O31: =IF($A31="","",IFERROR(Calculations!$AK$32,0)) | P31: =IF($A31="","",IFERROR(Calculations!$AL$32,0)) | Q31: =IF($A31="","",IFERROR(Calculations!$AM$32,0)) | R31: =IF($A31="","",IFERROR(Calculations!$AN$32,0)) | S31: =IF($A31="","",IFERROR(Calculations!$AO$32,0)) | T31: =IF($A31="","",IFERROR(Calculations!$AP$32,0)) | U31: =IF($A31="","",IF($T31>=TH_SBUY,"خرید قوی",IF($T31>=TH_BUY,"خرید",IF($T31<=TH_SSELL,"فروش قوی",IF($T31<=TH_SELL,"فروش","نگهداری"))))) | V31: =IF($A31="","",IFERROR(Calculations!$AQ$32,1)) | W31: =IF($A31="","","روند: "&$H31&" | ساختار: "&$I31&" | پول هوشمند: "&$J31&" | قدرت خریدار: "&IFERROR(TEXT($K31,"0.00"),"—")&"x"&" | میانگین‌ها: "&IFERROR(TEXT(Calculations!$N$32,"0"),"—")&"/4 ("&$L31&")"&" | حجم: "&IFERROR(TEXT($M31,"0.00"),"—")&"x"&" | بازار: "&$G31) | X31: =IF($A31="","",IFERROR(Calculations!$X$32,"")) | Y31: =IF($A31="","",IFERROR(($E31-$X31)/$E31,"")) | Z31: =IF($A31="","",IFERROR(Calculations!$AR$32,""))
A32: =IF(Calculations!$A$33="","",Calculations!$A$33) | B32: =IF($A32="","",IFERROR(INDEX(Watchlist!$B$1:$B$5000,MATCH($A32,Watchlist!$A$1:$A$5000,0)),"")) | C32: =IF($A32="","",IFERROR(INDEX(Watchlist!$F$1:$F$5000,MATCH($A32,Watchlist!$A$1:$A$5000,0)),"")) | D32: =IF($A32="","",IFERROR(INDEX(Watchlist!$E$1:$E$5000,MATCH($A32,Watchlist!$A$1:$A$5000,0)),"")) | E32: =IF($A32="","",IFERROR(Calculations!$D$33,"")) | F32: =IF($A32="","",IFERROR(Calculations!$F$33,"")) | G32: =IF($A32="","",MARKET_LABEL) | H32: =IF($A32="","",IF($N32>=6,"صعودی قوی",IF($N32>=2,"صعودی",IF($N32<=-6,"نزولی قوی",IF($N32<=-2,"نزولی","خنثی"))))) | I32: =IF($A32="","",IFERROR(Calculations!$U$33,"")) | J32: =IF($A32="","",IF($O32>=6,"ورود قوی پول حقیقی",IF($O32>=2,"ورود پول حقیقی",IF($O32<=-6,"خروج قوی پول حقیقی",IF($O32<=-2,"خروج پول حقیقی","متعادل"))))) | K32: =IF($A32="","",IFERROR(Calculations!$AG$33,"")) | L32: =IF($A32="","",IFERROR(Calculations!$O$33,"")) | M32: =IF($A32="","",IFERROR(Calculations!$AA$33,"")) | N32: =IF($A32="","",IFERROR(Calculations!$AJ$33,0)) | O32: =IF($A32="","",IFERROR(Calculations!$AK$33,0)) | P32: =IF($A32="","",IFERROR(Calculations!$AL$33,0)) | Q32: =IF($A32="","",IFERROR(Calculations!$AM$33,0)) | R32: =IF($A32="","",IFERROR(Calculations!$AN$33,0)) | S32: =IF($A32="","",IFERROR(Calculations!$AO$33,0)) | T32: =IF($A32="","",IFERROR(Calculations!$AP$33,0)) | U32: =IF($A32="","",IF($T32>=TH_SBUY,"خرید قوی",IF($T32>=TH_BUY,"خرید",IF($T32<=TH_SSELL,"فروش قوی",IF($T32<=TH_SELL,"فروش","نگهداری"))))) | V32: =IF($A32="","",IFERROR(Calculations!$AQ$33,1)) | W32: =IF($A32="","","روند: "&$H32&" | ساختار: "&$I32&" | پول هوشمند: "&$J32&" | قدرت خریدار: "&IFERROR(TEXT($K32,"0.00"),"—")&"x"&" | میانگین‌ها: "&IFERROR(TEXT(Calculations!$N$33,"0"),"—")&"/4 ("&$L32&")"&" | حجم: "&IFERROR(TEXT($M32,"0.00"),"—")&"x"&" | بازار: "&$G32) | X32: =IF($A32="","",IFERROR(Calculations!$X$33,"")) | Y32: =IF($A32="","",IFERROR(($E32-$X32)/$E32,"")) | Z32: =IF($A32="","",IFERROR(Calculations!$AR$33,""))
A33: =IF(Calculations!$A$34="","",Calculations!$A$34) | B33: =IF($A33="","",IFERROR(INDEX(Watchlist!$B$1:$B$5000,MATCH($A33,Watchlist!$A$1:$A$5000,0)),"")) | C33: =IF($A33="","",IFERROR(INDEX(Watchlist!$F$1:$F$5000,MATCH($A33,Watchlist!$A$1:$A$5000,0)),"")) | D33: =IF($A33="","",IFERROR(INDEX(Watchlist!$E$1:$E$5000,MATCH($A33,Watchlist!$A$1:$A$5000,0)),"")) | E33: =IF($A33="","",IFERROR(Calculations!$D$34,"")) | F33: =IF($A33="","",IFERROR(Calculations!$F$34,"")) | G33: =IF($A33="","",MARKET_LABEL) | H33: =IF($A33="","",IF($N33>=6,"صعودی قوی",IF($N33>=2,"صعودی",IF($N33<=-6,"نزولی قوی",IF($N33<=-2,"نزولی","خنثی"))))) | I33: =IF($A33="","",IFERROR(Calculations!$U$34,"")) | J33: =IF($A33="","",IF($O33>=6,"ورود قوی پول حقیقی",IF($O33>=2,"ورود پول حقیقی",IF($O33<=-6,"خروج قوی پول حقیقی",IF($O33<=-2,"خروج پول حقیقی","متعادل"))))) | K33: =IF($A33="","",IFERROR(Calculations!$AG$34,"")) | L33: =IF($A33="","",IFERROR(Calculations!$O$34,"")) | M33: =IF($A33="","",IFERROR(Calculations!$AA$34,"")) | N33: =IF($A33="","",IFERROR(Calculations!$AJ$34,0)) | O33: =IF($A33="","",IFERROR(Calculations!$AK$34,0)) | P33: =IF($A33="","",IFERROR(Calculations!$AL$34,0)) | Q33: =IF($A33="","",IFERROR(Calculations!$AM$34,0)) | R33: =IF($A33="","",IFERROR(Calculations!$AN$34,0)) | S33: =IF($A33="","",IFERROR(Calculations!$AO$34,0)) | T33: =IF($A33="","",IFERROR(Calculations!$AP$34,0)) | U33: =IF($A33="","",IF($T33>=TH_SBUY,"خرید قوی",IF($T33>=TH_BUY,"خرید",IF($T33<=TH_SSELL,"فروش قوی",IF($T33<=TH_SELL,"فروش","نگهداری"))))) | V33: =IF($A33="","",IFERROR(Calculations!$AQ$34,1)) | W33: =IF($A33="","","روند: "&$H33&" | ساختار: "&$I33&" | پول هوشمند: "&$J33&" | قدرت خریدار: "&IFERROR(TEXT($K33,"0.00"),"—")&"x"&" | میانگین‌ها: "&IFERROR(TEXT(Calculations!$N$34,"0"),"—")&"/4 ("&$L33&")"&" | حجم: "&IFERROR(TEXT($M33,"0.00"),"—")&"x"&" | بازار: "&$G33) | X33: =IF($A33="","",IFERROR(Calculations!$X$34,"")) | Y33: =IF($A33="","",IFERROR(($E33-$X33)/$E33,"")) | Z33: =IF($A33="","",IFERROR(Calculations!$AR$34,""))
A34: =IF(Calculations!$A$35="","",Calculations!$A$35) | B34: =IF($A34="","",IFERROR(INDEX(Watchlist!$B$1:$B$5000,MATCH($A34,Watchlist!$A$1:$A$5000,0)),"")) | C34: =IF($A34="","",IFERROR(INDEX(Watchlist!$F$1:$F$5000,MATCH($A34,Watchlist!$A$1:$A$5000,0)),"")) | D34: =IF($A34="","",IFERROR(INDEX(Watchlist!$E$1:$E$5000,MATCH($A34,Watchlist!$A$1:$A$5000,0)),"")) | E34: =IF($A34="","",IFERROR(Calculations!$D$35,"")) | F34: =IF($A34="","",IFERROR(Calculations!$F$35,"")) | G34: =IF($A34="","",MARKET_LABEL) | H34: =IF($A34="","",IF($N34>=6,"صعودی قوی",IF($N34>=2,"صعودی",IF($N34<=-6,"نزولی قوی",IF($N34<=-2,"نزولی","خنثی"))))) | I34: =IF($A34="","",IFERROR(Calculations!$U$35,"")) | J34: =IF($A34="","",IF($O34>=6,"ورود قوی پول حقیقی",IF($O34>=2,"ورود پول حقیقی",IF($O34<=-6,"خروج قوی پول حقیقی",IF($O34<=-2,"خروج پول حقیقی","متعادل"))))) | K34: =IF($A34="","",IFERROR(Calculations!$AG$35,"")) | L34: =IF($A34="","",IFERROR(Calculations!$O$35,"")) | M34: =IF($A34="","",IFERROR(Calculations!$AA$35,"")) | N34: =IF($A34="","",IFERROR(Calculations!$AJ$35,0)) | O34: =IF($A34="","",IFERROR(Calculations!$AK$35,0)) | P34: =IF($A34="","",IFERROR(Calculations!$AL$35,0)) | Q34: =IF($A34="","",IFERROR(Calculations!$AM$35,0)) | R34: =IF($A34="","",IFERROR(Calculations!$AN$35,0)) | S34: =IF($A34="","",IFERROR(Calculations!$AO$35,0)) | T34: =IF($A34="","",IFERROR(Calculations!$AP$35,0)) | U34: =IF($A34="","",IF($T34>=TH_SBUY,"خرید قوی",IF($T34>=TH_BUY,"خرید",IF($T34<=TH_SSELL,"فروش قوی",IF($T34<=TH_SELL,"فروش","نگهداری"))))) | V34: =IF($A34="","",IFERROR(Calculations!$AQ$35,1)) | W34: =IF($A34="","","روند: "&$H34&" | ساختار: "&$I34&" | پول هوشمند: "&$J34&" | قدرت خریدار: "&IFERROR(TEXT($K34,"0.00"),"—")&"x"&" | میانگین‌ها: "&IFERROR(TEXT(Calculations!$N$35,"0"),"—")&"/4 ("&$L34&")"&" | حجم: "&IFERROR(TEXT($M34,"0.00"),"—")&"x"&" | بازار: "&$G34) | X34: =IF($A34="","",IFERROR(Calculations!$X$35,"")) | Y34: =IF($A34="","",IFERROR(($E34-$X34)/$E34,"")) | Z34: =IF($A34="","",IFERROR(Calculations!$AR$35,""))
A35: =IF(Calculations!$A$36="","",Calculations!$A$36) | B35: =IF($A35="","",IFERROR(INDEX(Watchlist!$B$1:$B$5000,MATCH($A35,Watchlist!$A$1:$A$5000,0)),"")) | C35: =IF($A35="","",IFERROR(INDEX(Watchlist!$F$1:$F$5000,MATCH($A35,Watchlist!$A$1:$A$5000,0)),"")) | D35: =IF($A35="","",IFERROR(INDEX(Watchlist!$E$1:$E$5000,MATCH($A35,Watchlist!$A$1:$A$5000,0)),"")) | E35: =IF($A35="","",IFERROR(Calculations!$D$36,"")) | F35: =IF($A35="","",IFERROR(Calculations!$F$36,"")) | G35: =IF($A35="","",MARKET_LABEL) | H35: =IF($A35="","",IF($N35>=6,"صعودی قوی",IF($N35>=2,"صعودی",IF($N35<=-6,"نزولی قوی",IF($N35<=-2,"نزولی","خنثی"))))) | I35: =IF($A35="","",IFERROR(Calculations!$U$36,"")) | J35: =IF($A35="","",IF($O35>=6,"ورود قوی پول حقیقی",IF($O35>=2,"ورود پول حقیقی",IF($O35<=-6,"خروج قوی پول حقیقی",IF($O35<=-2,"خروج پول حقیقی","متعادل"))))) | K35: =IF($A35="","",IFERROR(Calculations!$AG$36,"")) | L35: =IF($A35="","",IFERROR(Calculations!$O$36,"")) | M35: =IF($A35="","",IFERROR(Calculations!$AA$36,"")) | N35: =IF($A35="","",IFERROR(Calculations!$AJ$36,0)) | O35: =IF($A35="","",IFERROR(Calculations!$AK$36,0)) | P35: =IF($A35="","",IFERROR(Calculations!$AL$36,0)) | Q35: =IF($A35="","",IFERROR(Calculations!$AM$36,0)) | R35: =IF($A35="","",IFERROR(Calculations!$AN$36,0)) | S35: =IF($A35="","",IFERROR(Calculations!$AO$36,0)) | T35: =IF($A35="","",IFERROR(Calculations!$AP$36,0)) | U35: =IF($A35="","",IF($T35>=TH_SBUY,"خرید قوی",IF($T35>=TH_BUY,"خرید",IF($T35<=TH_SSELL,"فروش قوی",IF($T35<=TH_SELL,"فروش","نگهداری"))))) | V35: =IF($A35="","",IFERROR(Calculations!$AQ$36,1)) | W35: =IF($A35="","","روند: "&$H35&" | ساختار: "&$I35&" | پول هوشمند: "&$J35&" | قدرت خریدار: "&IFERROR(TEXT($K35,"0.00"),"—")&"x"&" | میانگین‌ها: "&IFERROR(TEXT(Calculations!$N$36,"0"),"—")&"/4 ("&$L35&")"&" | حجم: "&IFERROR(TEXT($M35,"0.00"),"—")&"x"&" | بازار: "&$G35) | X35: =IF($A35="","",IFERROR(Calculations!$X$36,"")) | Y35: =IF($A35="","",IFERROR(($E35-$X35)/$E35,"")) | Z35: =IF($A35="","",IFERROR(Calculations!$AR$36,""))
A36: =IF(Calculations!$A$37="","",Calculations!$A$37) | B36: =IF($A36="","",IFERROR(INDEX(Watchlist!$B$1:$B$5000,MATCH($A36,Watchlist!$A$1:$A$5000,0)),"")) | C36: =IF($A36="","",IFERROR(INDEX(Watchlist!$F$1:$F$5000,MATCH($A36,Watchlist!$A$1:$A$5000,0)),"")) | D36: =IF($A36="","",IFERROR(INDEX(Watchlist!$E$1:$E$5000,MATCH($A36,Watchlist!$A$1:$A$5000,0)),"")) | E36: =IF($A36="","",IFERROR(Calculations!$D$37,"")) | F36: =IF($A36="","",IFERROR(Calculations!$F$37,"")) | G36: =IF($A36="","",MARKET_LABEL) | H36: =IF($A36="","",IF($N36>=6,"صعودی قوی",IF($N36>=2,"صعودی",IF($N36<=-6,"نزولی قوی",IF($N36<=-2,"نزولی","خنثی"))))) | I36: =IF($A36="","",IFERROR(Calculations!$U$37,"")) | J36: =IF($A36="","",IF($O36>=6,"ورود قوی پول حقیقی",IF($O36>=2,"ورود پول حقیقی",IF($O36<=-6,"خروج قوی پول حقیقی",IF($O36<=-2,"خروج پول حقیقی","متعادل"))))) | K36: =IF($A36="","",IFERROR(Calculations!$AG$37,"")) | L36: =IF($A36="","",IFERROR(Calculations!$O$37,"")) | M36: =IF($A36="","",IFERROR(Calculations!$AA$37,"")) | N36: =IF($A36="","",IFERROR(Calculations!$AJ$37,0)) | O36: =IF($A36="","",IFERROR(Calculations!$AK$37,0)) | P36: =IF($A36="","",IFERROR(Calculations!$AL$37,0)) | Q36: =IF($A36="","",IFERROR(Calculations!$AM$37,0)) | R36: =IF($A36="","",IFERROR(Calculations!$AN$37,0)) | S36: =IF($A36="","",IFERROR(Calculations!$AO$37,0)) | T36: =IF($A36="","",IFERROR(Calculations!$AP$37,0)) | U36: =IF($A36="","",IF($T36>=TH_SBUY,"خرید قوی",IF($T36>=TH_BUY,"خرید",IF($T36<=TH_SSELL,"فروش قوی",IF($T36<=TH_SELL,"فروش","نگهداری"))))) | V36: =IF($A36="","",IFERROR(Calculations!$AQ$37,1)) | W36: =IF($A36="","","روند: "&$H36&" | ساختار: "&$I36&" | پول هوشمند: "&$J36&" | قدرت خریدار: "&IFERROR(TEXT($K36,"0.00"),"—")&"x"&" | میانگین‌ها: "&IFERROR(TEXT(Calculations!$N$37,"0"),"—")&"/4 ("&$L36&")"&" | حجم: "&IFERROR(TEXT($M36,"0.00"),"—")&"x"&" | بازار: "&$G36) | X36: =IF($A36="","",IFERROR(Calculations!$X$37,"")) | Y36: =IF($A36="","",IFERROR(($E36-$X36)/$E36,"")) | Z36: =IF($A36="","",IFERROR(Calculations!$AR$37,""))
A37: =IF(Calculations!$A$38="","",Calculations!$A$38) | B37: =IF($A37="","",IFERROR(INDEX(Watchlist!$B$1:$B$5000,MATCH($A37,Watchlist!$A$1:$A$5000,0)),"")) | C37: =IF($A37="","",IFERROR(INDEX(Watchlist!$F$1:$F$5000,MATCH($A37,Watchlist!$A$1:$A$5000,0)),"")) | D37: =IF($A37="","",IFERROR(INDEX(Watchlist!$E$1:$E$5000,MATCH($A37,Watchlist!$A$1:$A$5000,0)),"")) | E37: =IF($A37="","",IFERROR(Calculations!$D$38,"")) | F37: =IF($A37="","",IFERROR(Calculations!$F$38,"")) | G37: =IF($A37="","",MARKET_LABEL) | H37: =IF($A37="","",IF($N37>=6,"صعودی قوی",IF($N37>=2,"صعودی",IF($N37<=-6,"نزولی قوی",IF($N37<=-2,"نزولی","خنثی"))))) | I37: =IF($A37="","",IFERROR(Calculations!$U$38,"")) | J37: =IF($A37="","",IF($O37>=6,"ورود قوی پول حقیقی",IF($O37>=2,"ورود پول حقیقی",IF($O37<=-6,"خروج قوی پول حقیقی",IF($O37<=-2,"خروج پول حقیقی","متعادل"))))) | K37: =IF($A37="","",IFERROR(Calculations!$AG$38,"")) | L37: =IF($A37="","",IFERROR(Calculations!$O$38,"")) | M37: =IF($A37="","",IFERROR(Calculations!$AA$38,"")) | N37: =IF($A37="","",IFERROR(Calculations!$AJ$38,0)) | O37: =IF($A37="","",IFERROR(Calculations!$AK$38,0)) | P37: =IF($A37="","",IFERROR(Calculations!$AL$38,0)) | Q37: =IF($A37="","",IFERROR(Calculations!$AM$38,0)) | R37: =IF($A37="","",IFERROR(Calculations!$AN$38,0)) | S37: =IF($A37="","",IFERROR(Calculations!$AO$38,0)) | T37: =IF($A37="","",IFERROR(Calculations!$AP$38,0)) | U37: =IF($A37="","",IF($T37>=TH_SBUY,"خرید قوی",IF($T37>=TH_BUY,"خرید",IF($T37<=TH_SSELL,"فروش قوی",IF($T37<=TH_SELL,"فروش","نگهداری"))))) | V37: =IF($A37="","",IFERROR(Calculations!$AQ$38,1)) | W37: =IF($A37="","","روند: "&$H37&" | ساختار: "&$I37&" | پول هوشمند: "&$J37&" | قدرت خریدار: "&IFERROR(TEXT($K37,"0.00"),"—")&"x"&" | میانگین‌ها: "&IFERROR(TEXT(Calculations!$N$38,"0"),"—")&"/4 ("&$L37&")"&" | حجم: "&IFERROR(TEXT($M37,"0.00"),"—")&"x"&" | بازار: "&$G37) | X37: =IF($A37="","",IFERROR(Calculations!$X$38,"")) | Y37: =IF($A37="","",IFERROR(($E37-$X37)/$E37,"")) | Z37: =IF($A37="","",IFERROR(Calculations!$AR$38,""))
A38: =IF(Calculations!$A$39="","",Calculations!$A$39) | B38: =IF($A38="","",IFERROR(INDEX(Watchlist!$B$1:$B$5000,MATCH($A38,Watchlist!$A$1:$A$5000,0)),"")) | C38: =IF($A38="","",IFERROR(INDEX(Watchlist!$F$1:$F$5000,MATCH($A38,Watchlist!$A$1:$A$5000,0)),"")) | D38: =IF($A38="","",IFERROR(INDEX(Watchlist!$E$1:$E$5000,MATCH($A38,Watchlist!$A$1:$A$5000,0)),"")) | E38: =IF($A38="","",IFERROR(Calculations!$D$39,"")) | F38: =IF($A38="","",IFERROR(Calculations!$F$39,"")) | G38: =IF($A38="","",MARKET_LABEL) | H38: =IF($A38="","",IF($N38>=6,"صعودی قوی",IF($N38>=2,"صعودی",IF($N38<=-6,"نزولی قوی",IF($N38<=-2,"نزولی","خنثی"))))) | I38: =IF($A38="","",IFERROR(Calculations!$U$39,"")) | J38: =IF($A38="","",IF($O38>=6,"ورود قوی پول حقیقی",IF($O38>=2,"ورود پول حقیقی",IF($O38<=-6,"خروج قوی پول حقیقی",IF($O38<=-2,"خروج پول حقیقی","متعادل"))))) | K38: =IF($A38="","",IFERROR(Calculations!$AG$39,"")) | L38: =IF($A38="","",IFERROR(Calculations!$O$39,"")) | M38: =IF($A38="","",IFERROR(Calculations!$AA$39,"")) | N38: =IF($A38="","",IFERROR(Calculations!$AJ$39,0)) | O38: =IF($A38="","",IFERROR(Calculations!$AK$39,0)) | P38: =IF($A38="","",IFERROR(Calculations!$AL$39,0)) | Q38: =IF($A38="","",IFERROR(Calculations!$AM$39,0)) | R38: =IF($A38="","",IFERROR(Calculations!$AN$39,0)) | S38: =IF($A38="","",IFERROR(Calculations!$AO$39,0)) | T38: =IF($A38="","",IFERROR(Calculations!$AP$39,0)) | U38: =IF($A38="","",IF($T38>=TH_SBUY,"خرید قوی",IF($T38>=TH_BUY,"خرید",IF($T38<=TH_SSELL,"فروش قوی",IF($T38<=TH_SELL,"فروش","نگهداری"))))) | V38: =IF($A38="","",IFERROR(Calculations!$AQ$39,1)) | W38: =IF($A38="","","روند: "&$H38&" | ساختار: "&$I38&" | پول هوشمند: "&$J38&" | قدرت خریدار: "&IFERROR(TEXT($K38,"0.00"),"—")&"x"&" | میانگین‌ها: "&IFERROR(TEXT(Calculations!$N$39,"0"),"—")&"/4 ("&$L38&")"&" | حجم: "&IFERROR(TEXT($M38,"0.00"),"—")&"x"&" | بازار: "&$G38) | X38: =IF($A38="","",IFERROR(Calculations!$X$39,"")) | Y38: =IF($A38="","",IFERROR(($E38-$X38)/$E38,"")) | Z38: =IF($A38="","",IFERROR(Calculations!$AR$39,""))
A39: =IF(Calculations!$A$40="","",Calculations!$A$40) | B39: =IF($A39="","",IFERROR(INDEX(Watchlist!$B$1:$B$5000,MATCH($A39,Watchlist!$A$1:$A$5000,0)),"")) | C39: =IF($A39="","",IFERROR(INDEX(Watchlist!$F$1:$F$5000,MATCH($A39,Watchlist!$A$1:$A$5000,0)),"")) | D39: =IF($A39="","",IFERROR(INDEX(Watchlist!$E$1:$E$5000,MATCH($A39,Watchlist!$A$1:$A$5000,0)),"")) | E39: =IF($A39="","",IFERROR(Calculations!$D$40,"")) | F39: =IF($A39="","",IFERROR(Calculations!$F$40,"")) | G39: =IF($A39="","",MARKET_LABEL) | H39: =IF($A39="","",IF($N39>=6,"صعودی قوی",IF($N39>=2,"صعودی",IF($N39<=-6,"نزولی قوی",IF($N39<=-2,"نزولی","خنثی"))))) | I39: =IF($A39="","",IFERROR(Calculations!$U$40,"")) | J39: =IF($A39="","",IF($O39>=6,"ورود قوی پول حقیقی",IF($O39>=2,"ورود پول حقیقی",IF($O39<=-6,"خروج قوی پول حقیقی",IF($O39<=-2,"خروج پول حقیقی","متعادل"))))) | K39: =IF($A39="","",IFERROR(Calculations!$AG$40,"")) | L39: =IF($A39="","",IFERROR(Calculations!$O$40,"")) | M39: =IF($A39="","",IFERROR(Calculations!$AA$40,"")) | N39: =IF($A39="","",IFERROR(Calculations!$AJ$40,0)) | O39: =IF($A39="","",IFERROR(Calculations!$AK$40,0)) | P39: =IF($A39="","",IFERROR(Calculations!$AL$40,0)) | Q39: =IF($A39="","",IFERROR(Calculations!$AM$40,0)) | R39: =IF($A39="","",IFERROR(Calculations!$AN$40,0)) | S39: =IF($A39="","",IFERROR(Calculations!$AO$40,0)) | T39: =IF($A39="","",IFERROR(Calculations!$AP$40,0)) | U39: =IF($A39="","",IF($T39>=TH_SBUY,"خرید قوی",IF($T39>=TH_BUY,"خرید",IF($T39<=TH_SSELL,"فروش قوی",IF($T39<=TH_SELL,"فروش","نگهداری"))))) | V39: =IF($A39="","",IFERROR(Calculations!$AQ$40,1)) | W39: =IF($A39="","","روند: "&$H39&" | ساختار: "&$I39&" | پول هوشمند: "&$J39&" | قدرت خریدار: "&IFERROR(TEXT($K39,"0.00"),"—")&"x"&" | میانگین‌ها: "&IFERROR(TEXT(Calculations!$N$40,"0"),"—")&"/4 ("&$L39&")"&" | حجم: "&IFERROR(TEXT($M39,"0.00"),"—")&"x"&" | بازار: "&$G39) | X39: =IF($A39="","",IFERROR(Calculations!$X$40,"")) | Y39: =IF($A39="","",IFERROR(($E39-$X39)/$E39,"")) | Z39: =IF($A39="","",IFERROR(Calculations!$AR$40,""))
A40: =IF(Calculations!$A$41="","",Calculations!$A$41) | B40: =IF($A40="","",IFERROR(INDEX(Watchlist!$B$1:$B$5000,MATCH($A40,Watchlist!$A$1:$A$5000,0)),"")) | C40: =IF($A40="","",IFERROR(INDEX(Watchlist!$F$1:$F$5000,MATCH($A40,Watchlist!$A$1:$A$5000,0)),"")) | D40: =IF($A40="","",IFERROR(INDEX(Watchlist!$E$1:$E$5000,MATCH($A40,Watchlist!$A$1:$A$5000,0)),"")) | E40: =IF($A40="","",IFERROR(Calculations!$D$41,"")) | F40: =IF($A40="","",IFERROR(Calculations!$F$41,"")) | G40: =IF($A40="","",MARKET_LABEL) | H40: =IF($A40="","",IF($N40>=6,"صعودی قوی",IF($N40>=2,"صعودی",IF($N40<=-6,"نزولی قوی",IF($N40<=-2,"نزولی","خنثی"))))) | I40: =IF($A40="","",IFERROR(Calculations!$U$41,"")) | J40: =IF($A40="","",IF($O40>=6,"ورود قوی پول حقیقی",IF($O40>=2,"ورود پول حقیقی",IF($O40<=-6,"خروج قوی پول حقیقی",IF($O40<=-2,"خروج پول حقیقی","متعادل"))))) | K40: =IF($A40="","",IFERROR(Calculations!$AG$41,"")) | L40: =IF($A40="","",IFERROR(Calculations!$O$41,"")) | M40: =IF($A40="","",IFERROR(Calculations!$AA$41,"")) | N40: =IF($A40="","",IFERROR(Calculations!$AJ$41,0)) | O40: =IF($A40="","",IFERROR(Calculations!$AK$41,0)) | P40: =IF($A40="","",IFERROR(Calculations!$AL$41,0)) | Q40: =IF($A40="","",IFERROR(Calculations!$AM$41,0)) | R40: =IF($A40="","",IFERROR(Calculations!$AN$41,0)) | S40: =IF($A40="","",IFERROR(Calculations!$AO$41,0)) | T40: =IF($A40="","",IFERROR(Calculations!$AP$41,0)) | U40: =IF($A40="","",IF($T40>=TH_SBUY,"خرید قوی",IF($T40>=TH_BUY,"خرید",IF($T40<=TH_SSELL,"فروش قوی",IF($T40<=TH_SELL,"فروش","نگهداری"))))) | V40: =IF($A40="","",IFERROR(Calculations!$AQ$41,1)) | W40: =IF($A40="","","روند: "&$H40&" | ساختار: "&$I40&" | پول هوشمند: "&$J40&" | قدرت خریدار: "&IFERROR(TEXT($K40,"0.00"),"—")&"x"&" | میانگین‌ها: "&IFERROR(TEXT(Calculations!$N$41,"0"),"—")&"/4 ("&$L40&")"&" | حجم: "&IFERROR(TEXT($M40,"0.00"),"—")&"x"&" | بازار: "&$G40) | X40: =IF($A40="","",IFERROR(Calculations!$X$41,"")) | Y40: =IF($A40="","",IFERROR(($E40-$X40)/$E40,"")) | Z40: =IF($A40="","",IFERROR(Calculations!$AR$41,""))
A41: =IF(Calculations!$A$42="","",Calculations!$A$42) | B41: =IF($A41="","",IFERROR(INDEX(Watchlist!$B$1:$B$5000,MATCH($A41,Watchlist!$A$1:$A$5000,0)),"")) | C41: =IF($A41="","",IFERROR(INDEX(Watchlist!$F$1:$F$5000,MATCH($A41,Watchlist!$A$1:$A$5000,0)),"")) | D41: =IF($A41="","",IFERROR(INDEX(Watchlist!$E$1:$E$5000,MATCH($A41,Watchlist!$A$1:$A$5000,0)),"")) | E41: =IF($A41="","",IFERROR(Calculations!$D$42,"")) | F41: =IF($A41="","",IFERROR(Calculations!$F$42,"")) | G41: =IF($A41="","",MARKET_LABEL) | H41: =IF($A41="","",IF($N41>=6,"صعودی قوی",IF($N41>=2,"صعودی",IF($N41<=-6,"نزولی قوی",IF($N41<=-2,"نزولی","خنثی"))))) | I41: =IF($A41="","",IFERROR(Calculations!$U$42,"")) | J41: =IF($A41="","",IF($O41>=6,"ورود قوی پول حقیقی",IF($O41>=2,"ورود پول حقیقی",IF($O41<=-6,"خروج قوی پول حقیقی",IF($O41<=-2,"خروج پول حقیقی","متعادل"))))) | K41: =IF($A41="","",IFERROR(Calculations!$AG$42,"")) | L41: =IF($A41="","",IFERROR(Calculations!$O$42,"")) | M41: =IF($A41="","",IFERROR(Calculations!$AA$42,"")) | N41: =IF($A41="","",IFERROR(Calculations!$AJ$42,0)) | O41: =IF($A41="","",IFERROR(Calculations!$AK$42,0)) | P41: =IF($A41="","",IFERROR(Calculations!$AL$42,0)) | Q41: =IF($A41="","",IFERROR(Calculations!$AM$42,0)) | R41: =IF($A41="","",IFERROR(Calculations!$AN$42,0)) | S41: =IF($A41="","",IFERROR(Calculations!$AO$42,0)) | T41: =IF($A41="","",IFERROR(Calculations!$AP$42,0)) | U41: =IF($A41="","",IF($T41>=TH_SBUY,"خرید قوی",IF($T41>=TH_BUY,"خرید",IF($T41<=TH_SSELL,"فروش قوی",IF($T41<=TH_SELL,"فروش","نگهداری"))))) | V41: =IF($A41="","",IFERROR(Calculations!$AQ$42,1)) | W41: =IF($A41="","","روند: "&$H41&" | ساختار: "&$I41&" | پول هوشمند: "&$J41&" | قدرت خریدار: "&IFERROR(TEXT($K41,"0.00"),"—")&"x"&" | میانگین‌ها: "&IFERROR(TEXT(Calculations!$N$42,"0"),"—")&"/4 ("&$L41&")"&" | حجم: "&IFERROR(TEXT($M41,"0.00"),"—")&"x"&" | بازار: "&$G41) | X41: =IF($A41="","",IFERROR(Calculations!$X$42,"")) | Y41: =IF($A41="","",IFERROR(($E41-$X41)/$E41,"")) | Z41: =IF($A41="","",IFERROR(Calculations!$AR$42,""))
A42: =IF(Calculations!$A$43="","",Calculations!$A$43) | B42: =IF($A42="","",IFERROR(INDEX(Watchlist!$B$1:$B$5000,MATCH($A42,Watchlist!$A$1:$A$5000,0)),"")) | C42: =IF($A42="","",IFERROR(INDEX(Watchlist!$F$1:$F$5000,MATCH($A42,Watchlist!$A$1:$A$5000,0)),"")) | D42: =IF($A42="","",IFERROR(INDEX(Watchlist!$E$1:$E$5000,MATCH($A42,Watchlist!$A$1:$A$5000,0)),"")) | E42: =IF($A42="","",IFERROR(Calculations!$D$43,"")) | F42: =IF($A42="","",IFERROR(Calculations!$F$43,"")) | G42: =IF($A42="","",MARKET_LABEL) | H42: =IF($A42="","",IF($N42>=6,"صعودی قوی",IF($N42>=2,"صعودی",IF($N42<=-6,"نزولی قوی",IF($N42<=-2,"نزولی","خنثی"))))) | I42: =IF($A42="","",IFERROR(Calculations!$U$43,"")) | J42: =IF($A42="","",IF($O42>=6,"ورود قوی پول حقیقی",IF($O42>=2,"ورود پول حقیقی",IF($O42<=-6,"خروج قوی پول حقیقی",IF($O42<=-2,"خروج پول حقیقی","متعادل"))))) | K42: =IF($A42="","",IFERROR(Calculations!$AG$43,"")) | L42: =IF($A42="","",IFERROR(Calculations!$O$43,"")) | M42: =IF($A42="","",IFERROR(Calculations!$AA$43,"")) | N42: =IF($A42="","",IFERROR(Calculations!$AJ$43,0)) | O42: =IF($A42="","",IFERROR(Calculations!$AK$43,0)) | P42: =IF($A42="","",IFERROR(Calculations!$AL$43,0)) | Q42: =IF($A42="","",IFERROR(Calculations!$AM$43,0)) | R42: =IF($A42="","",IFERROR(Calculations!$AN$43,0)) | S42: =IF($A42="","",IFERROR(Calculations!$AO$43,0)) | T42: =IF($A42="","",IFERROR(Calculations!$AP$43,0)) | U42: =IF($A42="","",IF($T42>=TH_SBUY,"خرید قوی",IF($T42>=TH_BUY,"خرید",IF($T42<=TH_SSELL,"فروش قوی",IF($T42<=TH_SELL,"فروش","نگهداری"))))) | V42: =IF($A42="","",IFERROR(Calculations!$AQ$43,1)) | W42: =IF($A42="","","روند: "&$H42&" | ساختار: "&$I42&" | پول هوشمند: "&$J42&" | قدرت خریدار: "&IFERROR(TEXT($K42,"0.00"),"—")&"x"&" | میانگین‌ها: "&IFERROR(TEXT(Calculations!$N$43,"0"),"—")&"/4 ("&$L42&")"&" | حجم: "&IFERROR(TEXT($M42,"0.00"),"—")&"x"&" | بازار: "&$G42) | X42: =IF($A42="","",IFERROR(Calculations!$X$43,"")) | Y42: =IF($A42="","",IFERROR(($E42-$X42)/$E42,"")) | Z42: =IF($A42="","",IFERROR(Calculations!$AR$43,""))
A43: =IF(Calculations!$A$44="","",Calculations!$A$44) | B43: =IF($A43="","",IFERROR(INDEX(Watchlist!$B$1:$B$5000,MATCH($A43,Watchlist!$A$1:$A$5000,0)),"")) | C43: =IF($A43="","",IFERROR(INDEX(Watchlist!$F$1:$F$5000,MATCH($A43,Watchlist!$A$1:$A$5000,0)),"")) | D43: =IF($A43="","",IFERROR(INDEX(Watchlist!$E$1:$E$5000,MATCH($A43,Watchlist!$A$1:$A$5000,0)),"")) | E43: =IF($A43="","",IFERROR(Calculations!$D$44,"")) | F43: =IF($A43="","",IFERROR(Calculations!$F$44,"")) | G43: =IF($A43="","",MARKET_LABEL) | H43: =IF($A43="","",IF($N43>=6,"صعودی قوی",IF($N43>=2,"صعودی",IF($N43<=-6,"نزولی قوی",IF($N43<=-2,"نزولی","خنثی"))))) | I43: =IF($A43="","",IFERROR(Calculations!$U$44,"")) | J43: =IF($A43="","",IF($O43>=6,"ورود قوی پول حقیقی",IF($O43>=2,"ورود پول حقیقی",IF($O43<=-6,"خروج قوی پول حقیقی",IF($O43<=-2,"خروج پول حقیقی","متعادل"))))) | K43: =IF($A43="","",IFERROR(Calculations!$AG$44,"")) | L43: =IF($A43="","",IFERROR(Calculations!$O$44,"")) | M43: =IF($A43="","",IFERROR(Calculations!$AA$44,"")) | N43: =IF($A43="","",IFERROR(Calculations!$AJ$44,0)) | O43: =IF($A43="","",IFERROR(Calculations!$AK$44,0)) | P43: =IF($A43="","",IFERROR(Calculations!$AL$44,0)) | Q43: =IF($A43="","",IFERROR(Calculations!$AM$44,0)) | R43: =IF($A43="","",IFERROR(Calculations!$AN$44,0)) | S43: =IF($A43="","",IFERROR(Calculations!$AO$44,0)) | T43: =IF($A43="","",IFERROR(Calculations!$AP$44,0)) | U43: =IF($A43="","",IF($T43>=TH_SBUY,"خرید قوی",IF($T43>=TH_BUY,"خرید",IF($T43<=TH_SSELL,"فروش قوی",IF($T43<=TH_SELL,"فروش","نگهداری"))))) | V43: =IF($A43="","",IFERROR(Calculations!$AQ$44,1)) | W43: =IF($A43="","","روند: "&$H43&" | ساختار: "&$I43&" | پول هوشمند: "&$J43&" | قدرت خریدار: "&IFERROR(TEXT($K43,"0.00"),"—")&"x"&" | میانگین‌ها: "&IFERROR(TEXT(Calculations!$N$44,"0"),"—")&"/4 ("&$L43&")"&" | حجم: "&IFERROR(TEXT($M43,"0.00"),"—")&"x"&" | بازار: "&$G43) | X43: =IF($A43="","",IFERROR(Calculations!$X$44,"")) | Y43: =IF($A43="","",IFERROR(($E43-$X43)/$E43,"")) | Z43: =IF($A43="","",IFERROR(Calculations!$AR$44,""))
A44: =IF(Calculations!$A$45="","",Calculations!$A$45) | B44: =IF($A44="","",IFERROR(INDEX(Watchlist!$B$1:$B$5000,MATCH($A44,Watchlist!$A$1:$A$5000,0)),"")) | C44: =IF($A44="","",IFERROR(INDEX(Watchlist!$F$1:$F$5000,MATCH($A44,Watchlist!$A$1:$A$5000,0)),"")) | D44: =IF($A44="","",IFERROR(INDEX(Watchlist!$E$1:$E$5000,MATCH($A44,Watchlist!$A$1:$A$5000,0)),"")) | E44: =IF($A44="","",IFERROR(Calculations!$D$45,"")) | F44: =IF($A44="","",IFERROR(Calculations!$F$45,"")) | G44: =IF($A44="","",MARKET_LABEL) | H44: =IF($A44="","",IF($N44>=6,"صعودی قوی",IF($N44>=2,"صعودی",IF($N44<=-6,"نزولی قوی",IF($N44<=-2,"نزولی","خنثی"))))) | I44: =IF($A44="","",IFERROR(Calculations!$U$45,"")) | J44: =IF($A44="","",IF($O44>=6,"ورود قوی پول حقیقی",IF($O44>=2,"ورود پول حقیقی",IF($O44<=-6,"خروج قوی پول حقیقی",IF($O44<=-2,"خروج پول حقیقی","متعادل"))))) | K44: =IF($A44="","",IFERROR(Calculations!$AG$45,"")) | L44: =IF($A44="","",IFERROR(Calculations!$O$45,"")) | M44: =IF($A44="","",IFERROR(Calculations!$AA$45,"")) | N44: =IF($A44="","",IFERROR(Calculations!$AJ$45,0)) | O44: =IF($A44="","",IFERROR(Calculations!$AK$45,0)) | P44: =IF($A44="","",IFERROR(Calculations!$AL$45,0)) | Q44: =IF($A44="","",IFERROR(Calculations!$AM$45,0)) | R44: =IF($A44="","",IFERROR(Calculations!$AN$45,0)) | S44: =IF($A44="","",IFERROR(Calculations!$AO$45,0)) | T44: =IF($A44="","",IFERROR(Calculations!$AP$45,0)) | U44: =IF($A44="","",IF($T44>=TH_SBUY,"خرید قوی",IF($T44>=TH_BUY,"خرید",IF($T44<=TH_SSELL,"فروش قوی",IF($T44<=TH_SELL,"فروش","نگهداری"))))) | V44: =IF($A44="","",IFERROR(Calculations!$AQ$45,1)) | W44: =IF($A44="","","روند: "&$H44&" | ساختار: "&$I44&" | پول هوشمند: "&$J44&" | قدرت خریدار: "&IFERROR(TEXT($K44,"0.00"),"—")&"x"&" | میانگین‌ها: "&IFERROR(TEXT(Calculations!$N$45,"0"),"—")&"/4 ("&$L44&")"&" | حجم: "&IFERROR(TEXT($M44,"0.00"),"—")&"x"&" | بازار: "&$G44) | X44: =IF($A44="","",IFERROR(Calculations!$X$45,"")) | Y44: =IF($A44="","",IFERROR(($E44-$X44)/$E44,"")) | Z44: =IF($A44="","",IFERROR(Calculations!$AR$45,""))
A45: =IF(Calculations!$A$46="","",Calculations!$A$46) | B45: =IF($A45="","",IFERROR(INDEX(Watchlist!$B$1:$B$5000,MATCH($A45,Watchlist!$A$1:$A$5000,0)),"")) | C45: =IF($A45="","",IFERROR(INDEX(Watchlist!$F$1:$F$5000,MATCH($A45,Watchlist!$A$1:$A$5000,0)),"")) | D45: =IF($A45="","",IFERROR(INDEX(Watchlist!$E$1:$E$5000,MATCH($A45,Watchlist!$A$1:$A$5000,0)),"")) | E45: =IF($A45="","",IFERROR(Calculations!$D$46,"")) | F45: =IF($A45="","",IFERROR(Calculations!$F$46,"")) | G45: =IF($A45="","",MARKET_LABEL) | H45: =IF($A45="","",IF($N45>=6,"صعودی قوی",IF($N45>=2,"صعودی",IF($N45<=-6,"نزولی قوی",IF($N45<=-2,"نزولی","خنثی"))))) | I45: =IF($A45="","",IFERROR(Calculations!$U$46,"")) | J45: =IF($A45="","",IF($O45>=6,"ورود قوی پول حقیقی",IF($O45>=2,"ورود پول حقیقی",IF($O45<=-6,"خروج قوی پول حقیقی",IF($O45<=-2,"خروج پول حقیقی","متعادل"))))) | K45: =IF($A45="","",IFERROR(Calculations!$AG$46,"")) | L45: =IF($A45="","",IFERROR(Calculations!$O$46,"")) | M45: =IF($A45="","",IFERROR(Calculations!$AA$46,"")) | N45: =IF($A45="","",IFERROR(Calculations!$AJ$46,0)) | O45: =IF($A45="","",IFERROR(Calculations!$AK$46,0)) | P45: =IF($A45="","",IFERROR(Calculations!$AL$46,0)) | Q45: =IF($A45="","",IFERROR(Calculations!$AM$46,0)) | R45: =IF($A45="","",IFERROR(Calculations!$AN$46,0)) | S45: =IF($A45="","",IFERROR(Calculations!$AO$46,0)) | T45: =IF($A45="","",IFERROR(Calculations!$AP$46,0)) | U45: =IF($A45="","",IF($T45>=TH_SBUY,"خرید قوی",IF($T45>=TH_BUY,"خرید",IF($T45<=TH_SSELL,"فروش قوی",IF($T45<=TH_SELL,"فروش","نگهداری"))))) | V45: =IF($A45="","",IFERROR(Calculations!$AQ$46,1)) | W45: =IF($A45="","","روند: "&$H45&" | ساختار: "&$I45&" | پول هوشمند: "&$J45&" | قدرت خریدار: "&IFERROR(TEXT($K45,"0.00"),"—")&"x"&" | میانگین‌ها: "&IFERROR(TEXT(Calculations!$N$46,"0"),"—")&"/4 ("&$L45&")"&" | حجم: "&IFERROR(TEXT($M45,"0.00"),"—")&"x"&" | بازار: "&$G45) | X45: =IF($A45="","",IFERROR(Calculations!$X$46,"")) | Y45: =IF($A45="","",IFERROR(($E45-$X45)/$E45,"")) | Z45: =IF($A45="","",IFERROR(Calculations!$AR$46,""))
A46: =IF(Calculations!$A$47="","",Calculations!$A$47) | B46: =IF($A46="","",IFERROR(INDEX(Watchlist!$B$1:$B$5000,MATCH($A46,Watchlist!$A$1:$A$5000,0)),"")) | C46: =IF($A46="","",IFERROR(INDEX(Watchlist!$F$1:$F$5000,MATCH($A46,Watchlist!$A$1:$A$5000,0)),"")) | D46: =IF($A46="","",IFERROR(INDEX(Watchlist!$E$1:$E$5000,MATCH($A46,Watchlist!$A$1:$A$5000,0)),"")) | E46: =IF($A46="","",IFERROR(Calculations!$D$47,"")) | F46: =IF($A46="","",IFERROR(Calculations!$F$47,"")) | G46: =IF($A46="","",MARKET_LABEL) | H46: =IF($A46="","",IF($N46>=6,"صعودی قوی",IF($N46>=2,"صعودی",IF($N46<=-6,"نزولی قوی",IF($N46<=-2,"نزولی","خنثی"))))) | I46: =IF($A46="","",IFERROR(Calculations!$U$47,"")) | J46: =IF($A46="","",IF($O46>=6,"ورود قوی پول حقیقی",IF($O46>=2,"ورود پول حقیقی",IF($O46<=-6,"خروج قوی پول حقیقی",IF($O46<=-2,"خروج پول حقیقی","متعادل"))))) | K46: =IF($A46="","",IFERROR(Calculations!$AG$47,"")) | L46: =IF($A46="","",IFERROR(Calculations!$O$47,"")) | M46: =IF($A46="","",IFERROR(Calculations!$AA$47,"")) | N46: =IF($A46="","",IFERROR(Calculations!$AJ$47,0)) | O46: =IF($A46="","",IFERROR(Calculations!$AK$47,0)) | P46: =IF($A46="","",IFERROR(Calculations!$AL$47,0)) | Q46: =IF($A46="","",IFERROR(Calculations!$AM$47,0)) | R46: =IF($A46="","",IFERROR(Calculations!$AN$47,0)) | S46: =IF($A46="","",IFERROR(Calculations!$AO$47,0)) | T46: =IF($A46="","",IFERROR(Calculations!$AP$47,0)) | U46: =IF($A46="","",IF($T46>=TH_SBUY,"خرید قوی",IF($T46>=TH_BUY,"خرید",IF($T46<=TH_SSELL,"فروش قوی",IF($T46<=TH_SELL,"فروش","نگهداری"))))) | V46: =IF($A46="","",IFERROR(Calculations!$AQ$47,1)) | W46: =IF($A46="","","روند: "&$H46&" | ساختار: "&$I46&" | پول هوشمند: "&$J46&" | قدرت خریدار: "&IFERROR(TEXT($K46,"0.00"),"—")&"x"&" | میانگین‌ها: "&IFERROR(TEXT(Calculations!$N$47,"0"),"—")&"/4 ("&$L46&")"&" | حجم: "&IFERROR(TEXT($M46,"0.00"),"—")&"x"&" | بازار: "&$G46) | X46: =IF($A46="","",IFERROR(Calculations!$X$47,"")) | Y46: =IF($A46="","",IFERROR(($E46-$X46)/$E46,"")) | Z46: =IF($A46="","",IFERROR(Calculations!$AR$47,""))
A47: =IF(Calculations!$A$48="","",Calculations!$A$48) | B47: =IF($A47="","",IFERROR(INDEX(Watchlist!$B$1:$B$5000,MATCH($A47,Watchlist!$A$1:$A$5000,0)),"")) | C47: =IF($A47="","",IFERROR(INDEX(Watchlist!$F$1:$F$5000,MATCH($A47,Watchlist!$A$1:$A$5000,0)),"")) | D47: =IF($A47="","",IFERROR(INDEX(Watchlist!$E$1:$E$5000,MATCH($A47,Watchlist!$A$1:$A$5000,0)),"")) | E47: =IF($A47="","",IFERROR(Calculations!$D$48,"")) | F47: =IF($A47="","",IFERROR(Calculations!$F$48,"")) | G47: =IF($A47="","",MARKET_LABEL) | H47: =IF($A47="","",IF($N47>=6,"صعودی قوی",IF($N47>=2,"صعودی",IF($N47<=-6,"نزولی قوی",IF($N47<=-2,"نزولی","خنثی"))))) | I47: =IF($A47="","",IFERROR(Calculations!$U$48,"")) | J47: =IF($A47="","",IF($O47>=6,"ورود قوی پول حقیقی",IF($O47>=2,"ورود پول حقیقی",IF($O47<=-6,"خروج قوی پول حقیقی",IF($O47<=-2,"خروج پول حقیقی","متعادل"))))) | K47: =IF($A47="","",IFERROR(Calculations!$AG$48,"")) | L47: =IF($A47="","",IFERROR(Calculations!$O$48,"")) | M47: =IF($A47="","",IFERROR(Calculations!$AA$48,"")) | N47: =IF($A47="","",IFERROR(Calculations!$AJ$48,0)) | O47: =IF($A47="","",IFERROR(Calculations!$AK$48,0)) | P47: =IF($A47="","",IFERROR(Calculations!$AL$48,0)) | Q47: =IF($A47="","",IFERROR(Calculations!$AM$48,0)) | R47: =IF($A47="","",IFERROR(Calculations!$AN$48,0)) | S47: =IF($A47="","",IFERROR(Calculations!$AO$48,0)) | T47: =IF($A47="","",IFERROR(Calculations!$AP$48,0)) | U47: =IF($A47="","",IF($T47>=TH_SBUY,"خرید قوی",IF($T47>=TH_BUY,"خرید",IF($T47<=TH_SSELL,"فروش قوی",IF($T47<=TH_SELL,"فروش","نگهداری"))))) | V47: =IF($A47="","",IFERROR(Calculations!$AQ$48,1)) | W47: =IF($A47="","","روند: "&$H47&" | ساختار: "&$I47&" | پول هوشمند: "&$J47&" | قدرت خریدار: "&IFERROR(TEXT($K47,"0.00"),"—")&"x"&" | میانگین‌ها: "&IFERROR(TEXT(Calculations!$N$48,"0"),"—")&"/4 ("&$L47&")"&" | حجم: "&IFERROR(TEXT($M47,"0.00"),"—")&"x"&" | بازار: "&$G47) | X47: =IF($A47="","",IFERROR(Calculations!$X$48,"")) | Y47: =IF($A47="","",IFERROR(($E47-$X47)/$E47,"")) | Z47: =IF($A47="","",IFERROR(Calculations!$AR$48,""))
A48: =IF(Calculations!$A$49="","",Calculations!$A$49) | B48: =IF($A48="","",IFERROR(INDEX(Watchlist!$B$1:$B$5000,MATCH($A48,Watchlist!$A$1:$A$5000,0)),"")) | C48: =IF($A48="","",IFERROR(INDEX(Watchlist!$F$1:$F$5000,MATCH($A48,Watchlist!$A$1:$A$5000,0)),"")) | D48: =IF($A48="","",IFERROR(INDEX(Watchlist!$E$1:$E$5000,MATCH($A48,Watchlist!$A$1:$A$5000,0)),"")) | E48: =IF($A48="","",IFERROR(Calculations!$D$49,"")) | F48: =IF($A48="","",IFERROR(Calculations!$F$49,"")) | G48: =IF($A48="","",MARKET_LABEL) | H48: =IF($A48="","",IF($N48>=6,"صعودی قوی",IF($N48>=2,"صعودی",IF($N48<=-6,"نزولی قوی",IF($N48<=-2,"نزولی","خنثی"))))) | I48: =IF($A48="","",IFERROR(Calculations!$U$49,"")) | J48: =IF($A48="","",IF($O48>=6,"ورود قوی پول حقیقی",IF($O48>=2,"ورود پول حقیقی",IF($O48<=-6,"خروج قوی پول حقیقی",IF($O48<=-2,"خروج پول حقیقی","متعادل"))))) | K48: =IF($A48="","",IFERROR(Calculations!$AG$49,"")) | L48: =IF($A48="","",IFERROR(Calculations!$O$49,"")) | M48: =IF($A48="","",IFERROR(Calculations!$AA$49,"")) | N48: =IF($A48="","",IFERROR(Calculations!$AJ$49,0)) | O48: =IF($A48="","",IFERROR(Calculations!$AK$49,0)) | P48: =IF($A48="","",IFERROR(Calculations!$AL$49,0)) | Q48: =IF($A48="","",IFERROR(Calculations!$AM$49,0)) | R48: =IF($A48="","",IFERROR(Calculations!$AN$49,0)) | S48: =IF($A48="","",IFERROR(Calculations!$AO$49,0)) | T48: =IF($A48="","",IFERROR(Calculations!$AP$49,0)) | U48: =IF($A48="","",IF($T48>=TH_SBUY,"خرید قوی",IF($T48>=TH_BUY,"خرید",IF($T48<=TH_SSELL,"فروش قوی",IF($T48<=TH_SELL,"فروش","نگهداری"))))) | V48: =IF($A48="","",IFERROR(Calculations!$AQ$49,1)) | W48: =IF($A48="","","روند: "&$H48&" | ساختار: "&$I48&" | پول هوشمند: "&$J48&" | قدرت خریدار: "&IFERROR(TEXT($K48,"0.00"),"—")&"x"&" | میانگین‌ها: "&IFERROR(TEXT(Calculations!$N$49,"0"),"—")&"/4 ("&$L48&")"&" | حجم: "&IFERROR(TEXT($M48,"0.00"),"—")&"x"&" | بازار: "&$G48) | X48: =IF($A48="","",IFERROR(Calculations!$X$49,"")) | Y48: =IF($A48="","",IFERROR(($E48-$X48)/$E48,"")) | Z48: =IF($A48="","",IFERROR(Calculations!$AR$49,""))
A49: =IF(Calculations!$A$50="","",Calculations!$A$50) | B49: =IF($A49="","",IFERROR(INDEX(Watchlist!$B$1:$B$5000,MATCH($A49,Watchlist!$A$1:$A$5000,0)),"")) | C49: =IF($A49="","",IFERROR(INDEX(Watchlist!$F$1:$F$5000,MATCH($A49,Watchlist!$A$1:$A$5000,0)),"")) | D49: =IF($A49="","",IFERROR(INDEX(Watchlist!$E$1:$E$5000,MATCH($A49,Watchlist!$A$1:$A$5000,0)),"")) | E49: =IF($A49="","",IFERROR(Calculations!$D$50,"")) | F49: =IF($A49="","",IFERROR(Calculations!$F$50,"")) | G49: =IF($A49="","",MARKET_LABEL) | H49: =IF($A49="","",IF($N49>=6,"صعودی قوی",IF($N49>=2,"صعودی",IF($N49<=-6,"نزولی قوی",IF($N49<=-2,"نزولی","خنثی"))))) | I49: =IF($A49="","",IFERROR(Calculations!$U$50,"")) | J49: =IF($A49="","",IF($O49>=6,"ورود قوی پول حقیقی",IF($O49>=2,"ورود پول حقیقی",IF($O49<=-6,"خروج قوی پول حقیقی",IF($O49<=-2,"خروج پول حقیقی","متعادل"))))) | K49: =IF($A49="","",IFERROR(Calculations!$AG$50,"")) | L49: =IF($A49="","",IFERROR(Calculations!$O$50,"")) | M49: =IF($A49="","",IFERROR(Calculations!$AA$50,"")) | N49: =IF($A49="","",IFERROR(Calculations!$AJ$50,0)) | O49: =IF($A49="","",IFERROR(Calculations!$AK$50,0)) | P49: =IF($A49="","",IFERROR(Calculations!$AL$50,0)) | Q49: =IF($A49="","",IFERROR(Calculations!$AM$50,0)) | R49: =IF($A49="","",IFERROR(Calculations!$AN$50,0)) | S49: =IF($A49="","",IFERROR(Calculations!$AO$50,0)) | T49: =IF($A49="","",IFERROR(Calculations!$AP$50,0)) | U49: =IF($A49="","",IF($T49>=TH_SBUY,"خرید قوی",IF($T49>=TH_BUY,"خرید",IF($T49<=TH_SSELL,"فروش قوی",IF($T49<=TH_SELL,"فروش","نگهداری"))))) | V49: =IF($A49="","",IFERROR(Calculations!$AQ$50,1)) | W49: =IF($A49="","","روند: "&$H49&" | ساختار: "&$I49&" | پول هوشمند: "&$J49&" | قدرت خریدار: "&IFERROR(TEXT($K49,"0.00"),"—")&"x"&" | میانگین‌ها: "&IFERROR(TEXT(Calculations!$N$50,"0"),"—")&"/4 ("&$L49&")"&" | حجم: "&IFERROR(TEXT($M49,"0.00"),"—")&"x"&" | بازار: "&$G49) | X49: =IF($A49="","",IFERROR(Calculations!$X$50,"")) | Y49: =IF($A49="","",IFERROR(($E49-$X49)/$E49,"")) | Z49: =IF($A49="","",IFERROR(Calculations!$AR$50,""))
A50: =IF(Calculations!$A$51="","",Calculations!$A$51) | B50: =IF($A50="","",IFERROR(INDEX(Watchlist!$B$1:$B$5000,MATCH($A50,Watchlist!$A$1:$A$5000,0)),"")) | C50: =IF($A50="","",IFERROR(INDEX(Watchlist!$F$1:$F$5000,MATCH($A50,Watchlist!$A$1:$A$5000,0)),"")) | D50: =IF($A50="","",IFERROR(INDEX(Watchlist!$E$1:$E$5000,MATCH($A50,Watchlist!$A$1:$A$5000,0)),"")) | E50: =IF($A50="","",IFERROR(Calculations!$D$51,"")) | F50: =IF($A50="","",IFERROR(Calculations!$F$51,"")) | G50: =IF($A50="","",MARKET_LABEL) | H50: =IF($A50="","",IF($N50>=6,"صعودی قوی",IF($N50>=2,"صعودی",IF($N50<=-6,"نزولی قوی",IF($N50<=-2,"نزولی","خنثی"))))) | I50: =IF($A50="","",IFERROR(Calculations!$U$51,"")) | J50: =IF($A50="","",IF($O50>=6,"ورود قوی پول حقیقی",IF($O50>=2,"ورود پول حقیقی",IF($O50<=-6,"خروج قوی پول حقیقی",IF($O50<=-2,"خروج پول حقیقی","متعادل"))))) | K50: =IF($A50="","",IFERROR(Calculations!$AG$51,"")) | L50: =IF($A50="","",IFERROR(Calculations!$O$51,"")) | M50: =IF($A50="","",IFERROR(Calculations!$AA$51,"")) | N50: =IF($A50="","",IFERROR(Calculations!$AJ$51,0)) | O50: =IF($A50="","",IFERROR(Calculations!$AK$51,0)) | P50: =IF($A50="","",IFERROR(Calculations!$AL$51,0)) | Q50: =IF($A50="","",IFERROR(Calculations!$AM$51,0)) | R50: =IF($A50="","",IFERROR(Calculations!$AN$51,0)) | S50: =IF($A50="","",IFERROR(Calculations!$AO$51,0)) | T50: =IF($A50="","",IFERROR(Calculations!$AP$51,0)) | U50: =IF($A50="","",IF($T50>=TH_SBUY,"خرید قوی",IF($T50>=TH_BUY,"خرید",IF($T50<=TH_SSELL,"فروش قوی",IF($T50<=TH_SELL,"فروش","نگهداری"))))) | V50: =IF($A50="","",IFERROR(Calculations!$AQ$51,1)) | W50: =IF($A50="","","روند: "&$H50&" | ساختار: "&$I50&" | پول هوشمند: "&$J50&" | قدرت خریدار: "&IFERROR(TEXT($K50,"0.00"),"—")&"x"&" | میانگین‌ها: "&IFERROR(TEXT(Calculations!$N$51,"0"),"—")&"/4 ("&$L50&")"&" | حجم: "&IFERROR(TEXT($M50,"0.00"),"—")&"x"&" | بازار: "&$G50) | X50: =IF($A50="","",IFERROR(Calculations!$X$51,"")) | Y50: =IF($A50="","",IFERROR(($E50-$X50)/$E50,"")) | Z50: =IF($A50="","",IFERROR(Calculations!$AR$51,""))
A51: =IF(Calculations!$A$52="","",Calculations!$A$52) | B51: =IF($A51="","",IFERROR(INDEX(Watchlist!$B$1:$B$5000,MATCH($A51,Watchlist!$A$1:$A$5000,0)),"")) | C51: =IF($A51="","",IFERROR(INDEX(Watchlist!$F$1:$F$5000,MATCH($A51,Watchlist!$A$1:$A$5000,0)),"")) | D51: =IF($A51="","",IFERROR(INDEX(Watchlist!$E$1:$E$5000,MATCH($A51,Watchlist!$A$1:$A$5000,0)),"")) | E51: =IF($A51="","",IFERROR(Calculations!$D$52,"")) | F51: =IF($A51="","",IFERROR(Calculations!$F$52,"")) | G51: =IF($A51="","",MARKET_LABEL) | H51: =IF($A51="","",IF($N51>=6,"صعودی قوی",IF($N51>=2,"صعودی",IF($N51<=-6,"نزولی قوی",IF($N51<=-2,"نزولی","خنثی"))))) | I51: =IF($A51="","",IFERROR(Calculations!$U$52,"")) | J51: =IF($A51="","",IF($O51>=6,"ورود قوی پول حقیقی",IF($O51>=2,"ورود پول حقیقی",IF($O51<=-6,"خروج قوی پول حقیقی",IF($O51<=-2,"خروج پول حقیقی","متعادل"))))) | K51: =IF($A51="","",IFERROR(Calculations!$AG$52,"")) | L51: =IF($A51="","",IFERROR(Calculations!$O$52,"")) | M51: =IF($A51="","",IFERROR(Calculations!$AA$52,"")) | N51: =IF($A51="","",IFERROR(Calculations!$AJ$52,0)) | O51: =IF($A51="","",IFERROR(Calculations!$AK$52,0)) | P51: =IF($A51="","",IFERROR(Calculations!$AL$52,0)) | Q51: =IF($A51="","",IFERROR(Calculations!$AM$52,0)) | R51: =IF($A51="","",IFERROR(Calculations!$AN$52,0)) | S51: =IF($A51="","",IFERROR(Calculations!$AO$52,0)) | T51: =IF($A51="","",IFERROR(Calculations!$AP$52,0)) | U51: =IF($A51="","",IF($T51>=TH_SBUY,"خرید قوی",IF($T51>=TH_BUY,"خرید",IF($T51<=TH_SSELL,"فروش قوی",IF($T51<=TH_SELL,"فروش","نگهداری"))))) | V51: =IF($A51="","",IFERROR(Calculations!$AQ$52,1)) | W51: =IF($A51="","","روند: "&$H51&" | ساختار: "&$I51&" | پول هوشمند: "&$J51&" | قدرت خریدار: "&IFERROR(TEXT($K51,"0.00"),"—")&"x"&" | میانگین‌ها: "&IFERROR(TEXT(Calculations!$N$52,"0"),"—")&"/4 ("&$L51&")"&" | حجم: "&IFERROR(TEXT($M51,"0.00"),"—")&"x"&" | بازار: "&$G51) | X51: =IF($A51="","",IFERROR(Calculations!$X$52,"")) | Y51: =IF($A51="","",IFERROR(($E51-$X51)/$E51,"")) | Z51: =IF($A51="","",IFERROR(Calculations!$AR$52,""))
A52: =IF(Calculations!$A$53="","",Calculations!$A$53) | B52: =IF($A52="","",IFERROR(INDEX(Watchlist!$B$1:$B$5000,MATCH($A52,Watchlist!$A$1:$A$5000,0)),"")) | C52: =IF($A52="","",IFERROR(INDEX(Watchlist!$F$1:$F$5000,MATCH($A52,Watchlist!$A$1:$A$5000,0)),"")) | D52: =IF($A52="","",IFERROR(INDEX(Watchlist!$E$1:$E$5000,MATCH($A52,Watchlist!$A$1:$A$5000,0)),"")) | E52: =IF($A52="","",IFERROR(Calculations!$D$53,"")) | F52: =IF($A52="","",IFERROR(Calculations!$F$53,"")) | G52: =IF($A52="","",MARKET_LABEL) | H52: =IF($A52="","",IF($N52>=6,"صعودی قوی",IF($N52>=2,"صعودی",IF($N52<=-6,"نزولی قوی",IF($N52<=-2,"نزولی","خنثی"))))) | I52: =IF($A52="","",IFERROR(Calculations!$U$53,"")) | J52: =IF($A52="","",IF($O52>=6,"ورود قوی پول حقیقی",IF($O52>=2,"ورود پول حقیقی",IF($O52<=-6,"خروج قوی پول حقیقی",IF($O52<=-2,"خروج پول حقیقی","متعادل"))))) | K52: =IF($A52="","",IFERROR(Calculations!$AG$53,"")) | L52: =IF($A52="","",IFERROR(Calculations!$O$53,"")) | M52: =IF($A52="","",IFERROR(Calculations!$AA$53,"")) | N52: =IF($A52="","",IFERROR(Calculations!$AJ$53,0)) | O52: =IF($A52="","",IFERROR(Calculations!$AK$53,0)) | P52: =IF($A52="","",IFERROR(Calculations!$AL$53,0)) | Q52: =IF($A52="","",IFERROR(Calculations!$AM$53,0)) | R52: =IF($A52="","",IFERROR(Calculations!$AN$53,0)) | S52: =IF($A52="","",IFERROR(Calculations!$AO$53,0)) | T52: =IF($A52="","",IFERROR(Calculations!$AP$53,0)) | U52: =IF($A52="","",IF($T52>=TH_SBUY,"خرید قوی",IF($T52>=TH_BUY,"خرید",IF($T52<=TH_SSELL,"فروش قوی",IF($T52<=TH_SELL,"فروش","نگهداری"))))) | V52: =IF($A52="","",IFERROR(Calculations!$AQ$53,1)) | W52: =IF($A52="","","روند: "&$H52&" | ساختار: "&$I52&" | پول هوشمند: "&$J52&" | قدرت خریدار: "&IFERROR(TEXT($K52,"0.00"),"—")&"x"&" | میانگین‌ها: "&IFERROR(TEXT(Calculations!$N$53,"0"),"—")&"/4 ("&$L52&")"&" | حجم: "&IFERROR(TEXT($M52,"0.00"),"—")&"x"&" | بازار: "&$G52) | X52: =IF($A52="","",IFERROR(Calculations!$X$53,"")) | Y52: =IF($A52="","",IFERROR(($E52-$X52)/$E52,"")) | Z52: =IF($A52="","",IFERROR(Calculations!$AR$53,""))
A53: =IF(Calculations!$A$54="","",Calculations!$A$54) | B53: =IF($A53="","",IFERROR(INDEX(Watchlist!$B$1:$B$5000,MATCH($A53,Watchlist!$A$1:$A$5000,0)),"")) | C53: =IF($A53="","",IFERROR(INDEX(Watchlist!$F$1:$F$5000,MATCH($A53,Watchlist!$A$1:$A$5000,0)),"")) | D53: =IF($A53="","",IFERROR(INDEX(Watchlist!$E$1:$E$5000,MATCH($A53,Watchlist!$A$1:$A$5000,0)),"")) | E53: =IF($A53="","",IFERROR(Calculations!$D$54,"")) | F53: =IF($A53="","",IFERROR(Calculations!$F$54,"")) | G53: =IF($A53="","",MARKET_LABEL) | H53: =IF($A53="","",IF($N53>=6,"صعودی قوی",IF($N53>=2,"صعودی",IF($N53<=-6,"نزولی قوی",IF($N53<=-2,"نزولی","خنثی"))))) | I53: =IF($A53="","",IFERROR(Calculations!$U$54,"")) | J53: =IF($A53="","",IF($O53>=6,"ورود قوی پول حقیقی",IF($O53>=2,"ورود پول حقیقی",IF($O53<=-6,"خروج قوی پول حقیقی",IF($O53<=-2,"خروج پول حقیقی","متعادل"))))) | K53: =IF($A53="","",IFERROR(Calculations!$AG$54,"")) | L53: =IF($A53="","",IFERROR(Calculations!$O$54,"")) | M53: =IF($A53="","",IFERROR(Calculations!$AA$54,"")) | N53: =IF($A53="","",IFERROR(Calculations!$AJ$54,0)) | O53: =IF($A53="","",IFERROR(Calculations!$AK$54,0)) | P53: =IF($A53="","",IFERROR(Calculations!$AL$54,0)) | Q53: =IF($A53="","",IFERROR(Calculations!$AM$54,0)) | R53: =IF($A53="","",IFERROR(Calculations!$AN$54,0)) | S53: =IF($A53="","",IFERROR(Calculations!$AO$54,0)) | T53: =IF($A53="","",IFERROR(Calculations!$AP$54,0)) | U53: =IF($A53="","",IF($T53>=TH_SBUY,"خرید قوی",IF($T53>=TH_BUY,"خرید",IF($T53<=TH_SSELL,"فروش قوی",IF($T53<=TH_SELL,"فروش","نگهداری"))))) | V53: =IF($A53="","",IFERROR(Calculations!$AQ$54,1)) | W53: =IF($A53="","","روند: "&$H53&" | ساختار: "&$I53&" | پول هوشمند: "&$J53&" | قدرت خریدار: "&IFERROR(TEXT($K53,"0.00"),"—")&"x"&" | میانگین‌ها: "&IFERROR(TEXT(Calculations!$N$54,"0"),"—")&"/4 ("&$L53&")"&" | حجم: "&IFERROR(TEXT($M53,"0.00"),"—")&"x"&" | بازار: "&$G53) | X53: =IF($A53="","",IFERROR(Calculations!$X$54,"")) | Y53: =IF($A53="","",IFERROR(($E53-$X53)/$E53,"")) | Z53: =IF($A53="","",IFERROR(Calculations!$AR$54,""))
A54: =IF(Calculations!$A$55="","",Calculations!$A$55) | B54: =IF($A54="","",IFERROR(INDEX(Watchlist!$B$1:$B$5000,MATCH($A54,Watchlist!$A$1:$A$5000,0)),"")) | C54: =IF($A54="","",IFERROR(INDEX(Watchlist!$F$1:$F$5000,MATCH($A54,Watchlist!$A$1:$A$5000,0)),"")) | D54: =IF($A54="","",IFERROR(INDEX(Watchlist!$E$1:$E$5000,MATCH($A54,Watchlist!$A$1:$A$5000,0)),"")) | E54: =IF($A54="","",IFERROR(Calculations!$D$55,"")) | F54: =IF($A54="","",IFERROR(Calculations!$F$55,"")) | G54: =IF($A54="","",MARKET_LABEL) | H54: =IF($A54="","",IF($N54>=6,"صعودی قوی",IF($N54>=2,"صعودی",IF($N54<=-6,"نزولی قوی",IF($N54<=-2,"نزولی","خنثی"))))) | I54: =IF($A54="","",IFERROR(Calculations!$U$55,"")) | J54: =IF($A54="","",IF($O54>=6,"ورود قوی پول حقیقی",IF($O54>=2,"ورود پول حقیقی",IF($O54<=-6,"خروج قوی پول حقیقی",IF($O54<=-2,"خروج پول حقیقی","متعادل"))))) | K54: =IF($A54="","",IFERROR(Calculations!$AG$55,"")) | L54: =IF($A54="","",IFERROR(Calculations!$O$55,"")) | M54: =IF($A54="","",IFERROR(Calculations!$AA$55,"")) | N54: =IF($A54="","",IFERROR(Calculations!$AJ$55,0)) | O54: =IF($A54="","",IFERROR(Calculations!$AK$55,0)) | P54: =IF($A54="","",IFERROR(Calculations!$AL$55,0)) | Q54: =IF($A54="","",IFERROR(Calculations!$AM$55,0)) | R54: =IF($A54="","",IFERROR(Calculations!$AN$55,0)) | S54: =IF($A54="","",IFERROR(Calculations!$AO$55,0)) | T54: =IF($A54="","",IFERROR(Calculations!$AP$55,0)) | U54: =IF($A54="","",IF($T54>=TH_SBUY,"خرید قوی",IF($T54>=TH_BUY,"خرید",IF($T54<=TH_SSELL,"فروش قوی",IF($T54<=TH_SELL,"فروش","نگهداری"))))) | V54: =IF($A54="","",IFERROR(Calculations!$AQ$55,1)) | W54: =IF($A54="","","روند: "&$H54&" | ساختار: "&$I54&" | پول هوشمند: "&$J54&" | قدرت خریدار: "&IFERROR(TEXT($K54,"0.00"),"—")&"x"&" | میانگین‌ها: "&IFERROR(TEXT(Calculations!$N$55,"0"),"—")&"/4 ("&$L54&")"&" | حجم: "&IFERROR(TEXT($M54,"0.00"),"—")&"x"&" | بازار: "&$G54) | X54: =IF($A54="","",IFERROR(Calculations!$X$55,"")) | Y54: =IF($A54="","",IFERROR(($E54-$X54)/$E54,"")) | Z54: =IF($A54="","",IFERROR(Calculations!$AR$55,""))
A55: =IF(Calculations!$A$56="","",Calculations!$A$56) | B55: =IF($A55="","",IFERROR(INDEX(Watchlist!$B$1:$B$5000,MATCH($A55,Watchlist!$A$1:$A$5000,0)),"")) | C55: =IF($A55="","",IFERROR(INDEX(Watchlist!$F$1:$F$5000,MATCH($A55,Watchlist!$A$1:$A$5000,0)),"")) | D55: =IF($A55="","",IFERROR(INDEX(Watchlist!$E$1:$E$5000,MATCH($A55,Watchlist!$A$1:$A$5000,0)),"")) | E55: =IF($A55="","",IFERROR(Calculations!$D$56,"")) | F55: =IF($A55="","",IFERROR(Calculations!$F$56,"")) | G55: =IF($A55="","",MARKET_LABEL) | H55: =IF($A55="","",IF($N55>=6,"صعودی قوی",IF($N55>=2,"صعودی",IF($N55<=-6,"نزولی قوی",IF($N55<=-2,"نزولی","خنثی"))))) | I55: =IF($A55="","",IFERROR(Calculations!$U$56,"")) | J55: =IF($A55="","",IF($O55>=6,"ورود قوی پول حقیقی",IF($O55>=2,"ورود پول حقیقی",IF($O55<=-6,"خروج قوی پول حقیقی",IF($O55<=-2,"خروج پول حقیقی","متعادل"))))) | K55: =IF($A55="","",IFERROR(Calculations!$AG$56,"")) | L55: =IF($A55="","",IFERROR(Calculations!$O$56,"")) | M55: =IF($A55="","",IFERROR(Calculations!$AA$56,"")) | N55: =IF($A55="","",IFERROR(Calculations!$AJ$56,0)) | O55: =IF($A55="","",IFERROR(Calculations!$AK$56,0)) | P55: =IF($A55="","",IFERROR(Calculations!$AL$56,0)) | Q55: =IF($A55="","",IFERROR(Calculations!$AM$56,0)) | R55: =IF($A55="","",IFERROR(Calculations!$AN$56,0)) | S55: =IF($A55="","",IFERROR(Calculations!$AO$56,0)) | T55: =IF($A55="","",IFERROR(Calculations!$AP$56,0)) | U55: =IF($A55="","",IF($T55>=TH_SBUY,"خرید قوی",IF($T55>=TH_BUY,"خرید",IF($T55<=TH_SSELL,"فروش قوی",IF($T55<=TH_SELL,"فروش","نگهداری"))))) | V55: =IF($A55="","",IFERROR(Calculations!$AQ$56,1)) | W55: =IF($A55="","","روند: "&$H55&" | ساختار: "&$I55&" | پول هوشمند: "&$J55&" | قدرت خریدار: "&IFERROR(TEXT($K55,"0.00"),"—")&"x"&" | میانگین‌ها: "&IFERROR(TEXT(Calculations!$N$56,"0"),"—")&"/4 ("&$L55&")"&" | حجم: "&IFERROR(TEXT($M55,"0.00"),"—")&"x"&" | بازار: "&$G55) | X55: =IF($A55="","",IFERROR(Calculations!$X$56,"")) | Y55: =IF($A55="","",IFERROR(($E55-$X55)/$E55,"")) | Z55: =IF($A55="","",IFERROR(Calculations!$AR$56,""))
A56: =IF(Calculations!$A$57="","",Calculations!$A$57) | B56: =IF($A56="","",IFERROR(INDEX(Watchlist!$B$1:$B$5000,MATCH($A56,Watchlist!$A$1:$A$5000,0)),"")) | C56: =IF($A56="","",IFERROR(INDEX(Watchlist!$F$1:$F$5000,MATCH($A56,Watchlist!$A$1:$A$5000,0)),"")) | D56: =IF($A56="","",IFERROR(INDEX(Watchlist!$E$1:$E$5000,MATCH($A56,Watchlist!$A$1:$A$5000,0)),"")) | E56: =IF($A56="","",IFERROR(Calculations!$D$57,"")) | F56: =IF($A56="","",IFERROR(Calculations!$F$57,"")) | G56: =IF($A56="","",MARKET_LABEL) | H56: =IF($A56="","",IF($N56>=6,"صعودی قوی",IF($N56>=2,"صعودی",IF($N56<=-6,"نزولی قوی",IF($N56<=-2,"نزولی","خنثی"))))) | I56: =IF($A56="","",IFERROR(Calculations!$U$57,"")) | J56: =IF($A56="","",IF($O56>=6,"ورود قوی پول حقیقی",IF($O56>=2,"ورود پول حقیقی",IF($O56<=-6,"خروج قوی پول حقیقی",IF($O56<=-2,"خروج پول حقیقی","متعادل"))))) | K56: =IF($A56="","",IFERROR(Calculations!$AG$57,"")) | L56: =IF($A56="","",IFERROR(Calculations!$O$57,"")) | M56: =IF($A56="","",IFERROR(Calculations!$AA$57,"")) | N56: =IF($A56="","",IFERROR(Calculations!$AJ$57,0)) | O56: =IF($A56="","",IFERROR(Calculations!$AK$57,0)) | P56: =IF($A56="","",IFERROR(Calculations!$AL$57,0)) | Q56: =IF($A56="","",IFERROR(Calculations!$AM$57,0)) | R56: =IF($A56="","",IFERROR(Calculations!$AN$57,0)) | S56: =IF($A56="","",IFERROR(Calculations!$AO$57,0)) | T56: =IF($A56="","",IFERROR(Calculations!$AP$57,0)) | U56: =IF($A56="","",IF($T56>=TH_SBUY,"خرید قوی",IF($T56>=TH_BUY,"خرید",IF($T56<=TH_SSELL,"فروش قوی",IF($T56<=TH_SELL,"فروش","نگهداری"))))) | V56: =IF($A56="","",IFERROR(Calculations!$AQ$57,1)) | W56: =IF($A56="","","روند: "&$H56&" | ساختار: "&$I56&" | پول هوشمند: "&$J56&" | قدرت خریدار: "&IFERROR(TEXT($K56,"0.00"),"—")&"x"&" | میانگین‌ها: "&IFERROR(TEXT(Calculations!$N$57,"0"),"—")&"/4 ("&$L56&")"&" | حجم: "&IFERROR(TEXT($M56,"0.00"),"—")&"x"&" | بازار: "&$G56) | X56: =IF($A56="","",IFERROR(Calculations!$X$57,"")) | Y56: =IF($A56="","",IFERROR(($E56-$X56)/$E56,"")) | Z56: =IF($A56="","",IFERROR(Calculations!$AR$57,""))
A57: =IF(Calculations!$A$58="","",Calculations!$A$58) | B57: =IF($A57="","",IFERROR(INDEX(Watchlist!$B$1:$B$5000,MATCH($A57,Watchlist!$A$1:$A$5000,0)),"")) | C57: =IF($A57="","",IFERROR(INDEX(Watchlist!$F$1:$F$5000,MATCH($A57,Watchlist!$A$1:$A$5000,0)),"")) | D57: =IF($A57="","",IFERROR(INDEX(Watchlist!$E$1:$E$5000,MATCH($A57,Watchlist!$A$1:$A$5000,0)),"")) | E57: =IF($A57="","",IFERROR(Calculations!$D$58,"")) | F57: =IF($A57="","",IFERROR(Calculations!$F$58,"")) | G57: =IF($A57="","",MARKET_LABEL) | H57: =IF($A57="","",IF($N57>=6,"صعودی قوی",IF($N57>=2,"صعودی",IF($N57<=-6,"نزولی قوی",IF($N57<=-2,"نزولی","خنثی"))))) | I57: =IF($A57="","",IFERROR(Calculations!$U$58,"")) | J57: =IF($A57="","",IF($O57>=6,"ورود قوی پول حقیقی",IF($O57>=2,"ورود پول حقیقی",IF($O57<=-6,"خروج قوی پول حقیقی",IF($O57<=-2,"خروج پول حقیقی","متعادل"))))) | K57: =IF($A57="","",IFERROR(Calculations!$AG$58,"")) | L57: =IF($A57="","",IFERROR(Calculations!$O$58,"")) | M57: =IF($A57="","",IFERROR(Calculations!$AA$58,"")) | N57: =IF($A57="","",IFERROR(Calculations!$AJ$58,0)) | O57: =IF($A57="","",IFERROR(Calculations!$AK$58,0)) | P57: =IF($A57="","",IFERROR(Calculations!$AL$58,0)) | Q57: =IF($A57="","",IFERROR(Calculations!$AM$58,0)) | R57: =IF($A57="","",IFERROR(Calculations!$AN$58,0)) | S57: =IF($A57="","",IFERROR(Calculations!$AO$58,0)) | T57: =IF($A57="","",IFERROR(Calculations!$AP$58,0)) | U57: =IF($A57="","",IF($T57>=TH_SBUY,"خرید قوی",IF($T57>=TH_BUY,"خرید",IF($T57<=TH_SSELL,"فروش قوی",IF($T57<=TH_SELL,"فروش","نگهداری"))))) | V57: =IF($A57="","",IFERROR(Calculations!$AQ$58,1)) | W57: =IF($A57="","","روند: "&$H57&" | ساختار: "&$I57&" | پول هوشمند: "&$J57&" | قدرت خریدار: "&IFERROR(TEXT($K57,"0.00"),"—")&"x"&" | میانگین‌ها: "&IFERROR(TEXT(Calculations!$N$58,"0"),"—")&"/4 ("&$L57&")"&" | حجم: "&IFERROR(TEXT($M57,"0.00"),"—")&"x"&" | بازار: "&$G57) | X57: =IF($A57="","",IFERROR(Calculations!$X$58,"")) | Y57: =IF($A57="","",IFERROR(($E57-$X57)/$E57,"")) | Z57: =IF($A57="","",IFERROR(Calculations!$AR$58,""))
A58: =IF(Calculations!$A$59="","",Calculations!$A$59) | B58: =IF($A58="","",IFERROR(INDEX(Watchlist!$B$1:$B$5000,MATCH($A58,Watchlist!$A$1:$A$5000,0)),"")) | C58: =IF($A58="","",IFERROR(INDEX(Watchlist!$F$1:$F$5000,MATCH($A58,Watchlist!$A$1:$A$5000,0)),"")) | D58: =IF($A58="","",IFERROR(INDEX(Watchlist!$E$1:$E$5000,MATCH($A58,Watchlist!$A$1:$A$5000,0)),"")) | E58: =IF($A58="","",IFERROR(Calculations!$D$59,"")) | F58: =IF($A58="","",IFERROR(Calculations!$F$59,"")) | G58: =IF($A58="","",MARKET_LABEL) | H58: =IF($A58="","",IF($N58>=6,"صعودی قوی",IF($N58>=2,"صعودی",IF($N58<=-6,"نزولی قوی",IF($N58<=-2,"نزولی","خنثی"))))) | I58: =IF($A58="","",IFERROR(Calculations!$U$59,"")) | J58: =IF($A58="","",IF($O58>=6,"ورود قوی پول حقیقی",IF($O58>=2,"ورود پول حقیقی",IF($O58<=-6,"خروج قوی پول حقیقی",IF($O58<=-2,"خروج پول حقیقی","متعادل"))))) | K58: =IF($A58="","",IFERROR(Calculations!$AG$59,"")) | L58: =IF($A58="","",IFERROR(Calculations!$O$59,"")) | M58: =IF($A58="","",IFERROR(Calculations!$AA$59,"")) | N58: =IF($A58="","",IFERROR(Calculations!$AJ$59,0)) | O58: =IF($A58="","",IFERROR(Calculations!$AK$59,0)) | P58: =IF($A58="","",IFERROR(Calculations!$AL$59,0)) | Q58: =IF($A58="","",IFERROR(Calculations!$AM$59,0)) | R58: =IF($A58="","",IFERROR(Calculations!$AN$59,0)) | S58: =IF($A58="","",IFERROR(Calculations!$AO$59,0)) | T58: =IF($A58="","",IFERROR(Calculations!$AP$59,0)) | U58: =IF($A58="","",IF($T58>=TH_SBUY,"خرید قوی",IF($T58>=TH_BUY,"خرید",IF($T58<=TH_SSELL,"فروش قوی",IF($T58<=TH_SELL,"فروش","نگهداری"))))) | V58: =IF($A58="","",IFERROR(Calculations!$AQ$59,1)) | W58: =IF($A58="","","روند: "&$H58&" | ساختار: "&$I58&" | پول هوشمند: "&$J58&" | قدرت خریدار: "&IFERROR(TEXT($K58,"0.00"),"—")&"x"&" | میانگین‌ها: "&IFERROR(TEXT(Calculations!$N$59,"0"),"—")&"/4 ("&$L58&")"&" | حجم: "&IFERROR(TEXT($M58,"0.00"),"—")&"x"&" | بازار: "&$G58) | X58: =IF($A58="","",IFERROR(Calculations!$X$59,"")) | Y58: =IF($A58="","",IFERROR(($E58-$X58)/$E58,"")) | Z58: =IF($A58="","",IFERROR(Calculations!$AR$59,""))
A59: =IF(Calculations!$A$60="","",Calculations!$A$60) | B59: =IF($A59="","",IFERROR(INDEX(Watchlist!$B$1:$B$5000,MATCH($A59,Watchlist!$A$1:$A$5000,0)),"")) | C59: =IF($A59="","",IFERROR(INDEX(Watchlist!$F$1:$F$5000,MATCH($A59,Watchlist!$A$1:$A$5000,0)),"")) | D59: =IF($A59="","",IFERROR(INDEX(Watchlist!$E$1:$E$5000,MATCH($A59,Watchlist!$A$1:$A$5000,0)),"")) | E59: =IF($A59="","",IFERROR(Calculations!$D$60,"")) | F59: =IF($A59="","",IFERROR(Calculations!$F$60,"")) | G59: =IF($A59="","",MARKET_LABEL) | H59: =IF($A59="","",IF($N59>=6,"صعودی قوی",IF($N59>=2,"صعودی",IF($N59<=-6,"نزولی قوی",IF($N59<=-2,"نزولی","خنثی"))))) | I59: =IF($A59="","",IFERROR(Calculations!$U$60,"")) | J59: =IF($A59="","",IF($O59>=6,"ورود قوی پول حقیقی",IF($O59>=2,"ورود پول حقیقی",IF($O59<=-6,"خروج قوی پول حقیقی",IF($O59<=-2,"خروج پول حقیقی","متعادل"))))) | K59: =IF($A59="","",IFERROR(Calculations!$AG$60,"")) | L59: =IF($A59="","",IFERROR(Calculations!$O$60,"")) | M59: =IF($A59="","",IFERROR(Calculations!$AA$60,"")) | N59: =IF($A59="","",IFERROR(Calculations!$AJ$60,0)) | O59: =IF($A59="","",IFERROR(Calculations!$AK$60,0)) | P59: =IF($A59="","",IFERROR(Calculations!$AL$60,0)) | Q59: =IF($A59="","",IFERROR(Calculations!$AM$60,0)) | R59: =IF($A59="","",IFERROR(Calculations!$AN$60,0)) | S59: =IF($A59="","",IFERROR(Calculations!$AO$60,0)) | T59: =IF($A59="","",IFERROR(Calculations!$AP$60,0)) | U59: =IF($A59="","",IF($T59>=TH_SBUY,"خرید قوی",IF($T59>=TH_BUY,"خرید",IF($T59<=TH_SSELL,"فروش قوی",IF($T59<=TH_SELL,"فروش","نگهداری"))))) | V59: =IF($A59="","",IFERROR(Calculations!$AQ$60,1)) | W59: =IF($A59="","","روند: "&$H59&" | ساختار: "&$I59&" | پول هوشمند: "&$J59&" | قدرت خریدار: "&IFERROR(TEXT($K59,"0.00"),"—")&"x"&" | میانگین‌ها: "&IFERROR(TEXT(Calculations!$N$60,"0"),"—")&"/4 ("&$L59&")"&" | حجم: "&IFERROR(TEXT($M59,"0.00"),"—")&"x"&" | بازار: "&$G59) | X59: =IF($A59="","",IFERROR(Calculations!$X$60,"")) | Y59: =IF($A59="","",IFERROR(($E59-$X59)/$E59,"")) | Z59: =IF($A59="","",IFERROR(Calculations!$AR$60,""))
A60: =IF(Calculations!$A$61="","",Calculations!$A$61) | B60: =IF($A60="","",IFERROR(INDEX(Watchlist!$B$1:$B$5000,MATCH($A60,Watchlist!$A$1:$A$5000,0)),"")) | C60: =IF($A60="","",IFERROR(INDEX(Watchlist!$F$1:$F$5000,MATCH($A60,Watchlist!$A$1:$A$5000,0)),"")) | D60: =IF($A60="","",IFERROR(INDEX(Watchlist!$E$1:$E$5000,MATCH($A60,Watchlist!$A$1:$A$5000,0)),"")) | E60: =IF($A60="","",IFERROR(Calculations!$D$61,"")) | F60: =IF($A60="","",IFERROR(Calculations!$F$61,"")) | G60: =IF($A60="","",MARKET_LABEL) | H60: =IF($A60="","",IF($N60>=6,"صعودی قوی",IF($N60>=2,"صعودی",IF($N60<=-6,"نزولی قوی",IF($N60<=-2,"نزولی","خنثی"))))) | I60: =IF($A60="","",IFERROR(Calculations!$U$61,"")) | J60: =IF($A60="","",IF($O60>=6,"ورود قوی پول حقیقی",IF($O60>=2,"ورود پول حقیقی",IF($O60<=-6,"خروج قوی پول حقیقی",IF($O60<=-2,"خروج پول حقیقی","متعادل"))))) | K60: =IF($A60="","",IFERROR(Calculations!$AG$61,"")) | L60: =IF($A60="","",IFERROR(Calculations!$O$61,"")) | M60: =IF($A60="","",IFERROR(Calculations!$AA$61,"")) | N60: =IF($A60="","",IFERROR(Calculations!$AJ$61,0)) | O60: =IF($A60="","",IFERROR(Calculations!$AK$61,0)) | P60: =IF($A60="","",IFERROR(Calculations!$AL$61,0)) | Q60: =IF($A60="","",IFERROR(Calculations!$AM$61,0)) | R60: =IF($A60="","",IFERROR(Calculations!$AN$61,0)) | S60: =IF($A60="","",IFERROR(Calculations!$AO$61,0)) | T60: =IF($A60="","",IFERROR(Calculations!$AP$61,0)) | U60: =IF($A60="","",IF($T60>=TH_SBUY,"خرید قوی",IF($T60>=TH_BUY,"خرید",IF($T60<=TH_SSELL,"فروش قوی",IF($T60<=TH_SELL,"فروش","نگهداری"))))) | V60: =IF($A60="","",IFERROR(Calculations!$AQ$61,1)) | W60: =IF($A60="","","روند: "&$H60&" | ساختار: "&$I60&" | پول هوشمند: "&$J60&" | قدرت خریدار: "&IFERROR(TEXT($K60,"0.00"),"—")&"x"&" | میانگین‌ها: "&IFERROR(TEXT(Calculations!$N$61,"0"),"—")&"/4 ("&$L60&")"&" | حجم: "&IFERROR(TEXT($M60,"0.00"),"—")&"x"&" | بازار: "&$G60) | X60: =IF($A60="","",IFERROR(Calculations!$X$61,"")) | Y60: =IF($A60="","",IFERROR(($E60-$X60)/$E60,"")) | Z60: =IF($A60="","",IFERROR(Calculations!$AR$61,""))
A61: =IF(Calculations!$A$62="","",Calculations!$A$62) | B61: =IF($A61="","",IFERROR(INDEX(Watchlist!$B$1:$B$5000,MATCH($A61,Watchlist!$A$1:$A$5000,0)),"")) | C61: =IF($A61="","",IFERROR(INDEX(Watchlist!$F$1:$F$5000,MATCH($A61,Watchlist!$A$1:$A$5000,0)),"")) | D61: =IF($A61="","",IFERROR(INDEX(Watchlist!$E$1:$E$5000,MATCH($A61,Watchlist!$A$1:$A$5000,0)),"")) | E61: =IF($A61="","",IFERROR(Calculations!$D$62,"")) | F61: =IF($A61="","",IFERROR(Calculations!$F$62,"")) | G61: =IF($A61="","",MARKET_LABEL) | H61: =IF($A61="","",IF($N61>=6,"صعودی قوی",IF($N61>=2,"صعودی",IF($N61<=-6,"نزولی قوی",IF($N61<=-2,"نزولی","خنثی"))))) | I61: =IF($A61="","",IFERROR(Calculations!$U$62,"")) | J61: =IF($A61="","",IF($O61>=6,"ورود قوی پول حقیقی",IF($O61>=2,"ورود پول حقیقی",IF($O61<=-6,"خروج قوی پول حقیقی",IF($O61<=-2,"خروج پول حقیقی","متعادل"))))) | K61: =IF($A61="","",IFERROR(Calculations!$AG$62,"")) | L61: =IF($A61="","",IFERROR(Calculations!$O$62,"")) | M61: =IF($A61="","",IFERROR(Calculations!$AA$62,"")) | N61: =IF($A61="","",IFERROR(Calculations!$AJ$62,0)) | O61: =IF($A61="","",IFERROR(Calculations!$AK$62,0)) | P61: =IF($A61="","",IFERROR(Calculations!$AL$62,0)) | Q61: =IF($A61="","",IFERROR(Calculations!$AM$62,0)) | R61: =IF($A61="","",IFERROR(Calculations!$AN$62,0)) | S61: =IF($A61="","",IFERROR(Calculations!$AO$62,0)) | T61: =IF($A61="","",IFERROR(Calculations!$AP$62,0)) | U61: =IF($A61="","",IF($T61>=TH_SBUY,"خرید قوی",IF($T61>=TH_BUY,"خرید",IF($T61<=TH_SSELL,"فروش قوی",IF($T61<=TH_SELL,"فروش","نگهداری"))))) | V61: =IF($A61="","",IFERROR(Calculations!$AQ$62,1)) | W61: =IF($A61="","","روند: "&$H61&" | ساختار: "&$I61&" | پول هوشمند: "&$J61&" | قدرت خریدار: "&IFERROR(TEXT($K61,"0.00"),"—")&"x"&" | میانگین‌ها: "&IFERROR(TEXT(Calculations!$N$62,"0"),"—")&"/4 ("&$L61&")"&" | حجم: "&IFERROR(TEXT($M61,"0.00"),"—")&"x"&" | بازار: "&$G61) | X61: =IF($A61="","",IFERROR(Calculations!$X$62,"")) | Y61: =IF($A61="","",IFERROR(($E61-$X61)/$E61,"")) | Z61: =IF($A61="","",IFERROR(Calculations!$AR$62,""))
A62: =IF(Calculations!$A$63="","",Calculations!$A$63) | B62: =IF($A62="","",IFERROR(INDEX(Watchlist!$B$1:$B$5000,MATCH($A62,Watchlist!$A$1:$A$5000,0)),"")) | C62: =IF($A62="","",IFERROR(INDEX(Watchlist!$F$1:$F$5000,MATCH($A62,Watchlist!$A$1:$A$5000,0)),"")) | D62: =IF($A62="","",IFERROR(INDEX(Watchlist!$E$1:$E$5000,MATCH($A62,Watchlist!$A$1:$A$5000,0)),"")) | E62: =IF($A62="","",IFERROR(Calculations!$D$63,"")) | F62: =IF($A62="","",IFERROR(Calculations!$F$63,"")) | G62: =IF($A62="","",MARKET_LABEL) | H62: =IF($A62="","",IF($N62>=6,"صعودی قوی",IF($N62>=2,"صعودی",IF($N62<=-6,"نزولی قوی",IF($N62<=-2,"نزولی","خنثی"))))) | I62: =IF($A62="","",IFERROR(Calculations!$U$63,"")) | J62: =IF($A62="","",IF($O62>=6,"ورود قوی پول حقیقی",IF($O62>=2,"ورود پول حقیقی",IF($O62<=-6,"خروج قوی پول حقیقی",IF($O62<=-2,"خروج پول حقیقی","متعادل"))))) | K62: =IF($A62="","",IFERROR(Calculations!$AG$63,"")) | L62: =IF($A62="","",IFERROR(Calculations!$O$63,"")) | M62: =IF($A62="","",IFERROR(Calculations!$AA$63,"")) | N62: =IF($A62="","",IFERROR(Calculations!$AJ$63,0)) | O62: =IF($A62="","",IFERROR(Calculations!$AK$63,0)) | P62: =IF($A62="","",IFERROR(Calculations!$AL$63,0)) | Q62: =IF($A62="","",IFERROR(Calculations!$AM$63,0)) | R62: =IF($A62="","",IFERROR(Calculations!$AN$63,0)) | S62: =IF($A62="","",IFERROR(Calculations!$AO$63,0)) | T62: =IF($A62="","",IFERROR(Calculations!$AP$63,0)) | U62: =IF($A62="","",IF($T62>=TH_SBUY,"خرید قوی",IF($T62>=TH_BUY,"خرید",IF($T62<=TH_SSELL,"فروش قوی",IF($T62<=TH_SELL,"فروش","نگهداری"))))) | V62: =IF($A62="","",IFERROR(Calculations!$AQ$63,1)) | W62: =IF($A62="","","روند: "&$H62&" | ساختار: "&$I62&" | پول هوشمند: "&$J62&" | قدرت خریدار: "&IFERROR(TEXT($K62,"0.00"),"—")&"x"&" | میانگین‌ها: "&IFERROR(TEXT(Calculations!$N$63,"0"),"—")&"/4 ("&$L62&")"&" | حجم: "&IFERROR(TEXT($M62,"0.00"),"—")&"x"&" | بازار: "&$G62) | X62: =IF($A62="","",IFERROR(Calculations!$X$63,"")) | Y62: =IF($A62="","",IFERROR(($E62-$X62)/$E62,"")) | Z62: =IF($A62="","",IFERROR(Calculations!$AR$63,""))
A63: =IF(Calculations!$A$64="","",Calculations!$A$64) | B63: =IF($A63="","",IFERROR(INDEX(Watchlist!$B$1:$B$5000,MATCH($A63,Watchlist!$A$1:$A$5000,0)),"")) | C63: =IF($A63="","",IFERROR(INDEX(Watchlist!$F$1:$F$5000,MATCH($A63,Watchlist!$A$1:$A$5000,0)),"")) | D63: =IF($A63="","",IFERROR(INDEX(Watchlist!$E$1:$E$5000,MATCH($A63,Watchlist!$A$1:$A$5000,0)),"")) | E63: =IF($A63="","",IFERROR(Calculations!$D$64,"")) | F63: =IF($A63="","",IFERROR(Calculations!$F$64,"")) | G63: =IF($A63="","",MARKET_LABEL) | H63: =IF($A63="","",IF($N63>=6,"صعودی قوی",IF($N63>=2,"صعودی",IF($N63<=-6,"نزولی قوی",IF($N63<=-2,"نزولی","خنثی"))))) | I63: =IF($A63="","",IFERROR(Calculations!$U$64,"")) | J63: =IF($A63="","",IF($O63>=6,"ورود قوی پول حقیقی",IF($O63>=2,"ورود پول حقیقی",IF($O63<=-6,"خروج قوی پول حقیقی",IF($O63<=-2,"خروج پول حقیقی","متعادل"))))) | K63: =IF($A63="","",IFERROR(Calculations!$AG$64,"")) | L63: =IF($A63="","",IFERROR(Calculations!$O$64,"")) | M63: =IF($A63="","",IFERROR(Calculations!$AA$64,"")) | N63: =IF($A63="","",IFERROR(Calculations!$AJ$64,0)) | O63: =IF($A63="","",IFERROR(Calculations!$AK$64,0)) | P63: =IF($A63="","",IFERROR(Calculations!$AL$64,0)) | Q63: =IF($A63="","",IFERROR(Calculations!$AM$64,0)) | R63: =IF($A63="","",IFERROR(Calculations!$AN$64,0)) | S63: =IF($A63="","",IFERROR(Calculations!$AO$64,0)) | T63: =IF($A63="","",IFERROR(Calculations!$AP$64,0)) | U63: =IF($A63="","",IF($T63>=TH_SBUY,"خرید قوی",IF($T63>=TH_BUY,"خرید",IF($T63<=TH_SSELL,"فروش قوی",IF($T63<=TH_SELL,"فروش","نگهداری"))))) | V63: =IF($A63="","",IFERROR(Calculations!$AQ$64,1)) | W63: =IF($A63="","","روند: "&$H63&" | ساختار: "&$I63&" | پول هوشمند: "&$J63&" | قدرت خریدار: "&IFERROR(TEXT($K63,"0.00"),"—")&"x"&" | میانگین‌ها: "&IFERROR(TEXT(Calculations!$N$64,"0"),"—")&"/4 ("&$L63&")"&" | حجم: "&IFERROR(TEXT($M63,"0.00"),"—")&"x"&" | بازار: "&$G63) | X63: =IF($A63="","",IFERROR(Calculations!$X$64,"")) | Y63: =IF($A63="","",IFERROR(($E63-$X63)/$E63,"")) | Z63: =IF($A63="","",IFERROR(Calculations!$AR$64,""))

Sheet Data_Input
A1: ورود داده لحظه‌ای (Data_Input)
A2: قانون معماری: این شیت فقط داده خام API را نگه می‌دارد. هیچ فرمول تحلیلی اینجا نوشته نمی‌شود. ردیف خاکستری = نام دقیق فیلد JSON که اسکریپت پایتون روی آن می‌نویسد.
A3: نماد | B3: نام شرکت | C3: کد نماد | D3: ISIN | E3: بازار | F3: صنعت | G3: وضعیت نماد | H3: زمان به‌روزرسانی | I3: آخرین قیمت | J3: قیمت پایانی | K3: قیمت دیروز | L3: تغییر قیمت | M3: درصد تغییر | N3: اولین قیمت | O3: بیشترین قیمت روز | P3: کمترین قیمت روز | Q3: حجم معاملات | R3: ارزش معاملات (ریال) | S3: تعداد معاملات | T3: ارزش بازار (ریال) | U3: تعداد سهام | V3: حجم خرید حقیقی | W3: حجم فروش حقیقی | X3: تعداد خریدار حقیقی | Y3: تعداد فروشنده حقیقی | Z3: حجم خرید حقوقی | AA3: حجم فروش حقوقی | AB3: تعداد خریدار حقوقی | AC3: تعداد فروشنده حقوقی | AD3: بهترین قیمت خرید | AE3: حجم بهترین خرید | AF3: تعداد سفارش خرید | AG3: بهترین قیمت فروش | AH3: حجم بهترین فروش | AI3: تعداد سفارش فروش | AJ3: EPS | AK3: یادداشت دستی
A4: lVal18AFC | B4: lVal30 | C4: insCode | D4: cIsin | E4: flowTitle | F4: lSecVal | G4: cEtavalTitle | H4: hEven | I4: pDrCotVal | J4: pClosing | K4: priceYesterday | L4: priceChange | M4: priceChangePercent | N4: firstPrice | O4: highValue | P4: lowValue | Q4: qTotTran5J | R4: qTotCap | S4: zTotTran | T4: marketvalue | U4: sharecount | V4: buy_I_Volume | W4: sell_I_Volume | X4: buy_CountI | Y4: sell_CountI | Z4: buy_N_Volume | AA4: sell_N_Volume | AB4: buy_CountN | AC4: sell_CountN | AD4: pMeDem_1 | AE4: qTitMeDem_1 | AF4: zOrdMeDem_1 | AG4: pMeOf_1 | AH4: qTitMeOf_1 | AI4: zOrdMeOf_1 | AJ4: eps | AK4: -
A5: فولاد | B5: فولاد مباركه اصفهان | C5: 46348559193224090 | D5: IRO1FOLD0001 | E5: بورس | F5: فلزات اساسي | G5: مجاز | H5: 12:30:00 | I5: 8466 | J5: 8338 | K5: 8446 | L5: -108 | M5: -0.012787118 | N5: 8560 | O5: 8619 | P5: 8168 | Q5: 52874165 | R5: 440864787770 | S5: 1907 | T5: 256827018686000 | U5: 55280741798 | V5: 25238723 | W5: 30750601 | X5: 1157 | Y5: 583 | Z5: 27635442 | AA5: 22123564 | AB5: 11 | AC5: 5 | AD5: 8322 | AE5: 2701097 | AF5: 258 | AG5: 8354 | AH5: 1542985 | AI5: 249 | AJ5: 863
A6: فملي | B6: ملي صنايع مس ايران | C6: 35425587644337450 | D6: IRO1MSMI0001 | E6: بورس | F6: فلزات اساسي | G6: مجاز | H6: 12:30:00 | I6: 6713 | J6: 6687 | K6: 6731 | L6: -44 | M6: -0.0065369187 | N6: 6778 | O6: 6789 | P6: 6630 | Q6: 18522022 | R6: 123856761114 | S6: 838 | T6: 297612030613000 | U6: 38141314705 | V6: 9190607 | W6: 10626003 | X6: 426 | Y6: 298 | Z6: 9331415 | AA6: 7896019 | AB6: 4 | AC6: 2 | AD6: 6674 | AE6: 322754 | AF6: 130 | AG6: 6700 | AH6: 462447 | AI6: 129 | AJ6: 1561
A7: شپنا | B7: پالايش نفت اصفهان | C7: 7745894403636165 | D7: IRO1PNES0001 | E7: بورس | F7: فرآورده‌هاي نفتي | G7: مجاز | H7: 12:30:00 | I7: 3784 | J7: 3727 | K7: 3771 | L7: -44 | M7: -0.011667993 | N7: 3795 | O7: 3797 | P7: 3702 | Q7: 53529819 | R7: 199505635413 | S7: 4745 | T7: 145160620352000 | U7: 68215693076 | V7: 25954963 | W7: 25746168 | X7: 2335 | Y7: 1622 | Z7: 27574856 | AA7: 27783651 | AB7: 23 | AC7: 16 | AD7: 3720 | AE7: 2949014 | AF7: 750 | AG7: 3734 | AH7: 1332587 | AI7: 395 | AJ7: 664
A8: خودرو | B8: ايران خودرو | C8: 65883838195688438 | D8: IRO1IKCO0001 | E8: بورس | F8: خودرو و ساخت قطعات | G8: مجاز | H8: 12:30:00 | I8: 3785 | J8: 3830 | K8: 3969 | L8: -139 | M8: -0.035021416 | N8: 3928 | O8: 4054 | P8: 3748 | Q8: 69296422 | R8: 265405296260 | S8: 3524 | T8: 110288557688000 | U8: 66686757835 | V8: 15886813 | W8: 51829886 | X8: 1053 | Y8: 2364 | Z8: 53409609 | AA8: 17466536 | AB8: 10 | AC8: 23 | AD8: 3823 | AE8: 3826005 | AF8: 191 | AG8: 3837 | AH8: 1862701 | AI8: 372 | AJ8: 889
A9: وبملت | B9: بانك ملت | C9: 778253364357513 | D9: IRO1BMLT0001 | E9: بورس | F9: بانكها و موسسات اعتباري | G9: مجاز | H9: 12:30:00 | I9: 4483 | J9: 4401 | K9: 4565 | L9: -164 | M9: -0.03592552 | N9: 4452 | O9: 4638 | P9: 4331 | Q9: 94398215 | R9: 415446544215 | S9: 2249 | T9: 281855726778000 | U9: 85158344784 | V9: 22570399 | W9: 74298968 | X9: 833 | Y9: 1169 | Z9: 71827816 | AA9: 20099247 | AB9: 8 | AC9: 11 | AD9: 4393 | AE9: 5258707 | AF9: 200 | AG9: 4409 | AH9: 5160105 | AI9: 222 | AJ9: 1448
A10: شستا | B10: سرمايه گذاري تامين اجتماعي | C10: 2400322364771558 | D10: IRO1TAMN0001 | E10: بورس | F10: چند رشته‌اي صنعتي | G10: مجاز | H10: 12:30:00 | I10: 2007 | J10: 1999 | K10: 1987 | L10: 12 | M10: 0.0060392552 | N10: 1969 | O10: 2026 | P10: 1960 | Q10: 70319763 | R10: 140569206237 | S10: 5459 | T10: 65424238437000 | U10: 42228981412 | V10: 39478771 | W10: 31532829 | X10: 1779 | Y10: 2201 | Z10: 30840992 | AA10: 38786934 | AB10: 17 | AC10: 22 | AD10: 1996 | AE10: 4218822 | AF10: 295 | AG10: 2002 | AH10: 1743916 | AI10: 371 | AJ10: 209
A11: اخابر | B11: مخابرات ايران | C11: 22811176775480091 | D11: IRO1MKBT0001 | E11: بورس | F11: مخابرات | G11: مجاز | H11: 12:30:00 | I11: 1194 | J11: 1230 | K11: 1214 | L11: 16 | M11: 0.013179572 | N11: 1226 | O11: 1256 | P11: 1188 | Q11: 84789071 | R11: 104290557330 | S11: 2954 | T11: 83657722005000 | U11: 73568785150 | V11: 58073562 | W11: 31118963 | X11: 1559 | Y11: 1444 | Z11: 26715509 | AA11: 53670108 | AB11: 15 | AC11: 14 | AD11: 1228 | AE11: 2022275 | AF11: 535 | AG11: 1232 | AH11: 4049377 | AI11: 280 | AJ11: 169
A12: كگل | B12: معدني و صنعتي گل گهر | C12: 35700344742885862 | D12: IRO1GOLG0001 | E12: بورس | F12: استخراج كانه‌هاي فلزي | G12: مجاز | H12: 12:30:00 | I12: 11194 | J12: 11057 | K12: 11264 | L12: -207 | M12: -0.018377131 | N12: 11128 | O12: 11303 | P12: 11019 | Q12: 99021680 | R12: 1094882715760 | S12: 5618 | T12: 576137056159000 | U12: 33749690109 | V12: 60162013 | W12: 35796893 | X12: 3750 | Y12: 1458 | Z12: 38859667 | AA12: 63224787 | AB12: 37 | AC12: 14 | AD12: 11035 | AE12: 3236163 | AF12: 662 | AG12: 11079 | AH12: 4017828 | AI12: 816 | AJ12: 1941

Sheet Calculations
A1: محاسبات (Calculations)
A2: همه ستون‌ها فرمول‌اند. شش زیرنمره (T/S/M/V/K/Z) با وزن‌های شیت Settings ترکیب می‌شوند و امتیاز کل را می‌سازند.
A3: نماد | B3: ردیف در Data_Input | C3: ردیف در Daily_History | D3: آخرین قیمت | E3: قیمت پایانی | F3: درصد تغییر | G3: ارزش معاملات (م.ریال) | H3: MA کوتاه | I3: MA میان‌مدت | J3: MA بلند ۱ | K3: MA بلند ۲ | L3: فاصله از MA میان‌مدت | M3: فاصله از MA بلند | N3: تعداد MA زیر قیمت | O3: آرایش میانگین‌ها | P3: شیب MA کوتاه | Q3: سقف کوتاه‌مدت | R3: کف کوتاه‌مدت | S3: سقف میان‌مدت | T3: کف میان‌مدت | U3: ساختار روند | V3: ATR | W3: ATR ٪ | X3: حد ضرر پیشنهادی | Y3: میانگین حجم | Z3: حجم امروز | AA3: نسبت حجم | AB3: خالص حجم حقیقی | AC3: خالص ورود پول (م.ریال) | AD3: خالص ورود ÷ ارزش معاملات | AE3: سرانه خرید حقیقی (م.ریال) | AF3: سرانه فروش حقیقی (م.ریال) | AG3: قدرت خریدار حقیقی | AH3: خالص ورود پول ۵ روزه (م.ریال) | AI3: نسبت خالص ۵ روزه | AJ3: امتیاز روند (T) | AK3: امتیاز پول هوشمند (S) | AL3: امتیاز میانگین‌ها (M) | AM3: امتیاز حجم (V) | AN3: امتیاز بازار (K) | AO3: امتیاز زمان (Z) | AP3: امتیاز کل | AQ3: قدرت سیگنال | AR3: اعتبار نقدشوندگی | AS3: کلید رتبه | AT3: رتبه خرید | AU3: رتبه فروش
A4: از Watchlist | B4: MATCH | C4: MATCH | D4: pDrCotVal | E4: pClosing | F4: priceChangePercent | G4: qTotCap/1e9 | H4: Daily_History!V | I4: Daily_History!W | J4: Daily_History!X | K4: Daily_History!Y | L4: price/MA−1 | M4: price/MA−1 | N4: ۰ تا ۴ | O4: ساختار MA | P4: ۲۰ روز | Q4: Daily_History!AI | R4: Daily_History!AJ | S4: Daily_History!AK | T4: Daily_History!AL | U4: HH / LL | V4: Daily_History!AB | W4: نوسان نسبی | X4: price − k×ATR | Y4: Daily_History!Z | Z4: qTotTran5J | AA4: حجم ÷ میانگین | AB4: buy_I − sell_I | AC4: امروز | AD4: نرمال‌شده | AE4: buy value/buy_CountI | AF4: sell value/sell_CountI | AG4: سرانه خرید ÷ سرانه فروش | AH4: Daily_History!AH | AI4: ÷ ۵×ارزش معاملات | AJ4: −۱۰ تا +۱۰ | AK4: −۱۰ تا +۱۰ | AL4: −۱۰ تا +۱۰ | AM4: −۱۰ تا +۱۰ | AN4: Market_Index | AO4: Time_Link | AP4: میانگین وزنی | AQ4: ۱ تا ۵ | AR4: MIN_LIQ_B | AS4: tie-break | AT4: نزولی | AU4: صعودی
A5: =IF(COUNTA(Watchlist!$A$5)=0,"",Watchlist!$A$5) -> فولاد | B5: =IF($A5="","",IFERROR(MATCH($A5,Data_Input!$A$1:$A$5000,0),"")) -> 5 | C5: =IF($A5="","",IFERROR(MATCH($A5,Daily_History!$AN$1:$AN$5000,0),"")) -> 264 | D5: =IF($A5="","",IFERROR(INDEX(Data_Input!$I$1:$I$5000,$B5),"")) -> 8466 | E5: =IF($A5="","",IFERROR(INDEX(Data_Input!$J$1:$J$5000,$B5),"")) -> 8338 | F5: =IF($A5="","",IFERROR(INDEX(Data_Input!$M$1:$M$5000,$B5),"")) -> -0.012787118 | G5: =IF($A5="","",IFERROR(INDEX(Data_Input!$R$1:$R$5000,$B5)/1000000000,"")) -> 440.86479 | H5: =IF($A5="","",IFERROR(INDEX(Daily_History!$V$1:$V$5000,$C5),"")) -> 8466.55 | I5: =IF($A5="","",IFERROR(INDEX(Daily_History!$W$1:$W$5000,$C5),"")) -> 8189.36 | J5: =IF($A5="","",IFERROR(INDEX(Daily_History!$X$1:$X$5000,$C5),"")) -> 7607.15 | K5: =IF($A5="","",IFERROR(INDEX(Daily_History!$Y$1:$Y$5000,$C5),"")) -> 7188.225 | L5: =IF($A5="","",IFERROR($D5/$I5-1,"")) -> 0.033780418 | M5: =IF($A5="","",IFERROR($D5/$K5-1,"")) -> 0.17775946 | N5: =IF($A5="","",IF(D5>H5,1,0)+IF(D5>I5,1,0)+IF(D5>J5,1,0)+IF(D5>K5,1,0)) -> 3 | O5: =IF($A5="","",IF(AND(ISNUMBER(H5),ISNUMBER(K5)),IF(AND(H5>I5,I5>J5,J5>K5),"آرایش صعودی کامل",IF(AND(H5<I5,I5<J5,J5<K5),"آرایش نزولی کامل",IF(I5>K5,"تقاطع طلایی","تقاطع مرگ"))),"داده ناکافی")) -> آرایش صعودی کامل | P5: =IF($A5="","",IFERROR(H5/INDEX(Daily_History!$V$1:$V$5000,$C5-MA_SHORT)-1,"")) -> 0.036145242 | Q5: =IF($A5="","",IFERROR(INDEX(Daily_History!$AI$1:$AI$5000,$C5),"")) -> 8879 | R5: =IF($A5="","",IFERROR(INDEX(Daily_History!$AJ$1:$AJ$5000,$C5),"")) -> 8109 | S5: =IF($A5="","",IFERROR(INDEX(Daily_History!$AK$1:$AK$5000,$C5),"")) -> 8984 | T5: =IF($A5="","",IFERROR(INDEX(Daily_History!$AL$1:$AL$5000,$C5),"")) -> 6829 | U5: =IF($A5="","",IF(AND(ISNUMBER(S5),ISNUMBER(D5)),IF(D5>=S5*0.995,"سقف‌شکنی میان‌مدت (HH)",IF(D5>=Q5*0.995,"سقف‌شکنی کوتاه‌مدت",IF(D5<=T5*1.005,"کف‌شکنی میان‌مدت (LL)",IF(D5<=R5*1.005,"کف‌شکنی کوتاه‌مدت","درون محدوده")))),"داده ناکافی")) -> درون محدوده | V5: =IF($A5="","",IFERROR(INDEX(Daily_History!$AB$1:$AB$5000,$C5),"")) -> 243.35714 | W5: =IF($A5="","",IFERROR(V5/D5,"")) -> 0.028745233 | X5: =IF($A5="","",IFERROR(D5-ATR_STOP_MULT*V5,"")) -> 7979.2857 | Y5: =IF($A5="","",IFERROR(INDEX(Daily_History!$Z$1:$Z$5000,$C5),"")) -> 55307921 | Z5: =IF($A5="","",IFERROR(INDEX(Data_Input!$Q$1:$Q$5000,$B5),"")) -> 52874165 | AA5: =IF($A5="","",IFERROR(Z5/Y5,"")) -> 0.95599626 | AB5: =IF($A5="","",IFERROR(INDEX(Data_Input!$V$1:$V$5000,$B5)-INDEX(Data_Input!$W$1:$W$5000,$B5),"")) -> -5511878 | AC5: =IF($A5="","",IFERROR(AB5*E5/1000000000,"")) -> -45.958039 | AD5: =IF($A5="","",IFERROR(AB5*E5/INDEX(Data_Input!$R$1:$R$5000,$B5),"")) -> -0.1042452 | AE5: =IF($A5="","",IFERROR(INDEX(Data_Input!$V$1:$V$5000,$B5)*E5/INDEX(Data_Input!$X$1:$X$5000,$B5)/1000000,"")) -> 181.88459 | AF5: =IF($A5="","",IFERROR(INDEX(Data_Input!$W$1:$W$5000,$B5)*E5/INDEX(Data_Input!$Y$1:$Y$5000,$B5)/1000000,"")) -> 439.79161 | AG5: =IF($A5="","",IFERROR(AE5/AF5,"")) -> 0.41356994 | AH5: =IF($A5="","",IFERROR(INDEX(Daily_History!$AH$1:$AH$5000,$C5)/1000000000,"")) -> 106.60904 | AI5: =IF($A5="","",IFERROR(AH5/(5*G5),"")) -> 0.048363597 | AJ5: =IF($A5="","",IFERROR(MAX(-10,MIN(10,IF(D5>I5*1.02,3,IF(D5>I5,1.5,IF(D5<I5*0.98,-3,-1.5)))+IF(I5>K5*1.02,3,IF(I5>K5,1.5,IF(I5<K5*0.98,-3,-1.5)))+IF(D5>=Q5*0.995,2,IF(D5<=R5*1.005,-2,0))+IF(P5>0.03,2,IF(P5>0,1,IF(P5<-0.03,-2,-1))))),0)) -> 8 | AK5: =IF($A5="","",IFERROR(MAX(-10,MIN(10,IF(AG5>=SM_STRONG,4,IF(AG5>=SM_MOD,2,IF(AG5<=SM_BAD,-4,IF(AG5<=SM_WEAK,-2,0))))+IF(AD5>=NF_STRONG,3,IF(AD5>=NF_MOD,1.5,IF(AD5<=-NF_STRONG,-3,IF(AD5<=-NF_MOD,-1.5,0))))+IF(AI5>=NF_MOD,3,IF(AI5>0,1.5,IF(AI5<=-NF_MOD,-3,-1.5))))),0)) -> -4 | AL5: =IF($A5="","",IFERROR(N5*5-10,0)) -> 5 | AM5: =IF($A5="","",IFERROR(IF(F5>0,IF(AA5>=VOL_HIGH,9,IF(AA5>=VOL_MOD,5,IF(AA5<=VOL_DRY,-2,2))),IF(F5<0,IF(AA5>=VOL_HIGH,-9,IF(AA5>=VOL_MOD,-5,IF(AA5<=VOL_DRY,2,-2))),0)),0)) -> -2 | AN5: =IF($A5="","",MARKET_SCORE) -> -7 | AO5: =IF($A5="","",IFERROR(INDEX(Time_Link!$B$1:$B$5000,MATCH($A5,Time_Link!$A$1:$A$5000,0)),0)) -> 0 | AP5: =IF($A5="","",IFERROR((AJ5*W_TREND+AK5*W_SMART+AL5*W_MA+AM5*W_VOL+AN5*W_MARKET+AO5*W_TIME)/W_SUM,0)) -> 1.45 | AQ5: =IF($A5="","",IF(ABS(AP5)>=8,5,IF(ABS(AP5)>=5,4,IF(ABS(AP5)>=3,3,IF(ABS(AP5)>=1.5,2,1))))) -> 1 | AR5: =IF($A5="","",IF(G5="","بدون داده",IF(G5<MIN_LIQ_B,"کم‌اعتبار","معتبر"))) -> معتبر | AS5: =IF($A5="","",IFERROR(AP5+ROW()/1000000,-99)) -> 1.450005 | AT5: =IF($A5="","",RANK(AS5,$AS$5:$AS$64,0)) -> 3 | AU5: =IF($A5="","",RANK(AS5,$AS$5:$AS$64,1)) -> 6
A6: =IF(COUNTA(Watchlist!$A$6)=0,"",Watchlist!$A$6) -> فملي | B6: =IF($A6="","",IFERROR(MATCH($A6,Data_Input!$A$1:$A$5000,0),"")) -> 6 | C6: =IF($A6="","",IFERROR(MATCH($A6,Daily_History!$AN$1:$AN$5000,0),"")) -> 524 | D6: =IF($A6="","",IFERROR(INDEX(Data_Input!$I$1:$I$5000,$B6),"")) -> 6713 | E6: =IF($A6="","",IFERROR(INDEX(Data_Input!$J$1:$J$5000,$B6),"")) -> 6687 | F6: =IF($A6="","",IFERROR(INDEX(Data_Input!$M$1:$M$5000,$B6),"")) -> -0.0065369187 | G6: =IF($A6="","",IFERROR(INDEX(Data_Input!$R$1:$R$5000,$B6)/1000000000,"")) -> 123.85676 | H6: =IF($A6="","",IFERROR(INDEX(Daily_History!$V$1:$V$5000,$C6),"")) -> 6643.95 | I6: =IF($A6="","",IFERROR(INDEX(Daily_History!$W$1:$W$5000,$C6),"")) -> 7150.52 | J6: =IF($A6="","",IFERROR(INDEX(Daily_History!$X$1:$X$5000,$C6),"")) -> 7182.69 | K6: =IF($A6="","",IFERROR(INDEX(Daily_History!$Y$1:$Y$5000,$C6),"")) -> 7412.74 | L6: =IF($A6="","",IFERROR($D6/$I6-1,"")) -> -0.061187158 | M6: =IF($A6="","",IFERROR($D6/$K6-1,"")) -> -0.094396944 | N6: =IF($A6="","",IF(D6>H6,1,0)+IF(D6>I6,1,0)+IF(D6>J6,1,0)+IF(D6>K6,1,0)) -> 1 | O6: =IF($A6="","",IF(AND(ISNUMBER(H6),ISNUMBER(K6)),IF(AND(H6>I6,I6>J6,J6>K6),"آرایش صعودی کامل",IF(AND(H6<I6,I6<J6,J6<K6),"آرایش نزولی کامل",IF(I6>K6,"تقاطع طلایی","تقاطع مرگ"))),"داده ناکافی")) -> آرایش نزولی کامل | P6: =IF($A6="","",IFERROR(H6/INDEX(Daily_History!$V$1:$V$5000,$C6-MA_SHORT)-1,"")) -> -0.11025478 | Q6: =IF($A6="","",IFERROR(INDEX(Daily_History!$AI$1:$AI$5000,$C6),"")) -> 7285 | R6: =IF($A6="","",IFERROR(INDEX(Daily_History!$AJ$1:$AJ$5000,$C6),"")) -> 6179 | S6: =IF($A6="","",IFERROR(INDEX(Daily_History!$AK$1:$AK$5000,$C6),"")) -> 7849 | T6: =IF($A6="","",IFERROR(INDEX(Daily_History!$AL$1:$AL$5000,$C6),"")) -> 6179 | U6: =IF($A6="","",IF(AND(ISNUMBER(S6),ISNUMBER(D6)),IF(D6>=S6*0.995,"سقف‌شکنی میان‌مدت (HH)",IF(D6>=Q6*0.995,"سقف‌شکنی کوتاه‌مدت",IF(D6<=T6*1.005,"کف‌شکنی میان‌مدت (LL)",IF(D6<=R6*1.005,"کف‌شکنی کوتاه‌مدت","درون محدوده")))),"داده ناکافی")) -> درون محدوده | V6: =IF($A6="","",IFERROR(INDEX(Daily_History!$AB$1:$AB$5000,$C6),"")) -> 296.78571 | W6: =IF($A6="","",IFERROR(V6/D6,"")) -> 0.044210594 | X6: =IF($A6="","",IFERROR(D6-ATR_STOP_MULT*V6,"")) -> 6119.4286 | Y6: =IF($A6="","",IFERROR(INDEX(Daily_History!$Z$1:$Z$5000,$C6),"")) -> 18822233 | Z6: =IF($A6="","",IFERROR(INDEX(Data_Input!$Q$1:$Q$5000,$B6),"")) -> 18522022 | AA6: =IF($A6="","",IFERROR(Z6/Y6,"")) -> 0.98405018 | AB6: =IF($A6="","",IFERROR(INDEX(Data_Input!$V$1:$V$5000,$B6)-INDEX(Data_Input!$W$1:$W$5000,$B6),"")) -> -1435396 | AC6: =IF($A6="","",IFERROR(AB6*E6/1000000000,"")) -> -9.5984931 | AD6: =IF($A6="","",IFERROR(AB6*E6/INDEX(Data_Input!$R$1:$R$5000,$B6),"")) -> -0.077496723 | AE6: =IF($A6="","",IFERROR(INDEX(Data_Input!$V$1:$V$5000,$B6)*E6/INDEX(Data_Input!$X$1:$X$5000,$B6)/1000000,"")) -> 144.26664 | AF6: =IF($A6="","",IFERROR(INDEX(Data_Input!$W$1:$W$5000,$B6)*E6/INDEX(Data_Input!$Y$1:$Y$5000,$B6)/1000000,"")) -> 238.44323 | AG6: =IF($A6="","",IFERROR(AE6/AF6,"")) -> 0.6050356 | AH6: =IF($A6="","",IFERROR(INDEX(Daily_History!$AH$1:$AH$5000,$C6)/1000000000,"")) -> 67.141521 | AI6: =IF($A6="","",IFERROR(AH6/(5*G6),"")) -> 0.10841802 | AJ6: =IF($A6="","",IFERROR(MAX(-10,MIN(10,IF(D6>I6*1.02,3,IF(D6>I6,1.5,IF(D6<I6*0.98,-3,-1.5)))+IF(I6>K6*1.02,3,IF(I6>K6,1.5,IF(I6<K6*0.98,-3,-1.5)))+IF(D6>=Q6*0.995,2,IF(D6<=R6*1.005,-2,0))+IF(P6>0.03,2,IF(P6>0,1,IF(P6<-0.03,-2,-1))))),0)) -> -8 | AK6: =IF($A6="","",IFERROR(MAX(-10,MIN(10,IF(AG6>=SM_STRONG,4,IF(AG6>=SM_MOD,2,IF(AG6<=SM_BAD,-4,IF(AG6<=SM_WEAK,-2,0))))+IF(AD6>=NF_STRONG,3,IF(AD6>=NF_MOD,1.5,IF(AD6<=-NF_STRONG,-3,IF(AD6<=-NF_MOD,-1.5,0))))+IF(AI6>=NF_MOD,3,IF(AI6>0,1.5,IF(AI6<=-NF_MOD,-3,-1.5))))),0)) -> -2.5 | AL6: =IF($A6="","",IFERROR(N6*5-10,0)) -> -5 | AM6: =IF($A6="","",IFERROR(IF(F6>0,IF(AA6>=VOL_HIGH,9,IF(AA6>=VOL_MOD,5,IF(AA6<=VOL_DRY,-2,2))),IF(F6<0,IF(AA6>=VOL_HIGH,-9,IF(AA6>=VOL_MOD,-5,IF(AA6<=VOL_DRY,2,-2))),0)),0)) -> -2 | AN6: =IF($A6="","",MARKET_SCORE) -> -7 | AO6: =IF($A6="","",IFERROR(INDEX(Time_Link!$B$1:$B$5000,MATCH($A6,Time_Link!$A$1:$A$5000,0)),0)) -> 0 | AP6: =IF($A6="","",IFERROR((AJ6*W_TREND+AK6*W_SMART+AL6*W_MA+AM6*W_VOL+AN6*W_MARKET+AO6*W_TIME)/W_SUM,0)) -> -5.2 | AQ6: =IF($A6="","",IF(ABS(AP6)>=8,5,IF(ABS(AP6)>=5,4,IF(ABS(AP6)>=3,3,IF(ABS(AP6)>=1.5,2,1))))) -> 4 | AR6: =IF($A6="","",IF(G6="","بدون داده",IF(G6<MIN_LIQ_B,"کم‌اعتبار","معتبر"))) -> معتبر | AS6: =IF($A6="","",IFERROR(AP6+ROW()/1000000,-99)) -> -5.199994 | AT6: =IF($A6="","",RANK(AS6,$AS$5:$AS$64,0)) -> 6 | AU6: =IF($A6="","",RANK(AS6,$AS$5:$AS$64,1)) -> 3
A7: =IF(COUNTA(Watchlist!$A$7)=0,"",Watchlist!$A$7) -> شپنا | B7: =IF($A7="","",IFERROR(MATCH($A7,Data_Input!$A$1:$A$5000,0),"")) -> 7 | C7: =IF($A7="","",IFERROR(MATCH($A7,Daily_History!$AN$1:$AN$5000,0),"")) -> 784 | D7: =IF($A7="","",IFERROR(INDEX(Data_Input!$I$1:$I$5000,$B7),"")) -> 3784 | E7: =IF($A7="","",IFERROR(INDEX(Data_Input!$J$1:$J$5000,$B7),"")) -> 3727 | F7: =IF($A7="","",IFERROR(INDEX(Data_Input!$M$1:$M$5000,$B7),"")) -> -0.011667993 | G7: =IF($A7="","",IFERROR(INDEX(Data_Input!$R$1:$R$5000,$B7)/1000000000,"")) -> 199.50564 | H7: =IF($A7="","",IFERROR(INDEX(Daily_History!$V$1:$V$5000,$C7),"")) -> 3826 | I7: =IF($A7="","",IFERROR(INDEX(Daily_History!$W$1:$W$5000,$C7),"")) -> 4018.08 | J7: =IF($A7="","",IFERROR(INDEX(Daily_History!$X$1:$X$5000,$C7),"")) -> 4131.02 | K7: =IF($A7="","",IFERROR(INDEX(Daily_History!$Y$1:$Y$5000,$C7),"")) -> 4078.885 | L7: =IF($A7="","",IFERROR($D7/$I7-1,"")) -> -0.05825668 | M7: =IF($A7="","",IFERROR($D7/$K7-1,"")) -> -0.072295493 | N7: =IF($A7="","",IF(D7>H7,1,0)+IF(D7>I7,1,0)+IF(D7>J7,1,0)+IF(D7>K7,1,0)) -> 0 | O7: =IF($A7="","",IF(AND(ISNUMBER(H7),ISNUMBER(K7)),IF(AND(H7>I7,I7>J7,J7>K7),"آرایش صعودی کامل",IF(AND(H7<I7,I7<J7,J7<K7),"آرایش نزولی کامل",IF(I7>K7,"تقاطع طلایی","تقاطع مرگ"))),"داده ناکافی")) -> تقاطع مرگ | P7: =IF($A7="","",IFERROR(H7/INDEX(Daily_History!$V$1:$V$5000,$C7-MA_SHORT)-1,"")) -> -0.082834917 | Q7: =IF($A7="","",IFERROR(INDEX(Daily_History!$AI$1:$AI$5000,$C7),"")) -> 4100 | R7: =IF($A7="","",IFERROR(INDEX(Daily_History!$AJ$1:$AJ$5000,$C7),"")) -> 3632 | S7: =IF($A7="","",IFERROR(INDEX(Daily_History!$AK$1:$AK$5000,$C7),"")) -> 4572 | T7: =IF($A7="","",IFERROR(INDEX(Daily_History!$AL$1:$AL$5000,$C7),"")) -> 3632 | U7: =IF($A7="","",IF(AND(ISNUMBER(S7),ISNUMBER(D7)),IF(D7>=S7*0.995,"سقف‌شکنی میان‌مدت (HH)",IF(D7>=Q7*0.995,"سقف‌شکنی کوتاه‌مدت",IF(D7<=T7*1.005,"کف‌شکنی میان‌مدت (LL)",IF(D7<=R7*1.005,"کف‌شکنی کوتاه‌مدت","درون محدوده")))),"داده ناکافی")) -> درون محدوده | V7: =IF($A7="","",IFERROR(INDEX(Daily_History!$AB$1:$AB$5000,$C7),"")) -> 123.42857 | W7: =IF($A7="","",IFERROR(V7/D7,"")) -> 0.032618544 | X7: =IF($A7="","",IFERROR(D7-ATR_STOP_MULT*V7,"")) -> 3537.1429 | Y7: =IF($A7="","",IFERROR(INDEX(Daily_History!$Z$1:$Z$5000,$C7),"")) -> 64629458 | Z7: =IF($A7="","",IFERROR(INDEX(Data_Input!$Q$1:$Q$5000,$B7),"")) -> 53529819 | AA7: =IF($A7="","",IFERROR(Z7/Y7,"")) -> 0.82825728 | AB7: =IF($A7="","",IFERROR(INDEX(Data_Input!$V$1:$V$5000,$B7)-INDEX(Data_Input!$W$1:$W$5000,$B7),"")) -> 208795 | AC7: =IF($A7="","",IFERROR(AB7*E7/1000000000,"")) -> 0.77817896 | AD7: =IF($A7="","",IFERROR(AB7*E7/INDEX(Data_Input!$R$1:$R$5000,$B7),"")) -> 0.0039005363 | AE7: =IF($A7="","",IFERROR(INDEX(Data_Input!$V$1:$V$5000,$B7)*E7/INDEX(Data_Input!$X$1:$X$5000,$B7)/1000000,"")) -> 41.4279 | AF7: =IF($A7="","",IFERROR(INDEX(Data_Input!$W$1:$W$5000,$B7)*E7/INDEX(Data_Input!$Y$1:$Y$5000,$B7)/1000000,"")) -> 59.159043 | AG7: =IF($A7="","",IFERROR(AE7/AF7,"")) -> 0.70028009 | AH7: =IF($A7="","",IFERROR(INDEX(Daily_History!$AH$1:$AH$5000,$C7)/1000000000,"")) -> -52.945607 | AI7: =IF($A7="","",IFERROR(AH7/(5*G7),"")) -> -0.053076803 | AJ7: =IF($A7="","",IFERROR(MAX(-10,MIN(10,IF(D7>I7*1.02,3,IF(D7>I7,1.5,IF(D7<I7*0.98,-3,-1.5)))+IF(I7>K7*1.02,3,IF(I7>K7,1.5,IF(I7<K7*0.98,-3,-1.5)))+IF(D7>=Q7*0.995,2,IF(D7<=R7*1.005,-2,0))+IF(P7>0.03,2,IF(P7>0,1,IF(P7<-0.03,-2,-1))))),0)) -> -6.5 | AK7: =IF($A7="","",IFERROR(MAX(-10,MIN(10,IF(AG7>=SM_STRONG,4,IF(AG7>=SM_MOD,2,IF(AG7<=SM_BAD,-4,IF(AG7<=SM_WEAK,-2,0))))+IF(AD7>=NF_STRONG,3,IF(AD7>=NF_MOD,1.5,IF(AD7<=-NF_STRONG,-3,IF(AD7<=-NF_MOD,-1.5,0))))+IF(AI7>=NF_MOD,3,IF(AI7>0,1.5,IF(AI7<=-NF_MOD,-3,-1.5))))),0)) -> -5 | AL7: =IF($A7="","",IFERROR(N7*5-10,0)) -> -10 | AM7: =IF($A7="","",IFERROR(IF(F7>0,IF(AA7>=VOL_HIGH,9,IF(AA7>=VOL_MOD,5,IF(AA7<=VOL_DRY,-2,2))),IF(F7<0,IF(AA7>=VOL_HIGH,-9,IF(AA7>=VOL_MOD,-5,IF(AA7<=VOL_DRY,2,-2))),0)),0)) -> -2 | AN7: =IF($A7="","",MARKET_SCORE) -> -7 | AO7: =IF($A7="","",IFERROR(INDEX(Time_Link!$B$1:$B$5000,MATCH($A7,Time_Link!$A$1:$A$5000,0)),0)) -> 0 | AP7: =IF($A7="","",IFERROR((AJ7*W_TREND+AK7*W_SMART+AL7*W_MA+AM7*W_VOL+AN7*W_MARKET+AO7*W_TIME)/W_SUM,0)) -> -6.175 | AQ7: =IF($A7="","",IF(ABS(AP7)>=8,5,IF(ABS(AP7)>=5,4,IF(ABS(AP7)>=3,3,IF(ABS(AP7)>=1.5,2,1))))) -> 4 | AR7: =IF($A7="","",IF(G7="","بدون داده",IF(G7<MIN_LIQ_B,"کم‌اعتبار","معتبر"))) -> معتبر | AS7: =IF($A7="","",IFERROR(AP7+ROW()/1000000,-99)) -> -6.174993 | AT7: =IF($A7="","",RANK(AS7,$AS$5:$AS$64,0)) -> 7 | AU7: =IF($A7="","",RANK(AS7,$AS$5:$AS$64,1)) -> 2
A8: =IF(COUNTA(Watchlist!$A$8)=0,"",Watchlist!$A$8) -> خودرو | B8: =IF($A8="","",IFERROR(MATCH($A8,Data_Input!$A$1:$A$5000,0),"")) -> 8 | C8: =IF($A8="","",IFERROR(MATCH($A8,Daily_History!$AN$1:$AN$5000,0),"")) -> 1044 | D8: =IF($A8="","",IFERROR(INDEX(Data_Input!$I$1:$I$5000,$B8),"")) -> 3785 | E8: =IF($A8="","",IFERROR(INDEX(Data_Input!$J$1:$J$5000,$B8),"")) -> 3830 | F8: =IF($A8="","",IFERROR(INDEX(Data_Input!$M$1:$M$5000,$B8),"")) -> -0.035021416 | G8: =IF($A8="","",IFERROR(INDEX(Data_Input!$R$1:$R$5000,$B8)/1000000000,"")) -> 265.4053 | H8: =IF($A8="","",IFERROR(INDEX(Daily_History!$V$1:$V$5000,$C8),"")) -> 3765.35 | I8: =IF($A8="","",IFERROR(INDEX(Daily_History!$W$1:$W$5000,$C8),"")) -> 3531.4 | J8: =IF($A8="","",IFERROR(INDEX(Daily_History!$X$1:$X$5000,$C8),"")) -> 3429.21 | K8: =IF($A8="","",IFERROR(INDEX(Daily_History!$Y$1:$Y$5000,$C8),"")) -> 3313.22 | L8: =IF($A8="","",IFERROR($D8/$I8-1,"")) -> 0.071812879 | M8: =IF($A8="","",IFERROR($D8/$K8-1,"")) -> 0.1423932 | N8: =IF($A8="","",IF(D8>H8,1,0)+IF(D8>I8,1,0)+IF(D8>J8,1,0)+IF(D8>K8,1,0)) -> 4 | O8: =IF($A8="","",IF(AND(ISNUMBER(H8),ISNUMBER(K8)),IF(AND(H8>I8,I8>J8,J8>K8),"آرایش صعودی کامل",IF(AND(H8<I8,I8<J8,J8<K8),"آرایش نزولی کامل",IF(I8>K8,"تقاطع طلایی","تقاطع مرگ"))),"داده ناکافی")) -> آرایش صعودی کامل | P8: =IF($A8="","",IFERROR(H8/INDEX(Daily_History!$V$1:$V$5000,$C8-MA_SHORT)-1,"")) -> 0.12800887 | Q8: =IF($A8="","",IFERROR(INDEX(Daily_History!$AI$1:$AI$5000,$C8),"")) -> 4054 | R8: =IF($A8="","",IFERROR(INDEX(Daily_History!$AJ$1:$AJ$5000,$C8),"")) -> 3495 | S8: =IF($A8="","",IFERROR(INDEX(Daily_History!$AK$1:$AK$5000,$C8),"")) -> 4054 | T8: =IF($A8="","",IFERROR(INDEX(Daily_History!$AL$1:$AL$5000,$C8),"")) -> 3005 | U8: =IF($A8="","",IF(AND(ISNUMBER(S8),ISNUMBER(D8)),IF(D8>=S8*0.995,"سقف‌شکنی میان‌مدت (HH)",IF(D8>=Q8*0.995,"سقف‌شکنی کوتاه‌مدت",IF(D8<=T8*1.005,"کف‌شکنی میان‌مدت (LL)",IF(D8<=R8*1.005,"کف‌شکنی کوتاه‌مدت","درون محدوده")))),"داده ناکافی")) -> درون محدوده | V8: =IF($A8="","",IFERROR(INDEX(Daily_History!$AB$1:$AB$5000,$C8),"")) -> 191.42857 | W8: =IF($A8="","",IFERROR(V8/D8,"")) -> 0.05057558 | X8: =IF($A8="","",IFERROR(D8-ATR_STOP_MULT*V8,"")) -> 3402.1429 | Y8: =IF($A8="","",IFERROR(INDEX(Daily_History!$Z$1:$Z$5000,$C8),"")) -> 70659338 | Z8: =IF($A8="","",IFERROR(INDEX(Data_Input!$Q$1:$Q$5000,$B8),"")) -> 69296422 | AA8: =IF($A8="","",IFERROR(Z8/Y8,"")) -> 0.98071145 | AB8: =IF($A8="","",IFERROR(INDEX(Data_Input!$V$1:$V$5000,$B8)-INDEX(Data_Input!$W$1:$W$5000,$B8),"")) -> -35943073 | AC8: =IF($A8="","",IFERROR(AB8*E8/1000000000,"")) -> -137.66197 | AD8: =IF($A8="","",IFERROR(AB8*E8/INDEX(Data_Input!$R$1:$R$5000,$B8),"")) -> -0.51868584 | AE8: =IF($A8="","",IFERROR(INDEX(Data_Input!$V$1:$V$5000,$B8)*E8/INDEX(Data_Input!$X$1:$X$5000,$B8)/1000000,"")) -> 57.783945 | AF8: =IF($A8="","",IFERROR(INDEX(Data_Input!$W$1:$W$5000,$B8)*E8/INDEX(Data_Input!$Y$1:$Y$5000,$B8)/1000000,"")) -> 83.971431 | AG8: =IF($A8="","",IFERROR(AE8/AF8,"")) -> 0.68813814 | AH8: =IF($A8="","",IFERROR(INDEX(Daily_History!$AH$1:$AH$5000,$C8)/1000000000,"")) -> -240.72387 | AI8: =IF($A8="","",IFERROR(AH8/(5*G8),"")) -> -0.18140095 | AJ8: =IF($A8="","",IFERROR(MAX(-10,MIN(10,IF(D8>I8*1.02,3,IF(D8>I8,1.5,IF(D8<I8*0.98,-3,-1.5)))+IF(I8>K8*1.02,3,IF(I8>K8,1.5,IF(I8<K8*0.98,-3,-1.5)))+IF(D8>=Q8*0.995,2,IF(D8<=R8*1.005,-2,0))+IF(P8>0.03,2,IF(P8>0,1,IF(P8<-0.03,-2,-1))))),0)) -> 8 | AK8: =IF($A8="","",IFERROR(MAX(-10,MIN(10,IF(AG8>=SM_STRONG,4,IF(AG8>=SM_MOD,2,IF(AG8<=SM_BAD,-4,IF(AG8<=SM_WEAK,-2,0))))+IF(AD8>=NF_STRONG,3,IF(AD8>=NF_MOD,1.5,IF(AD8<=-NF_STRONG,-3,IF(AD8<=-NF_MOD,-1.5,0))))+IF(AI8>=NF_MOD,3,IF(AI8>0,1.5,IF(AI8<=-NF_MOD,-3,-1.5))))),0)) -> -8 | AL8: =IF($A8="","",IFERROR(N8*5-10,0)) -> 10 | AM8: =IF($A8="","",IFERROR(IF(F8>0,IF(AA8>=VOL_HIGH,9,IF(AA8>=VOL_MOD,5,IF(AA8<=VOL_DRY,-2,2))),IF(F8<0,IF(AA8>=VOL_HIGH,-9,IF(AA8>=VOL_MOD,-5,IF(AA8<=VOL_DRY,2,-2))),0)),0)) -> -2 | AN8: =IF($A8="","",MARKET_SCORE) -> -7 | AO8: =IF($A8="","",IFERROR(INDEX(Time_Link!$B$1:$B$5000,MATCH($A8,Time_Link!$A$1:$A$5000,0)),0)) -> 0 | AP8: =IF($A8="","",IFERROR((AJ8*W_TREND+AK8*W_SMART+AL8*W_MA+AM8*W_VOL+AN8*W_MARKET+AO8*W_TIME)/W_SUM,0)) -> 1 | AQ8: =IF($A8="","",IF(ABS(AP8)>=8,5,IF(ABS(AP8)>=5,4,IF(ABS(AP8)>=3,3,IF(ABS(AP8)>=1.5,2,1))))) -> 1 | AR8: =IF($A8="","",IF(G8="","بدون داده",IF(G8<MIN_LIQ_B,"کم‌اعتبار","معتبر"))) -> معتبر | AS8: =IF($A8="","",IFERROR(AP8+ROW()/1000000,-99)) -> 1.000008 | AT8: =IF($A8="","",RANK(AS8,$AS$5:$AS$64,0)) -> 4 | AU8: =IF($A8="","",RANK(AS8,$AS$5:$AS$64,1)) -> 5
A9: =IF(COUNTA(Watchlist!$A$9)=0,"",Watchlist!$A$9) -> وبملت | B9: =IF($A9="","",IFERROR(MATCH($A9,Data_Input!$A$1:$A$5000,0),"")) -> 9 | C9: =IF($A9="","",IFERROR(MATCH($A9,Daily_History!$AN$1:$AN$5000,0),"")) -> 1304 | D9: =IF($A9="","",IFERROR(INDEX(Data_Input!$I$1:$I$5000,$B9),"")) -> 4483 | E9: =IF($A9="","",IFERROR(INDEX(Data_Input!$J$1:$J$5000,$B9),"")) -> 4401 | F9: =IF($A9="","",IFERROR(INDEX(Data_Input!$M$1:$M$5000,$B9),"")) -> -0.03592552 | G9: =IF($A9="","",IFERROR(INDEX(Data_Input!$R$1:$R$5000,$B9)/1000000000,"")) -> 415.44654 | H9: =IF($A9="","",IFERROR(INDEX(Daily_History!$V$1:$V$5000,$C9),"")) -> 4439.75 | I9: =IF($A9="","",IFERROR(INDEX(Daily_History!$W$1:$W$5000,$C9),"")) -> 4678.52 | J9: =IF($A9="","",IFERROR(INDEX(Daily_History!$X$1:$X$5000,$C9),"")) -> 4723.45 | K9: =IF($A9="","",IFERROR(INDEX(Daily_History!$Y$1:$Y$5000,$C9),"")) -> 5051.71 | L9: =IF($A9="","",IFERROR($D9/$I9-1,"")) -> -0.041790994 | M9: =IF($A9="","",IFERROR($D9/$K9-1,"")) -> -0.11257772 | N9: =IF($A9="","",IF(D9>H9,1,0)+IF(D9>I9,1,0)+IF(D9>J9,1,0)+IF(D9>K9,1,0)) -> 1 | O9: =IF($A9="","",IF(AND(ISNUMBER(H9),ISNUMBER(K9)),IF(AND(H9>I9,I9>J9,J9>K9),"آرایش صعودی کامل",IF(AND(H9<I9,I9<J9,J9<K9),"آرایش نزولی کامل",IF(I9>K9,"تقاطع طلایی","تقاطع مرگ"))),"داده ناکافی")) -> آرایش نزولی کامل | P9: =IF($A9="","",IFERROR(H9/INDEX(Daily_History!$V$1:$V$5000,$C9-MA_SHORT)-1,"")) -> -0.082800508 | Q9: =IF($A9="","",IFERROR(INDEX(Daily_History!$AI$1:$AI$5000,$C9),"")) -> 4822 | R9: =IF($A9="","",IFERROR(INDEX(Daily_History!$AJ$1:$AJ$5000,$C9),"")) -> 4210 | S9: =IF($A9="","",IFERROR(INDEX(Daily_History!$AK$1:$AK$5000,$C9),"")) -> 5326 | T9: =IF($A9="","",IFERROR(INDEX(Daily_History!$AL$1:$AL$5000,$C9),"")) -> 4210 | U9: =IF($A9="","",IF(AND(ISNUMBER(S9),ISNUMBER(D9)),IF(D9>=S9*0.995,"سقف‌شکنی میان‌مدت (HH)",IF(D9>=Q9*0.995,"سقف‌شکنی کوتاه‌مدت",IF(D9<=T9*1.005,"کف‌شکنی میان‌مدت (LL)",IF(D9<=R9*1.005,"کف‌شکنی کوتاه‌مدت","درون محدوده")))),"داده ناکافی")) -> درون محدوده | V9: =IF($A9="","",IFERROR(INDEX(Daily_History!$AB$1:$AB$5000,$C9),"")) -> 137.35714 | W9: =IF($A9="","",IFERROR(V9/D9,"")) -> 0.030639559 | X9: =IF($A9="","",IFERROR(D9-ATR_STOP_MULT*V9,"")) -> 4208.2857 | Y9: =IF($A9="","",IFERROR(INDEX(Daily_History!$Z$1:$Z$5000,$C9),"")) -> 1.0875294e+08 | Z9: =IF($A9="","",IFERROR(INDEX(Data_Input!$Q$1:$Q$5000,$B9),"")) -> 94398215 | AA9: =IF($A9="","",IFERROR(Z9/Y9,"")) -> 0.86800613 | AB9: =IF($A9="","",IFERROR(INDEX(Data_Input!$V$1:$V$5000,$B9)-INDEX(Data_Input!$W$1:$W$5000,$B9),"")) -> -51728569 | AC9: =IF($A9="","",IFERROR(AB9*E9/1000000000,"")) -> -227.65743 | AD9: =IF($A9="","",IFERROR(AB9*E9/INDEX(Data_Input!$R$1:$R$5000,$B9),"")) -> -0.54798249 | AE9: =IF($A9="","",IFERROR(INDEX(Data_Input!$V$1:$V$5000,$B9)*E9/INDEX(Data_Input!$X$1:$X$5000,$B9)/1000000,"")) -> 119.24649 | AF9: =IF($A9="","",IFERROR(INDEX(Data_Input!$W$1:$W$5000,$B9)*E9/INDEX(Data_Input!$Y$1:$Y$5000,$B9)/1000000,"")) -> 279.7175 | AG9: =IF($A9="","",IFERROR(AE9/AF9,"")) -> 0.42631044 | AH9: =IF($A9="","",IFERROR(INDEX(Daily_History!$AH$1:$AH$5000,$C9)/1000000000,"")) -> -277.38132 | AI9: =IF($A9="","",IFERROR(AH9/(5*G9),"")) -> -0.13353406 | AJ9: =IF($A9="","",IFERROR(MAX(-10,MIN(10,IF(D9>I9*1.02,3,IF(D9>I9,1.5,IF(D9<I9*0.98,-3,-1.5)))+IF(I9>K9*1.02,3,IF(I9>K9,1.5,IF(I9<K9*0.98,-3,-1.5)))+IF(D9>=Q9*0.995,2,IF(D9<=R9*1.005,-2,0))+IF(P9>0.03,2,IF(P9>0,1,IF(P9<-0.03,-2,-1))))),0)) -> -8 | AK9: =IF($A9="","",IFERROR(MAX(-10,MIN(10,IF(AG9>=SM_STRONG,4,IF(AG9>=SM_MOD,2,IF(AG9<=SM_BAD,-4,IF(AG9<=SM_WEAK,-2,0))))+IF(AD9>=NF_STRONG,3,IF(AD9>=NF_MOD,1.5,IF(AD9<=-NF_STRONG,-3,IF(AD9<=-NF_MOD,-1.5,0))))+IF(AI9>=NF_MOD,3,IF(AI9>0,1.5,IF(AI9<=-NF_MOD,-3,-1.5))))),0)) -> -10 | AL9: =IF($A9="","",IFERROR(N9*5-10,0)) -> -5 | AM9: =IF($A9="","",IFERROR(IF(F9>0,IF(AA9>=VOL_HIGH,9,IF(AA9>=VOL_MOD,5,IF(AA9<=VOL_DRY,-2,2))),IF(F9<0,IF(AA9>=VOL_HIGH,-9,IF(AA9>=VOL_MOD,-5,IF(AA9<=VOL_DRY,2,-2))),0)),0)) -> -2 | AN9: =IF($A9="","",MARKET_SCORE) -> -7 | AO9: =IF($A9="","",IFERROR(INDEX(Time_Link!$B$1:$B$5000,MATCH($A9,Time_Link!$A$1:$A$5000,0)),0)) -> 0 | AP9: =IF($A9="","",IFERROR((AJ9*W_TREND+AK9*W_SMART+AL9*W_MA+AM9*W_VOL+AN9*W_MARKET+AO9*W_TIME)/W_SUM,0)) -> -7.45 | AQ9: =IF($A9="","",IF(ABS(AP9)>=8,5,IF(ABS(AP9)>=5,4,IF(ABS(AP9)>=3,3,IF(ABS(AP9)>=1.5,2,1))))) -> 4 | AR9: =IF($A9="","",IF(G9="","بدون داده",IF(G9<MIN_LIQ_B,"کم‌اعتبار","معتبر"))) -> معتبر | AS9: =IF($A9="","",IFERROR(AP9+ROW()/1000000,-99)) -> -7.449991 | AT9: =IF($A9="","",RANK(AS9,$AS$5:$AS$64,0)) -> 8 | AU9: =IF($A9="","",RANK(AS9,$AS$5:$AS$64,1)) -> 1
A10: =IF(COUNTA(Watchlist!$A$10)=0,"",Watchlist!$A$10) -> شستا | B10: =IF($A10="","",IFERROR(MATCH($A10,Data_Input!$A$1:$A$5000,0),"")) -> 10 | C10: =IF($A10="","",IFERROR(MATCH($A10,Daily_History!$AN$1:$AN$5000,0),"")) -> 1564 | D10: =IF($A10="","",IFERROR(INDEX(Data_Input!$I$1:$I$5000,$B10),"")) -> 2007 | E10: =IF($A10="","",IFERROR(INDEX(Data_Input!$J$1:$J$5000,$B10),"")) -> 1999 | F10: =IF($A10="","",IFERROR(INDEX(Data_Input!$M$1:$M$5000,$B10),"")) -> 0.0060392552 | G10: =IF($A10="","",IFERROR(INDEX(Data_Input!$R$1:$R$5000,$B10)/1000000000,"")) -> 140.56921 | H10: =IF($A10="","",IFERROR(INDEX(Daily_History!$V$1:$V$5000,$C10),"")) -> 1967.35 | I10: =IF($A10="","",IFERROR(INDEX(Daily_History!$W$1:$W$5000,$C10),"")) -> 1846.34 | J10: =IF($A10="","",IFERROR(INDEX(Daily_History!$X$1:$X$5000,$C10),"")) -> 1722.72 | K10: =IF($A10="","",IFERROR(INDEX(Daily_History!$Y$1:$Y$5000,$C10),"")) -> 1655.275 | L10: =IF($A10="","",IFERROR($D10/$I10-1,"")) -> 0.087015393 | M10: =IF($A10="","",IFERROR($D10/$K10-1,"")) -> 0.21248735 | N10: =IF($A10="","",IF(D10>H10,1,0)+IF(D10>I10,1,0)+IF(D10>J10,1,0)+IF(D10>K10,1,0)) -> 4 | O10: =IF($A10="","",IF(AND(ISNUMBER(H10),ISNUMBER(K10)),IF(AND(H10>I10,I10>J10,J10>K10),"آرایش صعودی کامل",IF(AND(H10<I10,I10<J10,J10<K10),"آرایش نزولی کامل",IF(I10>K10,"تقاطع طلایی","تقاطع مرگ"))),"داده ناکافی")) -> آرایش صعودی کامل | P10: =IF($A10="","",IFERROR(H10/INDEX(Daily_History!$V$1:$V$5000,$C10-MA_SHORT)-1,"")) -> 0.061768039 | Q10: =IF($A10="","",IFERROR(INDEX(Daily_History!$AI$1:$AI$5000,$C10),"")) -> 2087 | R10: =IF($A10="","",IFERROR(INDEX(Daily_History!$AJ$1:$AJ$5000,$C10),"")) -> 1876 | S10: =IF($A10="","",IFERROR(INDEX(Daily_History!$AK$1:$AK$5000,$C10),"")) -> 2087 | T10: =IF($A10="","",IFERROR(INDEX(Daily_History!$AL$1:$AL$5000,$C10),"")) -> 1447 | U10: =IF($A10="","",IF(AND(ISNUMBER(S10),ISNUMBER(D10)),IF(D10>=S10*0.995,"سقف‌شکنی میان‌مدت (HH)",IF(D10>=Q10*0.995,"سقف‌شکنی کوتاه‌مدت",IF(D10<=T10*1.005,"کف‌شکنی میان‌مدت (LL)",IF(D10<=R10*1.005,"کف‌شکنی کوتاه‌مدت","درون محدوده")))),"داده ناکافی")) -> درون محدوده | V10: =IF($A10="","",IFERROR(INDEX(Daily_History!$AB$1:$AB$5000,$C10),"")) -> 78.428571 | W10: =IF($A10="","",IFERROR(V10/D10,"")) -> 0.039077514 | X10: =IF($A10="","",IFERROR(D10-ATR_STOP_MULT*V10,"")) -> 1850.1429 | Y10: =IF($A10="","",IFERROR(INDEX(Daily_History!$Z$1:$Z$5000,$C10),"")) -> 95114268 | Z10: =IF($A10="","",IFERROR(INDEX(Data_Input!$Q$1:$Q$5000,$B10),"")) -> 70319763 | AA10: =IF($A10="","",IFERROR(Z10/Y10,"")) -> 0.73931876 | AB10: =IF($A10="","",IFERROR(INDEX(Data_Input!$V$1:$V$5000,$B10)-INDEX(Data_Input!$W$1:$W$5000,$B10),"")) -> 7945942 | AC10: =IF($A10="","",IFERROR(AB10*E10/1000000000,"")) -> 15.883938 | AD10: =IF($A10="","",IFERROR(AB10*E10/INDEX(Data_Input!$R$1:$R$5000,$B10),"")) -> 0.11299728 | AE10: =IF($A10="","",IFERROR(INDEX(Data_Input!$V$1:$V$5000,$B10)*E10/INDEX(Data_Input!$X$1:$X$5000,$B10)/1000000,"")) -> 44.360912 | AF10: =IF($A10="","",IFERROR(INDEX(Data_Input!$W$1:$W$5000,$B10)*E10/INDEX(Data_Input!$Y$1:$Y$5000,$B10)/1000000,"")) -> 28.638857 | AG10: =IF($A10="","",IFERROR(AE10/AF10,"")) -> 1.5489763 | AH10: =IF($A10="","",IFERROR(INDEX(Daily_History!$AH$1:$AH$5000,$C10)/1000000000,"")) -> 69.090278 | AI10: =IF($A10="","",IFERROR(AH10/(5*G10),"")) -> 0.09830073 | AJ10: =IF($A10="","",IFERROR(MAX(-10,MIN(10,IF(D10>I10*1.02,3,IF(D10>I10,1.5,IF(D10<I10*0.98,-3,-1.5)))+IF(I10>K10*1.02,3,IF(I10>K10,1.5,IF(I10<K10*0.98,-3,-1.5)))+IF(D10>=Q10*0.995,2,IF(D10<=R10*1.005,-2,0))+IF(P10>0.03,2,IF(P10>0,1,IF(P10<-0.03,-2,-1))))),0)) -> 8 | AK10: =IF($A10="","",IFERROR(MAX(-10,MIN(10,IF(AG10>=SM_STRONG,4,IF(AG10>=SM_MOD,2,IF(AG10<=SM_BAD,-4,IF(AG10<=SM_WEAK,-2,0))))+IF(AD10>=NF_STRONG,3,IF(AD10>=NF_MOD,1.5,IF(AD10<=-NF_STRONG,-3,IF(AD10<=-NF_MOD,-1.5,0))))+IF(AI10>=NF_MOD,3,IF(AI10>0,1.5,IF(AI10<=-NF_MOD,-3,-1.5))))),0)) -> 8.5 | AL10: =IF($A10="","",IFERROR(N10*5-10,0)) -> 10 | AM10: =IF($A10="","",IFERROR(IF(F10>0,IF(AA10>=VOL_HIGH,9,IF(AA10>=VOL_MOD,5,IF(AA10<=VOL_DRY,-2,2))),IF(F10<0,IF(AA10>=VOL_HIGH,-9,IF(AA10>=VOL_MOD,-5,IF(AA10<=VOL_DRY,2,-2))),0)),0)) -> 2 | AN10: =IF($A10="","",MARKET_SCORE) -> -7 | AO10: =IF($A10="","",IFERROR(INDEX(Time_Link!$B$1:$B$5000,MATCH($A10,Time_Link!$A$1:$A$5000,0)),0)) -> 0 | AP10: =IF($A10="","",IFERROR((AJ10*W_TREND+AK10*W_SMART+AL10*W_MA+AM10*W_VOL+AN10*W_MARKET+AO10*W_TIME)/W_SUM,0)) -> 6.35 | AQ10: =IF($A10="","",IF(ABS(AP10)>=8,5,IF(ABS(AP10)>=5,4,IF(ABS(AP10)>=3,3,IF(ABS(AP10)>=1.5,2,1))))) -> 4 | AR10: =IF($A10="","",IF(G10="","بدون داده",IF(G10<MIN_LIQ_B,"کم‌اعتبار","معتبر"))) -> معتبر | AS10: =IF($A10="","",IFERROR(AP10+ROW()/1000000,-99)) -> 6.35001 | AT10: =IF($A10="","",RANK(AS10,$AS$5:$AS$64,0)) -> 1 | AU10: =IF($A10="","",RANK(AS10,$AS$5:$AS$64,1)) -> 8
A11: =IF(COUNTA(Watchlist!$A$11)=0,"",Watchlist!$A$11) -> اخابر | B11: =IF($A11="","",IFERROR(MATCH($A11,Data_Input!$A$1:$A$5000,0),"")) -> 11 | C11: =IF($A11="","",IFERROR(MATCH($A11,Daily_History!$AN$1:$AN$5000,0),"")) -> 1824 | D11: =IF($A11="","",IFERROR(INDEX(Data_Input!$I$1:$I$5000,$B11),"")) -> 1194 | E11: =IF($A11="","",IFERROR(INDEX(Data_Input!$J$1:$J$5000,$B11),"")) -> 1230 | F11: =IF($A11="","",IFERROR(INDEX(Data_Input!$M$1:$M$5000,$B11),"")) -> 0.013179572 | G11: =IF($A11="","",IFERROR(INDEX(Data_Input!$R$1:$R$5000,$B11)/1000000000,"")) -> 104.29056 | H11: =IF($A11="","",IFERROR(INDEX(Daily_History!$V$1:$V$5000,$C11),"")) -> 1189.35 | I11: =IF($A11="","",IFERROR(INDEX(Daily_History!$W$1:$W$5000,$C11),"")) -> 1167.38 | J11: =IF($A11="","",IFERROR(INDEX(Daily_History!$X$1:$X$5000,$C11),"")) -> 1185.02 | K11: =IF($A11="","",IFERROR(INDEX(Daily_History!$Y$1:$Y$5000,$C11),"")) -> 1461.31 | L11: =IF($A11="","",IFERROR($D11/$I11-1,"")) -> 0.0228032 | M11: =IF($A11="","",IFERROR($D11/$K11-1,"")) -> -0.18292491 | N11: =IF($A11="","",IF(D11>H11,1,0)+IF(D11>I11,1,0)+IF(D11>J11,1,0)+IF(D11>K11,1,0)) -> 3 | O11: =IF($A11="","",IF(AND(ISNUMBER(H11),ISNUMBER(K11)),IF(AND(H11>I11,I11>J11,J11>K11),"آرایش صعودی کامل",IF(AND(H11<I11,I11<J11,J11<K11),"آرایش نزولی کامل",IF(I11>K11,"تقاطع طلایی","تقاطع مرگ"))),"داده ناکافی")) -> تقاطع مرگ | P11: =IF($A11="","",IFERROR(H11/INDEX(Daily_History!$V$1:$V$5000,$C11-MA_SHORT)-1,"")) -> 0.039596171 | Q11: =IF($A11="","",IFERROR(INDEX(Daily_History!$AI$1:$AI$5000,$C11),"")) -> 1270 | R11: =IF($A11="","",IFERROR(INDEX(Daily_History!$AJ$1:$AJ$5000,$C11),"")) -> 1089 | S11: =IF($A11="","",IFERROR(INDEX(Daily_History!$AK$1:$AK$5000,$C11),"")) -> 1270 | T11: =IF($A11="","",IFERROR(INDEX(Daily_History!$AL$1:$AL$5000,$C11),"")) -> 1071 | U11: =IF($A11="","",IF(AND(ISNUMBER(S11),ISNUMBER(D11)),IF(D11>=S11*0.995,"سقف‌شکنی میان‌مدت (HH)",IF(D11>=Q11*0.995,"سقف‌شکنی کوتاه‌مدت",IF(D11<=T11*1.005,"کف‌شکنی میان‌مدت (LL)",IF(D11<=R11*1.005,"کف‌شکنی کوتاه‌مدت","درون محدوده")))),"داده ناکافی")) -> درون محدوده | V11: =IF($A11="","",IFERROR(INDEX(Daily_History!$AB$1:$AB$5000,$C11),"")) -> 38.071429 | W11: =IF($A11="","",IFERROR(V11/D11,"")) -> 0.031885619 | X11: =IF($A11="","",IFERROR(D11-ATR_STOP_MULT*V11,"")) -> 1117.8571 | Y11: =IF($A11="","",IFERROR(INDEX(Daily_History!$Z$1:$Z$5000,$C11),"")) -> 97329508 | Z11: =IF($A11="","",IFERROR(INDEX(Data_Input!$Q$1:$Q$5000,$B11),"")) -> 84789071 | AA11: =IF($A11="","",IFERROR(Z11/Y11,"")) -> 0.87115483 | AB11: =IF($A11="","",IFERROR(INDEX(Data_Input!$V$1:$V$5000,$B11)-INDEX(Data_Input!$W$1:$W$5000,$B11),"")) -> 26954599 | AC11: =IF($A11="","",IFERROR(AB11*E11/1000000000,"")) -> 33.154157 | AD11: =IF($A11="","",IFERROR(AB11*E11/INDEX(Data_Input!$R$1:$R$5000,$B11),"")) -> 0.31790181 | AE11: =IF($A11="","",IFERROR(INDEX(Data_Input!$V$1:$V$5000,$B11)*E11/INDEX(Data_Input!$X$1:$X$5000,$B11)/1000000,"")) -> 45.818141 | AF11: =IF($A11="","",IFERROR(INDEX(Data_Input!$W$1:$W$5000,$B11)*E11/INDEX(Data_Input!$Y$1:$Y$5000,$B11)/1000000,"")) -> 26.50715 | AG11: =IF($A11="","",IFERROR(AE11/AF11,"")) -> 1.7285201 | AH11: =IF($A11="","",IFERROR(INDEX(Daily_History!$AH$1:$AH$5000,$C11)/1000000000,"")) -> 31.831994 | AI11: =IF($A11="","",IFERROR(AH11/(5*G11),"")) -> 0.061044824 | AJ11: =IF($A11="","",IFERROR(MAX(-10,MIN(10,IF(D11>I11*1.02,3,IF(D11>I11,1.5,IF(D11<I11*0.98,-3,-1.5)))+IF(I11>K11*1.02,3,IF(I11>K11,1.5,IF(I11<K11*0.98,-3,-1.5)))+IF(D11>=Q11*0.995,2,IF(D11<=R11*1.005,-2,0))+IF(P11>0.03,2,IF(P11>0,1,IF(P11<-0.03,-2,-1))))),0)) -> 2 | AK11: =IF($A11="","",IFERROR(MAX(-10,MIN(10,IF(AG11>=SM_STRONG,4,IF(AG11>=SM_MOD,2,IF(AG11<=SM_BAD,-4,IF(AG11<=SM_WEAK,-2,0))))+IF(AD11>=NF_STRONG,3,IF(AD11>=NF_MOD,1.5,IF(AD11<=-NF_STRONG,-3,IF(AD11<=-NF_MOD,-1.5,0))))+IF(AI11>=NF_MOD,3,IF(AI11>0,1.5,IF(AI11<=-NF_MOD,-3,-1.5))))),0)) -> 10 | AL11: =IF($A11="","",IFERROR(N11*5-10,0)) -> 5 | AM11: =IF($A11="","",IFERROR(IF(F11>0,IF(AA11>=VOL_HIGH,9,IF(AA11>=VOL_MOD,5,IF(AA11<=VOL_DRY,-2,2))),IF(F11<0,IF(AA11>=VOL_HIGH,-9,IF(AA11>=VOL_MOD,-5,IF(AA11<=VOL_DRY,2,-2))),0)),0)) -> 2 | AN11: =IF($A11="","",MARKET_SCORE) -> -7 | AO11: =IF($A11="","",IFERROR(INDEX(Time_Link!$B$1:$B$5000,MATCH($A11,Time_Link!$A$1:$A$5000,0)),0)) -> 0 | AP11: =IF($A11="","",IFERROR((AJ11*W_TREND+AK11*W_SMART+AL11*W_MA+AM11*W_VOL+AN11*W_MARKET+AO11*W_TIME)/W_SUM,0)) -> 3.95 | AQ11: =IF($A11="","",IF(ABS(AP11)>=8,5,IF(ABS(AP11)>=5,4,IF(ABS(AP11)>=3,3,IF(ABS(AP11)>=1.5,2,1))))) -> 3 | AR11: =IF($A11="","",IF(G11="","بدون داده",IF(G11<MIN_LIQ_B,"کم‌اعتبار","معتبر"))) -> معتبر | AS11: =IF($A11="","",IFERROR(AP11+ROW()/1000000,-99)) -> 3.950011 | AT11: =IF($A11="","",RANK(AS11,$AS$5:$AS$64,0)) -> 2 | AU11: =IF($A11="","",RANK(AS11,$AS$5:$AS$64,1)) -> 7
A12: =IF(COUNTA(Watchlist!$A$12)=0,"",Watchlist!$A$12) -> كگل | B12: =IF($A12="","",IFERROR(MATCH($A12,Data_Input!$A$1:$A$5000,0),"")) -> 12 | C12: =IF($A12="","",IFERROR(MATCH($A12,Daily_History!$AN$1:$AN$5000,0),"")) -> 2084 | D12: =IF($A12="","",IFERROR(INDEX(Data_Input!$I$1:$I$5000,$B12),"")) -> 11194 | E12: =IF($A12="","",IFERROR(INDEX(Data_Input!$J$1:$J$5000,$B12),"")) -> 11057 | F12: =IF($A12="","",IFERROR(INDEX(Data_Input!$M$1:$M$5000,$B12),"")) -> -0.018377131 | G12: =IF($A12="","",IFERROR(INDEX(Data_Input!$R$1:$R$5000,$B12)/1000000000,"")) -> 1094.8827 | H12: =IF($A12="","",IFERROR(INDEX(Daily_History!$V$1:$V$5000,$C12),"")) -> 11445.8 | I12: =IF($A12="","",IFERROR(INDEX(Daily_History!$W$1:$W$5000,$C12),"")) -> 12111.18 | J12: =IF($A12="","",IFERROR(INDEX(Daily_History!$X$1:$X$5000,$C12),"")) -> 13481.26 | K12: =IF($A12="","",IFERROR(INDEX(Daily_History!$Y$1:$Y$5000,$C12),"")) -> 13315.27 | L12: =IF($A12="","",IFERROR($D12/$I12-1,"")) -> -0.075730028 | M12: =IF($A12="","",IFERROR($D12/$K12-1,"")) -> -0.15931108 | N12: =IF($A12="","",IF(D12>H12,1,0)+IF(D12>I12,1,0)+IF(D12>J12,1,0)+IF(D12>K12,1,0)) -> 0 | O12: =IF($A12="","",IF(AND(ISNUMBER(H12),ISNUMBER(K12)),IF(AND(H12>I12,I12>J12,J12>K12),"آرایش صعودی کامل",IF(AND(H12<I12,I12<J12,J12<K12),"آرایش نزولی کامل",IF(I12>K12,"تقاطع طلایی","تقاطع مرگ"))),"داده ناکافی")) -> تقاطع مرگ | P12: =IF($A12="","",IFERROR(H12/INDEX(Daily_History!$V$1:$V$5000,$C12-MA_SHORT)-1,"")) -> -0.060587656 | Q12: =IF($A12="","",IFERROR(INDEX(Daily_History!$AI$1:$AI$5000,$C12),"")) -> 11906 | R12: =IF($A12="","",IFERROR(INDEX(Daily_History!$AJ$1:$AJ$5000,$C12),"")) -> 11001 | S12: =IF($A12="","",IFERROR(INDEX(Daily_History!$AK$1:$AK$5000,$C12),"")) -> 15439 | T12: =IF($A12="","",IFERROR(INDEX(Daily_History!$AL$1:$AL$5000,$C12),"")) -> 11001 | U12: =IF($A12="","",IF(AND(ISNUMBER(S12),ISNUMBER(D12)),IF(D12>=S12*0.995,"سقف‌شکنی میان‌مدت (HH)",IF(D12>=Q12*0.995,"سقف‌شکنی کوتاه‌مدت",IF(D12<=T12*1.005,"کف‌شکنی میان‌مدت (LL)",IF(D12<=R12*1.005,"کف‌شکنی کوتاه‌مدت","درون محدوده")))),"داده ناکافی")) -> درون محدوده | V12: =IF($A12="","",IFERROR(INDEX(Daily_History!$AB$1:$AB$5000,$C12),"")) -> 329.85714 | W12: =IF($A12="","",IFERROR(V12/D12,"")) -> 0.029467317 | X12: =IF($A12="","",IFERROR(D12-ATR_STOP_MULT*V12,"")) -> 10534.286 | Y12: =IF($A12="","",IFERROR(INDEX(Daily_History!$Z$1:$Z$5000,$C12),"")) -> 99819958 | Z12: =IF($A12="","",IFERROR(INDEX(Data_Input!$Q$1:$Q$5000,$B12),"")) -> 99021680 | AA12: =IF($A12="","",IFERROR(Z12/Y12,"")) -> 0.99200282 | AB12: =IF($A12="","",IFERROR(INDEX(Data_Input!$V$1:$V$5000,$B12)-INDEX(Data_Input!$W$1:$W$5000,$B12),"")) -> 24365120 | AC12: =IF($A12="","",IFERROR(AB12*E12/1000000000,"")) -> 269.40513 | AD12: =IF($A12="","",IFERROR(AB12*E12/INDEX(Data_Input!$R$1:$R$5000,$B12),"")) -> 0.24605844 | AE12: =IF($A12="","",IFERROR(INDEX(Data_Input!$V$1:$V$5000,$B12)*E12/INDEX(Data_Input!$X$1:$X$5000,$B12)/1000000,"")) -> 177.3897 | AF12: =IF($A12="","",IFERROR(INDEX(Data_Input!$W$1:$W$5000,$B12)*E12/INDEX(Data_Input!$Y$1:$Y$5000,$B12)/1000000,"")) -> 271.47205 | AG12: =IF($A12="","",IFERROR(AE12/AF12,"")) -> 0.65343634 | AH12: =IF($A12="","",IFERROR(INDEX(Daily_History!$AH$1:$AH$5000,$C12)/1000000000,"")) -> 1177.388 | AI12: =IF($A12="","",IFERROR(AH12/(5*G12),"")) -> 0.21507107 | AJ12: =IF($A12="","",IFERROR(MAX(-10,MIN(10,IF(D12>I12*1.02,3,IF(D12>I12,1.5,IF(D12<I12*0.98,-3,-1.5)))+IF(I12>K12*1.02,3,IF(I12>K12,1.5,IF(I12<K12*0.98,-3,-1.5)))+IF(D12>=Q12*0.995,2,IF(D12<=R12*1.005,-2,0))+IF(P12>0.03,2,IF(P12>0,1,IF(P12<-0.03,-2,-1))))),0)) -> -8 | AK12: =IF($A12="","",IFERROR(MAX(-10,MIN(10,IF(AG12>=SM_STRONG,4,IF(AG12>=SM_MOD,2,IF(AG12<=SM_BAD,-4,IF(AG12<=SM_WEAK,-2,0))))+IF(AD12>=NF_STRONG,3,IF(AD12>=NF_MOD,1.5,IF(AD12<=-NF_STRONG,-3,IF(AD12<=-NF_MOD,-1.5,0))))+IF(AI12>=NF_MOD,3,IF(AI12>0,1.5,IF(AI12<=-NF_MOD,-3,-1.5))))),0)) -> 4 | AL12: =IF($A12="","",IFERROR(N12*5-10,0)) -> -10 | AM12: =IF($A12="","",IFERROR(IF(F12>0,IF(AA12>=VOL_HIGH,9,IF(AA12>=VOL_MOD,5,IF(AA12<=VOL_DRY,-2,2))),IF(F12<0,IF(AA12>=VOL_HIGH,-9,IF(AA12>=VOL_MOD,-5,IF(AA12<=VOL_DRY,2,-2))),0)),0)) -> -2 | AN12: =IF($A12="","",MARKET_SCORE) -> -7 | AO12: =IF($A12="","",IFERROR(INDEX(Time_Link!$B$1:$B$5000,MATCH($A12,Time_Link!$A$1:$A$5000,0)),0)) -> 0 | AP12: =IF($A12="","",IFERROR((AJ12*W_TREND+AK12*W_SMART+AL12*W_MA+AM12*W_VOL+AN12*W_MARKET+AO12*W_TIME)/W_SUM,0)) -> -4 | AQ12: =IF($A12="","",IF(ABS(AP12)>=8,5,IF(ABS(AP12)>=5,4,IF(ABS(AP12)>=3,3,IF(ABS(AP12)>=1.5,2,1))))) -> 3 | AR12: =IF($A12="","",IF(G12="","بدون داده",IF(G12<MIN_LIQ_B,"کم‌اعتبار","معتبر"))) -> معتبر | AS12: =IF($A12="","",IFERROR(AP12+ROW()/1000000,-99)) -> -3.999988 | AT12: =IF($A12="","",RANK(AS12,$AS$5:$AS$64,0)) -> 5 | AU12: =IF($A12="","",RANK(AS12,$AS$5:$AS$64,1)) -> 4
A13: =IF(COUNTA(Watchlist!$A$13)=0,"",Watchlist!$A$13) | B13: =IF($A13="","",IFERROR(MATCH($A13,Data_Input!$A$1:$A$5000,0),"")) | C13: =IF($A13="","",IFERROR(MATCH($A13,Daily_History!$AN$1:$AN$5000,0),"")) | D13: =IF($A13="","",IFERROR(INDEX(Data_Input!$I$1:$I$5000,$B13),"")) | E13: =IF($A13="","",IFERROR(INDEX(Data_Input!$J$1:$J$5000,$B13),"")) | F13: =IF($A13="","",IFERROR(INDEX(Data_Input!$M$1:$M$5000,$B13),"")) | G13: =IF($A13="","",IFERROR(INDEX(Data_Input!$R$1:$R$5000,$B13)/1000000000,"")) | H13: =IF($A13="","",IFERROR(INDEX(Daily_History!$V$1:$V$5000,$C13),"")) | I13: =IF($A13="","",IFERROR(INDEX(Daily_History!$W$1:$W$5000,$C13),"")) | J13: =IF($A13="","",IFERROR(INDEX(Daily_History!$X$1:$X$5000,$C13),"")) | K13: =IF($A13="","",IFERROR(INDEX(Daily_History!$Y$1:$Y$5000,$C13),"")) | L13: =IF($A13="","",IFERROR($D13/$I13-1,"")) | M13: =IF($A13="","",IFERROR($D13/$K13-1,"")) | N13: =IF($A13="","",IF(D13>H13,1,0)+IF(D13>I13,1,0)+IF(D13>J13,1,0)+IF(D13>K13,1,0)) | O13: =IF($A13="","",IF(AND(ISNUMBER(H13),ISNUMBER(K13)),IF(AND(H13>I13,I13>J13,J13>K13),"آرایش صعودی کامل",IF(AND(H13<I13,I13<J13,J13<K13),"آرایش نزولی کامل",IF(I13>K13,"تقاطع طلایی","تقاطع مرگ"))),"داده ناکافی")) | P13: =IF($A13="","",IFERROR(H13/INDEX(Daily_History!$V$1:$V$5000,$C13-MA_SHORT)-1,"")) | Q13: =IF($A13="","",IFERROR(INDEX(Daily_History!$AI$1:$AI$5000,$C13),"")) | R13: =IF($A13="","",IFERROR(INDEX(Daily_History!$AJ$1:$AJ$5000,$C13),"")) | S13: =IF($A13="","",IFERROR(INDEX(Daily_History!$AK$1:$AK$5000,$C13),"")) | T13: =IF($A13="","",IFERROR(INDEX(Daily_History!$AL$1:$AL$5000,$C13),"")) | U13: =IF($A13="","",IF(AND(ISNUMBER(S13),ISNUMBER(D13)),IF(D13>=S13*0.995,"سقف‌شکنی میان‌مدت (HH)",IF(D13>=Q13*0.995,"سقف‌شکنی کوتاه‌مدت",IF(D13<=T13*1.005,"کف‌شکنی میان‌مدت (LL)",IF(D13<=R13*1.005,"کف‌شکنی کوتاه‌مدت","درون محدوده")))),"داده ناکافی")) | V13: =IF($A13="","",IFERROR(INDEX(Daily_History!$AB$1:$AB$5000,$C13),"")) | W13: =IF($A13="","",IFERROR(V13/D13,"")) | X13: =IF($A13="","",IFERROR(D13-ATR_STOP_MULT*V13,"")) | Y13: =IF($A13="","",IFERROR(INDEX(Daily_History!$Z$1:$Z$5000,$C13),"")) | Z13: =IF($A13="","",IFERROR(INDEX(Data_Input!$Q$1:$Q$5000,$B13),"")) | AA13: =IF($A13="","",IFERROR(Z13/Y13,"")) | AB13: =IF($A13="","",IFERROR(INDEX(Data_Input!$V$1:$V$5000,$B13)-INDEX(Data_Input!$W$1:$W$5000,$B13),"")) | AC13: =IF($A13="","",IFERROR(AB13*E13/1000000000,"")) | AD13: =IF($A13="","",IFERROR(AB13*E13/INDEX(Data_Input!$R$1:$R$5000,$B13),"")) | AE13: =IF($A13="","",IFERROR(INDEX(Data_Input!$V$1:$V$5000,$B13)*E13/INDEX(Data_Input!$X$1:$X$5000,$B13)/1000000,"")) | AF13: =IF($A13="","",IFERROR(INDEX(Data_Input!$W$1:$W$5000,$B13)*E13/INDEX(Data_Input!$Y$1:$Y$5000,$B13)/1000000,"")) | AG13: =IF($A13="","",IFERROR(AE13/AF13,"")) | AH13: =IF($A13="","",IFERROR(INDEX(Daily_History!$AH$1:$AH$5000,$C13)/1000000000,"")) | AI13: =IF($A13="","",IFERROR(AH13/(5*G13),"")) | AJ13: =IF($A13="","",IFERROR(MAX(-10,MIN(10,IF(D13>I13*1.02,3,IF(D13>I13,1.5,IF(D13<I13*0.98,-3,-1.5)))+IF(I13>K13*1.02,3,IF(I13>K13,1.5,IF(I13<K13*0.98,-3,-1.5)))+IF(D13>=Q13*0.995,2,IF(D13<=R13*1.005,-2,0))+IF(P13>0.03,2,IF(P13>0,1,IF(P13<-0.03,-2,-1))))),0)) | AK13: =IF($A13="","",IFERROR(MAX(-10,MIN(10,IF(AG13>=SM_STRONG,4,IF(AG13>=SM_MOD,2,IF(AG13<=SM_BAD,-4,IF(AG13<=SM_WEAK,-2,0))))+IF(AD13>=NF_STRONG,3,IF(AD13>=NF_MOD,1.5,IF(AD13<=-NF_STRONG,-3,IF(AD13<=-NF_MOD,-1.5,0))))+IF(AI13>=NF_MOD,3,IF(AI13>0,1.5,IF(AI13<=-NF_MOD,-3,-1.5))))),0)) | AL13: =IF($A13="","",IFERROR(N13*5-10,0)) | AM13: =IF($A13="","",IFERROR(IF(F13>0,IF(AA13>=VOL_HIGH,9,IF(AA13>=VOL_MOD,5,IF(AA13<=VOL_DRY,-2,2))),IF(F13<0,IF(AA13>=VOL_HIGH,-9,IF(AA13>=VOL_MOD,-5,IF(AA13<=VOL_DRY,2,-2))),0)),0)) | AN13: =IF($A13="","",MARKET_SCORE) | AO13: =IF($A13="","",IFERROR(INDEX(Time_Link!$B$1:$B$5000,MATCH($A13,Time_Link!$A$1:$A$5000,0)),0)) | AP13: =IF($A13="","",IFERROR((AJ13*W_TREND+AK13*W_SMART+AL13*W_MA+AM13*W_VOL+AN13*W_MARKET+AO13*W_TIME)/W_SUM,0)) | AQ13: =IF($A13="","",IF(ABS(AP13)>=8,5,IF(ABS(AP13)>=5,4,IF(ABS(AP13)>=3,3,IF(ABS(AP13)>=1.5,2,1))))) | AR13: =IF($A13="","",IF(G13="","بدون داده",IF(G13<MIN_LIQ_B,"کم‌اعتبار","معتبر"))) | AS13: =IF($A13="","",IFERROR(AP13+ROW()/1000000,-99)) | AT13: =IF($A13="","",RANK(AS13,$AS$5:$AS$64,0)) | AU13: =IF($A13="","",RANK(AS13,$AS$5:$AS$64,1))
A14: =IF(COUNTA(Watchlist!$A$14)=0,"",Watchlist!$A$14) | B14: =IF($A14="","",IFERROR(MATCH($A14,Data_Input!$A$1:$A$5000,0),"")) | C14: =IF($A14="","",IFERROR(MATCH($A14,Daily_History!$AN$1:$AN$5000,0),"")) | D14: =IF($A14="","",IFERROR(INDEX(Data_Input!$I$1:$I$5000,$B14),"")) | E14: =IF($A14="","",IFERROR(INDEX(Data_Input!$J$1:$J$5000,$B14),"")) | F14: =IF($A14="","",IFERROR(INDEX(Data_Input!$M$1:$M$5000,$B14),"")) | G14: =IF($A14="","",IFERROR(INDEX(Data_Input!$R$1:$R$5000,$B14)/1000000000,"")) | H14: =IF($A14="","",IFERROR(INDEX(Daily_History!$V$1:$V$5000,$C14),"")) | I14: =IF($A14="","",IFERROR(INDEX(Daily_History!$W$1:$W$5000,$C14),"")) | J14: =IF($A14="","",IFERROR(INDEX(Daily_History!$X$1:$X$5000,$C14),"")) | K14: =IF($A14="","",IFERROR(INDEX(Daily_History!$Y$1:$Y$5000,$C14),"")) | L14: =IF($A14="","",IFERROR($D14/$I14-1,"")) | M14: =IF($A14="","",IFERROR($D14/$K14-1,"")) | N14: =IF($A14="","",IF(D14>H14,1,0)+IF(D14>I14,1,0)+IF(D14>J14,1,0)+IF(D14>K14,1,0)) | O14: =IF($A14="","",IF(AND(ISNUMBER(H14),ISNUMBER(K14)),IF(AND(H14>I14,I14>J14,J14>K14),"آرایش صعودی کامل",IF(AND(H14<I14,I14<J14,J14<K14),"آرایش نزولی کامل",IF(I14>K14,"تقاطع طلایی","تقاطع مرگ"))),"داده ناکافی")) | P14: =IF($A14="","",IFERROR(H14/INDEX(Daily_History!$V$1:$V$5000,$C14-MA_SHORT)-1,"")) | Q14: =IF($A14="","",IFERROR(INDEX(Daily_History!$AI$1:$AI$5000,$C14),"")) | R14: =IF($A14="","",IFERROR(INDEX(Daily_History!$AJ$1:$AJ$5000,$C14),"")) | S14: =IF($A14="","",IFERROR(INDEX(Daily_History!$AK$1:$AK$5000,$C14),"")) | T14: =IF($A14="","",IFERROR(INDEX(Daily_History!$AL$1:$AL$5000,$C14),"")) | U14: =IF($A14="","",IF(AND(ISNUMBER(S14),ISNUMBER(D14)),IF(D14>=S14*0.995,"سقف‌شکنی میان‌مدت (HH)",IF(D14>=Q14*0.995,"سقف‌شکنی کوتاه‌مدت",IF(D14<=T14*1.005,"کف‌شکنی میان‌مدت (LL)",IF(D14<=R14*1.005,"کف‌شکنی کوتاه‌مدت","درون محدوده")))),"داده ناکافی")) | V14: =IF($A14="","",IFERROR(INDEX(Daily_History!$AB$1:$AB$5000,$C14),"")) | W14: =IF($A14="","",IFERROR(V14/D14,"")) | X14: =IF($A14="","",IFERROR(D14-ATR_STOP_MULT*V14,"")) | Y14: =IF($A14="","",IFERROR(INDEX(Daily_History!$Z$1:$Z$5000,$C14),"")) | Z14: =IF($A14="","",IFERROR(INDEX(Data_Input!$Q$1:$Q$5000,$B14),"")) | AA14: =IF($A14="","",IFERROR(Z14/Y14,"")) | AB14: =IF($A14="","",IFERROR(INDEX(Data_Input!$V$1:$V$5000,$B14)-INDEX(Data_Input!$W$1:$W$5000,$B14),"")) | AC14: =IF($A14="","",IFERROR(AB14*E14/1000000000,"")) | AD14: =IF($A14="","",IFERROR(AB14*E14/INDEX(Data_Input!$R$1:$R$5000,$B14),"")) | AE14: =IF($A14="","",IFERROR(INDEX(Data_Input!$V$1:$V$5000,$B14)*E14/INDEX(Data_Input!$X$1:$X$5000,$B14)/1000000,"")) | AF14: =IF($A14="","",IFERROR(INDEX(Data_Input!$W$1:$W$5000,$B14)*E14/INDEX(Data_Input!$Y$1:$Y$5000,$B14)/1000000,"")) | AG14: =IF($A14="","",IFERROR(AE14/AF14,"")) | AH14: =IF($A14="","",IFERROR(INDEX(Daily_History!$AH$1:$AH$5000,$C14)/1000000000,"")) | AI14: =IF($A14="","",IFERROR(AH14/(5*G14),"")) | AJ14: =IF($A14="","",IFERROR(MAX(-10,MIN(10,IF(D14>I14*1.02,3,IF(D14>I14,1.5,IF(D14<I14*0.98,-3,-1.5)))+IF(I14>K14*1.02,3,IF(I14>K14,1.5,IF(I14<K14*0.98,-3,-1.5)))+IF(D14>=Q14*0.995,2,IF(D14<=R14*1.005,-2,0))+IF(P14>0.03,2,IF(P14>0,1,IF(P14<-0.03,-2,-1))))),0)) | AK14: =IF($A14="","",IFERROR(MAX(-10,MIN(10,IF(AG14>=SM_STRONG,4,IF(AG14>=SM_MOD,2,IF(AG14<=SM_BAD,-4,IF(AG14<=SM_WEAK,-2,0))))+IF(AD14>=NF_STRONG,3,IF(AD14>=NF_MOD,1.5,IF(AD14<=-NF_STRONG,-3,IF(AD14<=-NF_MOD,-1.5,0))))+IF(AI14>=NF_MOD,3,IF(AI14>0,1.5,IF(AI14<=-NF_MOD,-3,-1.5))))),0)) | AL14: =IF($A14="","",IFERROR(N14*5-10,0)) | AM14: =IF($A14="","",IFERROR(IF(F14>0,IF(AA14>=VOL_HIGH,9,IF(AA14>=VOL_MOD,5,IF(AA14<=VOL_DRY,-2,2))),IF(F14<0,IF(AA14>=VOL_HIGH,-9,IF(AA14>=VOL_MOD,-5,IF(AA14<=VOL_DRY,2,-2))),0)),0)) | AN14: =IF($A14="","",MARKET_SCORE) | AO14: =IF($A14="","",IFERROR(INDEX(Time_Link!$B$1:$B$5000,MATCH($A14,Time_Link!$A$1:$A$5000,0)),0)) | AP14: =IF($A14="","",IFERROR((AJ14*W_TREND+AK14*W_SMART+AL14*W_MA+AM14*W_VOL+AN14*W_MARKET+AO14*W_TIME)/W_SUM,0)) | AQ14: =IF($A14="","",IF(ABS(AP14)>=8,5,IF(ABS(AP14)>=5,4,IF(ABS(AP14)>=3,3,IF(ABS(AP14)>=1.5,2,1))))) | AR14: =IF($A14="","",IF(G14="","بدون داده",IF(G14<MIN_LIQ_B,"کم‌اعتبار","معتبر"))) | AS14: =IF($A14="","",IFERROR(AP14+ROW()/1000000,-99)) | AT14: =IF($A14="","",RANK(AS14,$AS$5:$AS$64,0)) | AU14: =IF($A14="","",RANK(AS14,$AS$5:$AS$64,1))
A15: =IF(COUNTA(Watchlist!$A$15)=0,"",Watchlist!$A$15) | B15: =IF($A15="","",IFERROR(MATCH($A15,Data_Input!$A$1:$A$5000,0),"")) | C15: =IF($A15="","",IFERROR(MATCH($A15,Daily_History!$AN$1:$AN$5000,0),"")) | D15: =IF($A15="","",IFERROR(INDEX(Data_Input!$I$1:$I$5000,$B15),"")) | E15: =IF($A15="","",IFERROR(INDEX(Data_Input!$J$1:$J$5000,$B15),"")) | F15: =IF($A15="","",IFERROR(INDEX(Data_Input!$M$1:$M$5000,$B15),"")) | G15: =IF($A15="","",IFERROR(INDEX(Data_Input!$R$1:$R$5000,$B15)/1000000000,"")) | H15: =IF($A15="","",IFERROR(INDEX(Daily_History!$V$1:$V$5000,$C15),"")) | I15: =IF($A15="","",IFERROR(INDEX(Daily_History!$W$1:$W$5000,$C15),"")) | J15: =IF($A15="","",IFERROR(INDEX(Daily_History!$X$1:$X$5000,$C15),"")) | K15: =IF($A15="","",IFERROR(INDEX(Daily_History!$Y$1:$Y$5000,$C15),"")) | L15: =IF($A15="","",IFERROR($D15/$I15-1,"")) | M15: =IF($A15="","",IFERROR($D15/$K15-1,"")) | N15: =IF($A15="","",IF(D15>H15,1,0)+IF(D15>I15,1,0)+IF(D15>J15,1,0)+IF(D15>K15,1,0)) | O15: =IF($A15="","",IF(AND(ISNUMBER(H15),ISNUMBER(K15)),IF(AND(H15>I15,I15>J15,J15>K15),"آرایش صعودی کامل",IF(AND(H15<I15,I15<J15,J15<K15),"آرایش نزولی کامل",IF(I15>K15,"تقاطع طلایی","تقاطع مرگ"))),"داده ناکافی")) | P15: =IF($A15="","",IFERROR(H15/INDEX(Daily_History!$V$1:$V$5000,$C15-MA_SHORT)-1,"")) | Q15: =IF($A15="","",IFERROR(INDEX(Daily_History!$AI$1:$AI$5000,$C15),"")) | R15: =IF($A15="","",IFERROR(INDEX(Daily_History!$AJ$1:$AJ$5000,$C15),"")) | S15: =IF($A15="","",IFERROR(INDEX(Daily_History!$AK$1:$AK$5000,$C15),"")) | T15: =IF($A15="","",IFERROR(INDEX(Daily_History!$AL$1:$AL$5000,$C15),"")) | U15: =IF($A15="","",IF(AND(ISNUMBER(S15),ISNUMBER(D15)),IF(D15>=S15*0.995,"سقف‌شکنی میان‌مدت (HH)",IF(D15>=Q15*0.995,"سقف‌شکنی کوتاه‌مدت",IF(D15<=T15*1.005,"کف‌شکنی میان‌مدت (LL)",IF(D15<=R15*1.005,"کف‌شکنی کوتاه‌مدت","درون محدوده")))),"داده ناکافی")) | V15: =IF($A15="","",IFERROR(INDEX(Daily_History!$AB$1:$AB$5000,$C15),"")) | W15: =IF($A15="","",IFERROR(V15/D15,"")) | X15: =IF($A15="","",IFERROR(D15-ATR_STOP_MULT*V15,"")) | Y15: =IF($A15="","",IFERROR(INDEX(Daily_History!$Z$1:$Z$5000,$C15),"")) | Z15: =IF($A15="","",IFERROR(INDEX(Data_Input!$Q$1:$Q$5000,$B15),"")) | AA15: =IF($A15="","",IFERROR(Z15/Y15,"")) | AB15: =IF($A15="","",IFERROR(INDEX(Data_Input!$V$1:$V$5000,$B15)-INDEX(Data_Input!$W$1:$W$5000,$B15),"")) | AC15: =IF($A15="","",IFERROR(AB15*E15/1000000000,"")) | AD15: =IF($A15="","",IFERROR(AB15*E15/INDEX(Data_Input!$R$1:$R$5000,$B15),"")) | AE15: =IF($A15="","",IFERROR(INDEX(Data_Input!$V$1:$V$5000,$B15)*E15/INDEX(Data_Input!$X$1:$X$5000,$B15)/1000000,"")) | AF15: =IF($A15="","",IFERROR(INDEX(Data_Input!$W$1:$W$5000,$B15)*E15/INDEX(Data_Input!$Y$1:$Y$5000,$B15)/1000000,"")) | AG15: =IF($A15="","",IFERROR(AE15/AF15,"")) | AH15: =IF($A15="","",IFERROR(INDEX(Daily_History!$AH$1:$AH$5000,$C15)/1000000000,"")) | AI15: =IF($A15="","",IFERROR(AH15/(5*G15),"")) | AJ15: =IF($A15="","",IFERROR(MAX(-10,MIN(10,IF(D15>I15*1.02,3,IF(D15>I15,1.5,IF(D15<I15*0.98,-3,-1.5)))+IF(I15>K15*1.02,3,IF(I15>K15,1.5,IF(I15<K15*0.98,-3,-1.5)))+IF(D15>=Q15*0.995,2,IF(D15<=R15*1.005,-2,0))+IF(P15>0.03,2,IF(P15>0,1,IF(P15<-0.03,-2,-1))))),0)) | AK15: =IF($A15="","",IFERROR(MAX(-10,MIN(10,IF(AG15>=SM_STRONG,4,IF(AG15>=SM_MOD,2,IF(AG15<=SM_BAD,-4,IF(AG15<=SM_WEAK,-2,0))))+IF(AD15>=NF_STRONG,3,IF(AD15>=NF_MOD,1.5,IF(AD15<=-NF_STRONG,-3,IF(AD15<=-NF_MOD,-1.5,0))))+IF(AI15>=NF_MOD,3,IF(AI15>0,1.5,IF(AI15<=-NF_MOD,-3,-1.5))))),0)) | AL15: =IF($A15="","",IFERROR(N15*5-10,0)) | AM15: =IF($A15="","",IFERROR(IF(F15>0,IF(AA15>=VOL_HIGH,9,IF(AA15>=VOL_MOD,5,IF(AA15<=VOL_DRY,-2,2))),IF(F15<0,IF(AA15>=VOL_HIGH,-9,IF(AA15>=VOL_MOD,-5,IF(AA15<=VOL_DRY,2,-2))),0)),0)) | AN15: =IF($A15="","",MARKET_SCORE) | AO15: =IF($A15="","",IFERROR(INDEX(Time_Link!$B$1:$B$5000,MATCH($A15,Time_Link!$A$1:$A$5000,0)),0)) | AP15: =IF($A15="","",IFERROR((AJ15*W_TREND+AK15*W_SMART+AL15*W_MA+AM15*W_VOL+AN15*W_MARKET+AO15*W_TIME)/W_SUM,0)) | AQ15: =IF($A15="","",IF(ABS(AP15)>=8,5,IF(ABS(AP15)>=5,4,IF(ABS(AP15)>=3,3,IF(ABS(AP15)>=1.5,2,1))))) | AR15: =IF($A15="","",IF(G15="","بدون داده",IF(G15<MIN_LIQ_B,"کم‌اعتبار","معتبر"))) | AS15: =IF($A15="","",IFERROR(AP15+ROW()/1000000,-99)) | AT15: =IF($A15="","",RANK(AS15,$AS$5:$AS$64,0)) | AU15: =IF($A15="","",RANK(AS15,$AS$5:$AS$64,1))
